DATE,PARISH,parishdpno,COUNTY,RI,SWI,PGI,DDI,CDI
2026-08-31,ATHOL,750067,ARRAWATTA,2.8796,9.2452,7.2908,-0.0753,1
2026-08-31,CHAPMAN,750083,ARRAWATTA,3.6678,8.247,8.2304,-0.0781,1
2026-08-31,MERE,750339,BARRONA,55.2826,73.2965,73.0821,0.2037,5
2026-08-31,BOONALDOON,750427,BENARBA,15.399,23.8714,25.175,0.0059,2
2026-08-31,GIL GIL,750463,BENARBA,17.8959,19.8751,22.3158,-0.0075,2
2026-08-31,MEEI,750479,BENARBA,20.6987,25.5848,29.8513,0.0346,2
2026-08-31,HILL,750543,BERESFORD,6.2539,32.3735,39.3611,-0.3806,2
2026-08-31,BALABLA,750571,BLAND,71.371,67.6229,67.2414,0.1602,5
2026-08-31,KALLERAKAY,750797,BOOROONDARRA,58.7295,62.6514,64.7357,0.1804,5
2026-08-31,CARARBURY,750877,BOYD,28.7514,35.9976,33.2868,0.1304,3
2026-08-31,CASTLE SEMPILL,750917,BRISBANE,9.2499,17.6182,9.1976,-0.5172,2
2026-08-31,KANGAROO,751067,BULLER,25.2695,43.7283,38.9627,-0.1312,2
2026-08-31,MUSCLE,751119,BURNETT,9.8253,14.5674,15.8737,0.0011,2
2026-08-31,THE WILLOWS,751231,CAIRA,82.3082,78.5793,72.4361,0.1771,5
2026-08-31,MARENGO,751463,CLARKE,7.7416,27.8786,22.8054,-0.2011,2
2026-08-31,HARADON,751583,CLYDE,35.3492,53.055,48.2322,0.1712,4
2026-08-31,ULOURIE,751603,CLYDE,25.7333,45.3051,36.9407,0.1186,3
2026-08-31,STANLEY,751729,COOPER,25.5351,31.1905,28.5442,0.098,3
2026-08-31,COCHRAN,751808,COWLEY,48.5175,61.7615,73.2563,0.026,5
2026-08-31,BYE,751852,COWPER,25.8169,50.6035,41.8458,0.1338,3
2026-08-31,NIDGERY,751917,COWPER,23.197,44.6654,35.1673,0.1119,3
2026-08-31,REDBANK,751929,COWPER,42.3295,60.3205,58.278,0.1858,4
2026-08-31,YAMBY,752008,CULGOA,52.3279,72.1984,58.438,0.1827,5
2026-08-31,EURIE EURIE,752246,DENHAM,27.6979,47.8974,37.737,0.0625,3
2026-08-31,GUMBAGUNDA,752328,DOWLING,34.3354,37.6107,36.124,0.1587,4
2026-08-31,BOONANGHI,752405,DUDLEY,10.3068,31.3755,32.69,-0.4683,2
2026-08-31,WHEELAND,752538,EVELYN,97.5759,100,98.6114,0.0306,5
2026-08-31,TALLAWUDJAH,752843,FITZROY,15.3039,35.5189,29.9783,-0.1551,2
2026-08-31,BALGAY,752856,FLINDERS,36.149,58.755,48.3882,0.171,4
2026-08-31,MULLAH,752896,FLINDERS,34.3491,55.9701,49.0835,0.1597,4
2026-08-31,WHEALBAH,753000,FRANKLIN,38.6282,44.0012,43.458,0.1207,4
2026-08-31,CADOW,753078,GIPPS,42.871,54.087,47.016,0.1938,4
2026-08-31,DEEPWATER,753272,GOUGH,2.6434,10.6023,6.0204,-0.0804,1
2026-08-31,WATERLOO,753319,GOUGH,4.2284,12.2253,9.8511,-0.0769,1
2026-08-31,MERRI,753471,GREGORY,21.1027,45.8765,33.4496,0.0184,2
2026-08-31,MOUNT FOSTER,753475,GREGORY,22.2946,48.4633,33.1179,0.0597,3
2026-08-31,LEILA,753562,GUNDERBOOKA,48.085,66.8678,62.834,0.1798,5
2026-08-31,CURRICABARK,753693,HAWES,22.5182,26.6195,23.9924,-0.5097,2
2026-08-31,BUCKARGINGAH,753725,HUME,60.8933,63.5535,69.8121,0.1452,5
2026-08-31,GRONO,753781,HUNTER,9.7929,19.5391,28.9029,-0.381,2
2026-08-31,KENMARE,753869,IRRARA,66.8348,81.2297,84.2131,0.2349,5
2026-08-31,TANILOGO,754020,KENNEDY,48.9577,58.5722,47.5304,0.2131,4
2026-08-31,COLLINOUIE,754194,LEICHHARDT,29.2953,51.1133,38.6113,0.0924,3
2026-08-31,COBRAURAGUY,754302,LINCOLN,15.7639,25.264,22.1577,0.0278,2
2026-08-31,VICTORIA,754389,LIVINGSTONE,77.7756,82.1435,85.8064,0.129,5
2026-08-31,KIPPARA,754425,MACQUARIE,14.7162,39.9251,41.0846,-0.4417,2
2026-08-31,WEST MITTA,754533,MENINDEE,88.3618,88.0691,86.3082,0.0494,5
2026-08-31,BULGARY,754541,MITCHELL,60.3669,60.4544,68.6506,0.0712,5
2026-08-31,KAJULIGAH,754688,MOSSGIEL,68.3821,73.8664,74.5084,0.1895,5
2026-08-31,BUCKAMBOOL,754757,MOURAMBA,59.0411,63.2221,65.9324,0.1723,5
2026-08-31,WALKER,754809,MOURAMBA,55.2492,60.6313,55.0819,0.211,5
2026-08-31,DANDALOO,755098,NARROMINE,39.9452,64.6299,51.7201,0.1421,4
2026-08-31,BORO,755278,OXLEY,38.647,61.1458,47.4608,0.1486,4
2026-08-31,WALCHA,755346,PARRY,8.8146,11.7175,7.4361,-0.2265,2
2026-08-31,BULGA,755482,POTTINGER,12.4097,23.4764,17.5633,0.0225,2
2026-08-31,BASIN BANK,755566,RANKIN,64.8877,76.2675,79.9997,0.1006,5
2026-08-31,DARLING,755574,RANKIN,67.3436,76.9068,81.8616,0.0983,5
2026-08-31,KENDALL,755582,RANKIN,58.9506,72.6565,74.6176,0.1113,5
2026-08-31,BOOROOMUGGA,755642,ROBINSON,42.2939,63.4188,55.5757,0.1441,4
2026-08-31,WALSHE,755679,ROBINSON,54.8755,65.0935,65.4788,0.1752,5
2026-08-31,GEEHI,755862,SELWYN,53.1031,68.1509,81.8126,0.0303,5
2026-08-31,STAPYLTON,756018,STAPYLTON,10.2812,15.3954,16.6699,0.0043,2
2026-08-31,MAIR,756058,STURT,27.5094,36.7138,30.4257,0.1083,3
2026-08-31,HARTUNG,756122,TANDORA,82.0521,83.2042,82.987,0.067,5
2026-08-31,EVELYN,756207,THOULCANNA,76.7474,87.2591,88.4477,0.2155,5
2026-08-31,CITGATHEN,756266,TOWNSEND,60.4379,64.3771,54.2994,0.1552,5
2026-08-31,EUROLEY,756282,TOWNSEND,46.4724,45.7861,41.0635,0.1375,4
2026-08-31,LOCH,756294,TOWNSEND,41.3022,41.7256,39.8386,0.1615,4
2026-08-31,QUIAMONG,756322,TOWNSEND,47.0609,57.6256,48.7346,0.1582,4
2026-08-31,THULABIN,756330,TOWNSEND,47.9603,54.8935,47.7821,0.1622,4
2026-08-31,DARLOT,756536,WAKOOL,63.0693,57.4095,49.5256,0.134,4
2026-08-31,NANDUM,756644,WALJEERS,71.2399,71.4132,67.7636,0.1231,5
2026-08-31,INA,756760,WARADGERY,46.7907,41.8289,43.0214,0.0941,4
2026-08-31,MAGNOLIA,756768,WARADGERY,66.5101,62.0171,53.9405,0.1162,5
2026-08-31,SIMSON,756788,WARADGERY,45.7009,45.3127,48.6739,0.0943,4
2026-08-31,CANNING,756872,WELLINGTON,12.4759,20.1677,12.7257,0.0244,2
2026-08-31,MILLENBONG,756892,WELLINGTON,10.8571,18.4623,11.1553,0.0166,2
2026-08-31,WERUNDA,757027,WERUNDA,77.9769,84.9511,85.8986,0.0574,5
2026-08-31,COOK,757092,WHITE,24.1153,38.8412,30.1667,0.0616,3
2026-08-31,MULGA,757154,WINDEYER,91.0846,90.1569,89.7975,0.0372,5
2026-08-31,BOINGADAH,757184,WOORE,69.871,78.5306,78.3929,0.1696,5
2026-08-31,MATONG,757288,YANCOWINNA,80.9389,83.2206,81.8078,0.0494,5
2026-08-31,MOOKALIMBIRRIA,757349,YANDA,40.5019,62.3197,57.1346,0.1541,4
2026-08-31,BANJAH,757377,YANTARA,93.271,97.6124,98.2415,0.1298,5
2026-08-31,SCOTT,757397,YANTARA,95.0609,99.3184,98.5841,0.1114,5
2026-08-31,WALTRAGALDA,757462,YOUNG,84.2929,87.7695,90.1245,0.0308,5
2026-08-31,CUTTABULLA,757519,CULGOA,48.7035,67.3219,62.6046,0.1808,5
2026-08-31,EAST YETMAN,750088,ARRAWATTA,6.0191,10.1315,8.5269,-0.0273,2
2026-08-31,NANGAR,750176,ASHBURNHAM,54.6392,39.2803,44.0824,0.2485,4
2026-08-31,URAWILKIE,750312,BARADINE,23.706,39.6368,27.9874,0.0961,3
2026-08-31,WANGA,750348,BARRONA,67.9284,82.0632,83.5788,0.226,5
2026-08-31,GRAHAM,750384,BATHURST,61.2179,53.6836,74.362,0.0539,5
2026-08-31,MOOMIN,750484,BENARBA,19.2198,25.9582,30.7041,0.0207,2
2026-08-31,NARRAWALL,750488,BENARBA,19.8781,20.6676,22.9432,-0.0015,2
2026-08-31,SOUTH THULE,750705,BLAXLAND,61.7678,58.1578,61.2423,0.1716,5
2026-08-31,BELLALEPPA,750733,BLIGH,7.9811,16.8507,15.6195,-0.0592,2
2026-08-31,KELENA,750798,BOOROONDARRA,57.4416,62.79,64.7011,0.1745,5
2026-08-31,HOOKE,750842,BOURKE,56.9599,54.6171,66.4998,0.0941,5
2026-08-31,THULE,751160,CADELL,76.1853,66.1499,54.8669,0.152,5
2026-08-31,NIMMING,751212,CAIRA,68.8542,67.2897,60.814,0.1137,5
2026-08-31,KANGAROO,751460,CLARKE,18.1819,44.5066,26.4382,-0.2631,2
2026-08-31,GARRETT,751514,CLIVE,6.745,17.2273,14.5891,-0.0838,2
2026-08-31,COOBA,751633,COOK,30.8588,50.0807,54.7592,-0.3328,5
2026-08-31,TABBITA,751730,COOPER,18.9014,29.5256,27.7432,0.0629,3
2026-08-31,WAMMERA,751738,COOPER,52.3709,43.9396,55.5431,0.1068,4
2026-08-31,HILLSBOROUGH,751882,COWPER,25.3301,48.0013,37.5927,0.1306,3
2026-08-31,STAWELL,751938,COWPER,32.6642,54.1217,48.8581,0.1679,4
2026-08-31,YARGUNYAH,751959,COWPER,39.1005,56.813,53.9326,0.1795,4
2026-08-31,YAMBY WEST,752009,CULGOA,52.1331,70.6877,60.0429,0.189,5
2026-08-31,WOLONGONG,752125,CUNNINGHAM,24.5418,39.039,36.2837,0.1021,3
2026-08-31,BORINDE,752174,DARLING,12.4533,22.8902,18.5533,-0.0438,2
2026-08-31,CHRISTIE,752239,DENHAM,22.5772,31.5594,32.5433,0.0436,3
2026-08-31,MURRABUNG,752339,DOWLING,29.8867,30.1486,29.7794,0.1038,3
2026-08-31,MALARA,752382,DRAKE,8.5606,31.1127,26.3624,-0.0774,2
2026-08-31,OREEN,752423,DUDLEY,5.8219,24.7511,16.5565,-0.4546,2
2026-08-31,MERRILBA,752889,FLINDERS,26.3027,56.1628,43.3815,0.1336,3
2026-08-31,YANDEMBAH,753005,FRANKLIN,48.4475,52.8275,54.6223,0.1065,5
2026-08-31,WALBROOK,753059,GEORGIANA,58.996,65.1004,89.5614,-0.0379,5
2026-08-31,BIMBEEN,753071,GIPPS,58.1496,49.1488,52.8694,0.2299,4
2026-08-31,SOUTH MICABIL,753115,GIPPS,23.8787,31.4458,30.1111,0.0945,3
2026-08-31,BLAIRMONT,753424,GREGORY,20.9902,43.6634,32.601,0.0325,2
2026-08-31,GREIG,753559,GUNDERBOOKA,45.2215,60.6306,57.6102,0.1821,4
2026-08-31,CLERKNESS,753652,HARDINGE,3.1317,9.4197,9.9222,-0.1025,1
2026-08-31,WILLIAMS,753682,HARDINGE,3.9502,12.5927,9.0449,-0.0953,1
2026-08-31,BULGANDRY,753726,HUME,64.9811,66.1169,69.8671,0.1348,5
2026-08-31,COROWA,753734,HUME,57.3927,56.556,49.6847,0.1309,4
2026-08-31,DWIGHT,753862,IRRARA,57.7638,73.6342,72.8401,0.2252,5
2026-08-31,WILMATHA,754025,KENNEDY,32.0746,56.7118,48.294,0.1515,4
2026-08-31,BOMARTHONG,754029,KILFERA,75.3879,79.9485,79.3711,0.0886,5
2026-08-31,KITCHO,754033,KILFERA,75.2938,77.1316,77.6674,0.099,5
2026-08-31,MOUNT JACK,754071,KILLARA,83.8005,89.317,90.0507,0.0746,5
2026-08-31,BUCHANAN,754183,LEICHHARDT,21.6507,35.7104,27.2201,0.1182,3
2026-08-31,GIDGERYGAH,754211,LEICHHARDT,23.3738,44.5495,34.9552,0.058,3
2026-08-31,MATOUREE,754223,LEICHHARDT,27.8238,53.0697,37.8854,0.0835,3
2026-08-31,TEREMBONE,754251,LEICHHARDT,19.849,35.7952,26.0008,0.0854,3
2026-08-31,PYSANT,754378,LIVINGSTONE,81.0841,83.2359,87.1431,0.0943,5
2026-08-31,WAMBAH,754390,LIVINGSTONE,81.8901,85.8581,84.7929,0.0913,5
2026-08-31,BARNARD,754398,MACQUARIE,18.8404,38.8534,43.3633,-0.4785,2
2026-08-31,BONTON,754462,MANARA,69.6233,79.0029,79.2481,0.1576,5
2026-08-31,CASEY,754466,MANARA,72.2659,82.129,80.9024,0.1537,5
2026-08-31,WEST WENDI,754534,MENINDEE,90.1033,87.9385,84.6321,0.0321,5
2026-08-31,FAITHFULL,754550,MITCHELL,57.7617,54.1474,64.6639,0.0762,5
2026-08-31,MARINA,754595,MONTEAGLE,64.5542,63.3101,69.4193,0.1355,5
2026-08-31,BUNDAMUTTA,754669,MOSSGIEL,62.772,66.9401,70.0429,0.1799,5
2026-08-31,WINDERIMA,754742,MOSSGIEL,60.2235,56.8892,62.7121,0.1627,5
2026-08-31,YARADAH,754746,MOSSGIEL,56.0802,60.7183,63.9802,0.1647,5
2026-08-31,FISHER,754774,MOURAMBA,47.1978,63.0284,54.4023,0.1657,5
2026-08-31,WERRIWA,754919,MURRAY,33.0011,51.289,62.7635,-0.1592,4
2026-08-31,NARROMINE,755119,NARROMINE,33.6678,41.0828,32.9505,0.119,4
2026-08-31,BOWERABINE,755147,NICHOLSON,37.0274,41.0554,42.3077,0.1117,4
2026-08-31,LOUGHNAN,755175,NICHOLSON,35.5745,37.2448,34.6801,0.1408,4
2026-08-31,SOUTH MAROWIE,755191,NICHOLSON,39.1027,39.5256,37.9259,0.1376,4
2026-08-31,TOWNSEND,755195,NICHOLSON,32.9692,33.7057,32.0215,0.1409,4
2026-08-31,MITCHELL,755379,PERRY,81.5659,84.6423,79.7114,0.1033,5
2026-08-31,DENIEHY,755575,RANKIN,53.1034,67.3387,67.2469,0.1515,5
2026-08-31,BUCCLEUCH,755855,SELWYN,44.1173,56.8002,68.5859,0.1538,5
2026-08-31,DENEBRY,755995,STAPYLTON,17.7549,25.324,25.7692,0.0471,3
2026-08-31,INDI,756363,ULARARA,94.4827,98.7085,98.0665,0.1652,5
2026-08-31,SUMNER,756445,URANA,59.9573,57.7719,64.4168,0.1135,5
2026-08-31,YATHONG SOUTH,756461,URANA,51.8091,57.5624,50.9654,0.1433,5
2026-08-31,COOBOOL,756529,WAKOOL,88.0466,77.6659,70.8493,0.1708,5
2026-08-31,MULLOGA,756641,WALJEERS,62.3753,57.7407,56.9026,0.0905,5
2026-08-31,MERRUMBULO,756845,WELLESLEY,14.0105,10.2666,34.6493,-0.2057,2
2026-08-31,GUNYULKA,757012,WERUNDA,82.0371,86.0677,87.544,0.034,5
2026-08-31,YOREE,757032,WERUNDA,73.1106,77.4691,81.7204,0.0758,5
2026-08-31,BINGALONG,757135,WINDEYER,88.3375,88.2586,86.9418,0.0809,5
2026-08-31,MANARA,757201,WOORE,69.219,77.9679,79.1238,0.1498,5
2026-08-31,JAMIESON,757285,YANCOWINNA,87.6531,89.8919,87.1068,0.0728,5
2026-08-31,MYALLA,757293,YANCOWINNA,80.2879,83.3503,79.8115,0.0494,5
2026-08-31,STEPHEN,757305,YANCOWINNA,83.4615,88.2487,80.8226,0.0588,5
2026-08-31,WITTAGOONA,757370,YANDA,53.1785,66.0928,64.3282,0.2084,5
2026-08-31,MENDERIE,757390,YANTARA,92.3775,95.9468,97.978,0.1114,5
2026-08-31,DRY LAKE,757434,YOUNG,85.2831,87.9341,90.0867,0.0352,5
2026-08-31,WORARO,757510,YUNGNULGRA,89.0106,90.393,91.465,0.062,5
2026-08-31,BUKKULLA,750077,ARRAWATTA,3.7555,6.7081,11.3232,-0.1171,1
2026-08-31,MOGONG,750169,ASHBURNHAM,54.5153,39.4296,44.9023,0.2471,4
2026-08-31,BULLIWY,750253,BARADINE,28.2919,42.3718,34.9443,0.0803,3
2026-08-31,WALGETT,750313,BARADINE,26.8394,53.4678,39.4178,0.0892,3
2026-08-31,GINGHAM,750465,BENARBA,15.224,20.4459,22.7965,-0.0011,2
2026-08-31,SINGLE,750497,BENARBA,17.4357,27.1217,28.5429,0.0118,2
2026-08-31,DANGELONG,750537,BERESFORD,12.1628,25.0319,41.643,-0.3341,2
2026-08-31,MEROTHERIE,750755,BLIGH,11.7109,23.6601,21.0682,0.0073,2
2026-08-31,BENKANYAH,750783,BOOROONDARRA,56.384,62.8329,64.4514,0.1718,5
2026-08-31,MULCHARA,750803,BOOROONDARRA,56.357,65.0052,66.9354,0.1459,5
2026-08-31,ASHBRIDGE,750819,BOURKE,60.1552,50.2936,62.843,0.1213,5
2026-08-31,DENVER,751012,BUCKLAND,9.188,16.6504,14.1988,-0.0521,2
2026-08-31,MEPUNGA,751330,CANBELEGO,25.8597,47.72,38.7283,0.1098,3
2026-08-31,MOUNT ROSS,751465,CLARKE,4.0398,16.9113,13.5574,-0.0885,1
2026-08-31,OBAN,751469,CLARKE,6.9993,17.1253,16.1037,-0.106,2
2026-08-31,DRUID,751569,CLYDE,36.2042,53.8985,50.139,0.1598,4
2026-08-31,TULLOCH,751601,CLYDE,30.872,50.1617,41.3575,0.1673,4
2026-08-31,NOONA,751783,COURALLIE,14.6588,27.6238,22.4832,0.0191,2
2026-08-31,BUMBALONG,751806,COWLEY,29.8348,63.4523,59.4235,-0.0554,4
2026-08-31,BOOKAMBONE,751846,COWPER,28.5712,50.597,40.3646,0.1542,3
2026-08-31,MADSON,751899,COWPER,22.4325,42.2363,33.1961,0.0934,3
2026-08-31,TRAFALGAR,751943,COWPER,32.0002,54.7248,46.2601,0.1509,4
2026-08-31,BOURBAH,751968,CULGOA,51.6121,68.8373,57.4078,0.1618,5
2026-08-31,BUNDARRA,752175,DARLING,3.9275,13.3444,8.8073,-0.0811,1
2026-08-31,TOOMA,752227,DELALAH,95.0269,97.546,98.4934,0.1544,5
2026-08-31,THALABA,752268,DENHAM,27.1256,43.8839,39.6444,0.0497,3
2026-08-31,GERELDERY,752284,DENISON,52.0719,55.6651,48.3348,0.1265,4
2026-08-31,DAVIS,752322,DOWLING,29.2303,28.2641,28.3693,0.1152,3
2026-08-31,PIKAPENE,752387,DRAKE,21.0134,49.7129,49.7532,-0.0693,2
2026-08-31,MAMARAN,752472,DURHAM,16.6333,23.3026,17.8817,-0.5316,2
2026-08-31,BADJERRIGARN,752604,FARNELL,97.0996,93.4143,92.515,0.0364,5
2026-08-31,KEELO,752713,FINCH,22.1499,25.6554,30.4214,0.0345,2
2026-08-31,QUESTA,752792,FITZGERALD,88.8592,93.6274,95.6399,0.1243,5
2026-08-31,GEWEROO,752878,FLINDERS,37.466,56.9129,47.1757,0.137,4
2026-08-31,WEELAH,753128,GIPPS,38.6597,45.3173,44.3178,0.1747,4
2026-08-31,CLIFTON,753270,GOUGH,4.2426,13.4479,9.3055,-0.0635,1
2026-08-31,DITMAS,753274,GOUGH,5.6531,14.6225,11.3013,-0.0926,2
2026-08-31,SCOTT,753309,GOUGH,5.271,14.9664,12.0044,-0.1024,2
2026-08-31,BOKAMORE,753425,GREGORY,21.9236,46.0449,34.2182,0.0362,2
2026-08-31,GERALGUMBONE,753449,GREGORY,19.1717,43.9383,29.7142,0.0343,2
2026-08-31,MELLERSTAIN,753469,GREGORY,20.8953,43.3456,32.3898,0.0689,3
2026-08-31,QUABOTHOO,753485,GREGORY,22.8132,43.7885,33.5341,0.0401,2
2026-08-31,NULLAMA,753530,GRESHAM,4.5991,18.2084,14.0333,-0.0899,1
2026-08-31,LAURA,753662,HARDINGE,3.1461,10.0723,10.7322,-0.1019,1
2026-08-31,LOWRY,753699,HAWES,19.8963,32.9395,39.217,-0.4562,2
2026-08-31,GRANVILLE,753739,HUME,60.6892,61.1033,61.705,0.1212,5
2026-08-31,MIRRIE,753799,HUNTER,5.6662,18.697,16.9268,-0.152,2
2026-08-31,MANATOO,753875,IRRARA,68.1799,81.8707,83.8617,0.2338,5
2026-08-31,PENONIGIA,753887,IRRARA,71.2798,84.7566,86.9164,0.2016,5
2026-08-31,GEHAN,753933,JAMISON,22.6,37.0176,36.282,0.0287,2
2026-08-31,OREEL,753953,JAMISON,21.8233,32.728,35.3792,0.0391,2
2026-08-31,CALGA,754188,LEICHHARDT,18.707,33.9538,26.3492,0.093,3
2026-08-31,TERIDGERIE,754252,LEICHHARDT,17.7343,33.2174,25.3596,0.0784,3
2026-08-31,WALLA WALLA,754264,LEICHHARDT,19.6026,35.6373,25.8464,0.1113,3
2026-08-31,MANDY,754368,LIVINGSTONE,82.8896,85.7663,85.5449,0.0936,5
2026-08-31,MOURTE,754372,LIVINGSTONE,82.3709,85.0331,85.5094,0.0945,5
2026-08-31,KEMPSEY,754419,MACQUARIE,10.1665,21.891,27.9823,-0.4691,2
2026-08-31,ARAJOEL,754535,MITCHELL,59.962,59.0012,69.167,0.0667,5
2026-08-31,IANDRA,754592,MONTEAGLE,68.7535,61.6674,62.9817,0.1757,5
2026-08-31,GOORUBA,754626,MOOTWINGEE,93.8385,93.0187,93.1036,0.0709,5
2026-08-31,SALADIN,754645,MOOTWINGEE,91.7493,90.5166,90.0433,0.0596,5
2026-08-31,MAYBAH,754702,MOSSGIEL,61.313,73.699,72.5982,0.1819,5
2026-08-31,THE ROOKERY,754807,MOURAMBA,51.3415,63.8643,59.2852,0.1739,5
2026-08-31,WERLONG,754811,MOURAMBA,61.2984,60.7148,63.1449,0.1769,5
2026-08-31,DELUNGRA,754827,MURCHISON,9.938,15.844,18.9659,-0.0799,2
2026-08-31,BUTMAROO,754872,MURRAY,31.9788,50.723,58.1512,-0.1883,4
2026-08-31,BILBIL,754990,NARRAN,37.9504,58.2652,46.9384,0.1095,4
2026-08-31,TALAWANTA,755068,NARRAN,41.8084,63.1333,52.7368,0.1186,4
2026-08-31,BEELBAN,755276,OXLEY,35.744,59.7751,47.2098,0.1459,4
2026-08-31,GARULE,755292,OXLEY,38.5486,58.3896,45.8585,0.1408,4
2026-08-31,TURI,755344,PARRY,6.9895,14.6985,11.7881,-0.092,2
2026-08-31,MULGA,755588,RANKIN,63.1127,74.4515,77.0331,0.0956,5
2026-08-31,GIDGIE,755656,ROBINSON,52.8125,64.55,64.1932,0.1716,5
2026-08-31,ALBERT,755806,SANDON,4.8182,13.635,11.4844,-0.1091,1
2026-08-31,WELBON,756028,STAPYLTON,17.7018,32.0735,29.8584,0.0364,2
2026-08-31,HUME,756124,TANDORA,81.5788,85.4862,84.3465,0.0773,5
2026-08-31,MOUNT STUART,756232,TONGOWOKO,97.2856,100,99.2489,0.0511,5
2026-08-31,NORTH CONARGO,756308,TOWNSEND,46.8502,57.737,46.8786,0.1549,4
2026-08-31,BELMORE,756510,WAKOOL,83.9102,73.7317,63.354,0.1544,5
2026-08-31,MAROWIE,756634,WALJEERS,62.2943,63.823,65.4883,0.1445,5
2026-08-31,DARCOOLA,756746,WARADGERY,53.3782,42.3327,43.4216,0.066,4
2026-08-31,ILGINBAH,756758,WARADGERY,48.1642,41.8993,41.356,0.1535,4
2026-08-31,THELLANGERING,756790,WARADGERY,52.7233,43.0825,44.6407,0.0567,4
2026-08-31,GUINEACOR,757053,WESTMORELAND,22.5717,41.6782,59.9544,-0.3607,2
2026-08-31,NADBUCK,757156,WINDEYER,90.0759,88.3244,87.3045,0.0697,5
2026-08-31,WHURLIE,757173,WINDEYER,89.4155,88.3586,87.3733,0.0828,5
2026-08-31,BARCHAM,757182,WOORE,71.2582,75.6392,77.5616,0.1596,5
2026-08-31,BOOROONDARA,757318,YANDA,52.7427,65.9798,63.769,0.2144,5
2026-08-31,TOROWOTO,757403,YANTARA,92.8162,99.0625,98.3981,0.108,5
2026-08-31,BLUMENTHAL,757415,YOUNG,84.572,86.8984,89.8287,0.0379,5
2026-08-31,COBRILLA,757423,YOUNG,82.6296,87.5234,89.5716,0.0339,5
2026-08-31,FROMES CREEK,757517,POOLE,99.5353,99.9702,99.6204,0.0065,5
2026-08-31,CHAMPAGNE,750082,ARRAWATTA,4.3477,7.7566,13.3235,-0.1235,1
2026-08-31,WAUGAN,750186,ASHBURNHAM,55.3451,48.3892,44.3659,0.2582,4
2026-08-31,BRONTE,750198,AUCKLAND,6.79,9.5178,16.9139,-0.2985,2
2026-08-31,MAGHERA,750338,BARRONA,54.6161,71.7975,74.5493,0.1966,5
2026-08-31,MUNGI,750486,BENARBA,19.835,26.3478,30.7713,0.0246,2
2026-08-31,KYBEYAN,750546,BERESFORD,9.1065,17.0686,37.4132,-0.3834,2
2026-08-31,BURTHONG,750651,BLAXLAND,52.663,55.9119,51.8846,0.1935,5
2026-08-31,BOWMAN,750740,BLIGH,11.6675,26.963,19.2425,0.0031,2
2026-08-31,UARBRY,750772,BLIGH,11.6578,22.9375,20.0729,-0.0072,2
2026-08-31,BOURKE,750824,BOURKE,61.0727,50.1044,61.224,0.0991,5
2026-08-31,FENNEL,750840,BOURKE,59.663,47.9632,59.8542,0.1212,4
2026-08-31,DOW,750880,BOYD,34.7701,39.0863,38.0778,0.1521,4
2026-08-31,EUNANBRENNAN,750884,BOYD,28.8492,36.6563,32.7197,0.128,3
2026-08-31,MACLEAY,750892,BOYD,39.3013,39.9473,39.8447,0.1646,4
2026-08-31,ALMA,750912,BRISBANE,4.176,15.8736,10.0918,-0.2946,1
2026-08-31,GUAN GUA,750928,BRISBANE,6.3759,16.9625,13.2992,-0.1186,2
2026-08-31,MYRABLUAN,750945,BRISBANE,6.5758,17.0346,14.9395,-0.1007,2
2026-08-31,MOAN,751021,BUCKLAND,4.806,14.1175,10.7123,-0.0833,1
2026-08-31,BIDURA,751174,CAIRA,87.4509,83.6808,79.8297,0.162,5
2026-08-31,PAIKA,751214,CAIRA,91.8867,84.5702,77.0706,0.2217,5
2026-08-31,POLLEN,751218,CAIRA,75.0348,72.3843,67.4805,0.1333,5
2026-08-31,TALA,751226,CAIRA,89.279,83.5852,75.9133,0.2138,5
2026-08-31,YARROWAL,751246,CAIRA,90.7401,84.8559,77.1658,0.2134,5
2026-08-31,LARDNER,751375,CLARENCE,16.5443,46.0188,41.5776,-0.0168,2
2026-08-31,POGANBILLA,751470,CLARKE,10.3765,21.5214,19.0424,-0.2516,2
2026-08-31,BRIARIE,751554,CLYDE,28.8092,46.1873,38.6293,0.141,3
2026-08-31,HULONG,751708,COOPER,29.0261,34.7534,36.6635,0.1123,3
2026-08-31,GYAN,751772,COURALLIE,17.0528,24.0201,24.6499,0.0124,2
2026-08-31,COORILLA,751855,COWPER,37.8623,57.082,54.0789,0.1806,4
2026-08-31,HUNTLY,751884,COWPER,24.3002,48.8836,37.3609,0.113,3
2026-08-31,KITCHELA,751892,COWPER,37.4762,56.0361,51.78,0.1825,4
2026-08-31,SINCLAIR,751936,COWPER,27.2768,50.0798,40.6956,0.1448,3
2026-08-31,BADJA,752127,DAMPIER,3.1065,12.1808,17.4509,-0.4094,1
2026-08-31,YOWRIE,752167,DAMPIER,6.0625,10.4409,15.3995,-0.3727,2
2026-08-31,BELMORE,752171,DARLING,10.7567,21.4832,18.5277,-0.0608,2
2026-08-31,THOLOO,752269,DENHAM,28.5152,48.9719,42.3477,0.0553,3
2026-08-31,GUAGONG,752327,DOWLING,31.8319,34.4841,33.1401,0.1397,4
2026-08-31,COORALDOORAL,752372,DRAKE,5.2387,19.0732,14.6208,-0.0721,2
2026-08-31,BURGESS,752609,FARNELL,97.175,98.4942,97.5384,0.0381,5
2026-08-31,CULTEE,752617,FARNELL,97.1712,94.7712,94.399,0.0378,5
2026-08-31,YOWAHRO,752639,FARNELL,95.4297,93.3287,92.741,0.1106,5
2026-08-31,CUNELLIE,752774,FITZGERALD,86.1245,91.9425,92.8155,0.12,5
2026-08-31,HERMITAGE PLAINS,752883,FLINDERS,35.4275,56.563,50.0746,0.1696,4
2026-08-31,PANGEE CREEK,752903,FLINDERS,31.7739,56.6559,49.7622,0.1546,4
2026-08-31,WYADRA,753003,FRANKLIN,39.0184,41.5594,40.6025,0.1272,4
2026-08-31,VINEY CREEK,753210,GLOUCESTER,2.7523,2.397,4.3676,-0.6056,0
2026-08-31,PULLETOP,753354,GOULBURN,60.3757,59.7418,71.7439,0.1535,5
2026-08-31,WAGRA,753358,GOULBURN,58.4185,70.0029,73.358,0.2083,5
2026-08-31,BOOMAGRILL,753426,GREGORY,24.3397,56.2147,38.1702,0.0865,3
2026-08-31,CANONBA NORTH,753434,GREGORY,23.0308,52.9782,35.426,0.0716,3
2026-08-31,DREEWA,753438,GREGORY,23.7571,55.005,36.9312,0.0717,3
2026-08-31,GLEN NEVIS,753519,GRESHAM,3.9781,15.7746,12.7224,-0.0781,1
2026-08-31,PALMER,753573,GUNDERBOOKA,44.4219,59.6447,56.5661,0.1779,4
2026-08-31,QUONDONG,753577,GUNDERBOOKA,40.7199,55.7662,52.5759,0.164,4
2026-08-31,PARNELL,753804,HUNTER,3.151,14.7306,13.4646,-0.1905,1
2026-08-31,LOOANGA,753840,INGLIS,9.1554,12.5323,11.4518,-0.1157,2
2026-08-31,MANATOO WEST,753876,IRRARA,71.2733,84.8261,86.3937,0.2048,5
2026-08-31,SOMERSET,754014,KENNEDY,39.6707,61.4163,51.0555,0.1776,4
2026-08-31,BINPOOKER,754047,KILLARA,83.2626,93.5631,92.3519,0.1366,5
2026-08-31,THOOLABOOL,754087,KILLARA,66.0083,81.2538,82.4341,0.1397,5
2026-08-31,ROMNER,754141,KING,23.5907,31.2624,46.8858,-0.0248,2
2026-08-31,NOONBAR,754241,LEICHHARDT,21.3513,38.7934,28.2925,0.1124,3
2026-08-31,YOUENDAH,754281,LEICHHARDT,24.95,48.3668,36.9277,0.0798,3
2026-08-31,KARA,754627,MOOTWINGEE,89.2234,91.4032,91.7525,0.0589,5
2026-08-31,WHITTINGHAM,754740,MOSSGIEL,45.918,46.2842,46.6666,0.1455,4
2026-08-31,ERIMERAN,754772,MOURAMBA,53.5642,59.8803,52.6427,0.2092,5
2026-08-31,MCGREGOR,754792,MOURAMBA,60.4303,62.4202,63.6524,0.1788,5
2026-08-31,BOOMI,754820,MURCHISON,10.8371,21.4351,18.5167,-0.039,2
2026-08-31,DERRA DERRA,754828,MURCHISON,11.1738,19.328,19.157,-0.0368,2
2026-08-31,PIALLIGO,754905,MURRAY,50.9758,62.0365,66.6338,0.0654,5
2026-08-31,MORABILLA,755057,NARRAN,36.4823,55.6898,51.2223,0.1078,4
2026-08-31,BERANGERINE,755141,NICHOLSON,38.2578,41.7942,43.1123,0.1113,4
2026-08-31,BUNDA,755149,NICHOLSON,33.4102,35.6908,34.5297,0.1326,4
2026-08-31,LAKE GUNBAR,755173,NICHOLSON,36.4667,41.3585,40.6203,0.1163,4
2026-08-31,BURRAGURRA,755213,NORTHUMBERLAND,9.6525,16.5873,22.5625,-0.4025,2
2026-08-31,STOWE,755261,NORTHUMBERLAND,27.644,42.8596,38.9706,-0.3831,2
2026-08-31,TARTNA,755401,PERRY,86.1569,88.7707,86.771,0.0878,5
2026-08-31,BREEZA,755477,POTTINGER,8.4923,17.3551,14.5999,-0.0274,2
2026-08-31,PRINGLE,755517,POTTINGER,7.9563,20.251,13.7968,-0.0249,2
2026-08-31,MACPHERSON,755585,RANKIN,70.8545,81.0707,84.4435,0.1024,5
2026-08-31,TOY,755678,ROBINSON,59.0031,66.7801,67.4575,0.1556,5
2026-08-31,BURROWOURY,755762,ROXBURGH,10.101,23.6673,18.331,-0.0687,2
2026-08-31,MUNDEROO,755881,SELWYN,55.1728,65.9468,77.4138,0.1232,5
2026-08-31,BRAIDWOOD,755913,ST VINCENT,17.2854,41.7575,46.792,-0.4953,2
2026-08-31,SEYMOUR,755957,ST VINCENT,7.8426,29.4948,37.0637,-0.5033,2
2026-08-31,BROWNE,755985,STAPYLTON,11.7099,21.6066,19.2989,0.0264,2
2026-08-31,LOWAN,756093,TAILA,85.9308,83.6456,81.1142,0.1381,5
2026-08-31,CARYAPUNDY,756225,TONGOWOKO,97.2709,97.2749,94.6158,0.0978,5
2026-08-31,MOONBRIA,756297,TOWNSEND,45.2593,52.7549,45.7215,0.1551,4
2026-08-31,TUMUDGERY,756333,TOWNSEND,60.2386,57.6578,48.7061,0.1457,4
2026-08-31,DUNDAGA,756361,ULARARA,93.624,97.8238,98.1151,0.1766,5
2026-08-31,COLVIN,756527,WAKOOL,66.9104,66.6446,55.0851,0.1317,5
2026-08-31,TITTIL,756583,WAKOOL,81.4687,72.3306,59.7012,0.1527,5
2026-08-31,WETUPPA,756591,WAKOOL,86.264,77.0189,72.7169,0.1696,5
2026-08-31,MURRA,756643,WALJEERS,54.4763,61.2385,63.5641,0.1348,5
2026-08-31,TOMS LAKE,756655,WALJEERS,49.2566,53.7338,58.159,0.1024,5
2026-08-31,CADDIGAT,756683,WALLACE,57.8239,72.9281,74.1398,-0.0344,5
2026-08-31,ILLILAWA,756759,WARADGERY,47.4328,43.0916,43.7802,0.1035,4
2026-08-31,TOOPUNTUL,756795,WARADGERY,71.7472,70.1024,64.4055,0.1192,5
2026-08-31,CURRAGURRA,756879,WELLINGTON,17.0145,21.4101,18.427,0.0414,3
2026-08-31,COOLMARA,757002,WERUNDA,74.7657,78.8629,83.1471,0.0862,5
2026-08-31,SPEEDWELL,757070,WESTMORELAND,30.9211,48.956,57.2881,-0.3023,4
2026-08-31,GOONA,757103,WHITE,21.0978,37.4795,28.2337,0.0515,3
2026-08-31,MOAMA,757203,WOORE,68.7922,76.1416,78.3491,0.1318,5
2026-08-31,YAVEN,757263,WYNYARD,28.1152,28.3333,48.571,0.0894,3
2026-08-31,HUGHES,757283,YANCOWINNA,86.5335,86.7454,81.8276,0.0595,5
2026-08-31,BRIGHT,757319,YANDA,54.496,68.7986,67.4582,0.221,5
2026-08-31,CANPADORE,757323,YANDA,55.3446,71.4301,71.7166,0.2007,5
2026-08-31,COOTAWUNDY,757474,YUNGNULGRA,87.0389,89.892,90.8,0.0486,5
2026-08-31,BUNGLE GULLY,750255,BARADINE,29.5924,49.8897,39.1141,0.0733,3
2026-08-31,ORR,750299,BARADINE,14.5877,24.3429,20.424,0.0469,3
2026-08-31,DARGLE,750331,BARRONA,63.4687,79.3284,80.0564,0.2241,5
2026-08-31,BALERANG,750419,BENARBA,15.0785,20.954,23.2369,0.003,2
2026-08-31,MYALL,750487,BENARBA,19.5013,22.6185,23.9509,0.0163,2
2026-08-31,BERENDEBBA,750576,BLAND,72.0438,65.7943,65.3619,0.1992,5
2026-08-31,BIMBI,750580,BLAND,74.0647,68.5291,69.3993,0.1881,5
2026-08-31,MEADOWS,750801,BOOROONDARRA,52.5678,62.0403,63.065,0.1658,5
2026-08-31,DULAH,750837,BOURKE,57.7004,49.4274,63.3999,0.1476,4
2026-08-31,WENTWORTH,750962,BRISBANE,5.2056,14.6127,10.8329,-0.0923,2
2026-08-31,EALES,751099,BURNETT,10.2007,18.2053,19.3721,-0.0008,2
2026-08-31,GRAGIN,751107,BURNETT,9.8785,15.6728,18.8883,-0.0879,2
2026-08-31,GUNNEE,751111,BURNETT,9.8968,15.8836,19.7111,-0.0843,2
2026-08-31,OTTLEY,751123,BURNETT,6.3917,13.5233,13.6505,-0.0601,2
2026-08-31,WILLIAMSON,751239,CAIRA,85.0842,82.1444,73.7469,0.1903,5
2026-08-31,GILGIES,751316,CANBELEGO,32.9193,53.9702,45.3392,0.127,4
2026-08-31,BALD BLAIR,751437,CLARKE,7.4135,16.2008,14.3343,-0.1161,2
2026-08-31,RAMPSBECK,751471,CLARKE,6.1618,24.36,16.0698,-0.2091,2
2026-08-31,WELMAN,751607,CLYDE,32.9446,48.6934,41.5781,0.1685,4
2026-08-31,WYABRAY,751619,CLYDE,28.185,44.1908,37.8038,0.1215,3
2026-08-31,COX,751636,COOK,22.444,41.3358,44.6312,-0.1689,2
2026-08-31,BYGOO,751685,COOPER,50.5162,41.1801,47.2049,0.1537,4
2026-08-31,WATHAGAR,751793,COURALLIE,15.2547,27.7869,25.6094,0.0138,2
2026-08-31,WINDOONDILLA,751797,COURALLIE,19.101,31.6071,31.2702,0.0248,2
2026-08-31,PABRAL,751829,COWLEY,45.2423,54.6276,72.4004,0.112,5
2026-08-31,WILLA MURRA,751958,COWPER,25.9956,49.0473,39.1144,0.1357,3
2026-08-31,EMU PLAINS,752088,CUNNINGHAM,26.0111,40.8016,39.1411,0.1003,3
2026-08-31,PLEVNA,752116,CUNNINGHAM,46.7019,61.5679,50.5552,0.2323,4
2026-08-31,BELOWRA,752128,DAMPIER,4.9102,10.6469,15.3092,-0.3126,1
2026-08-31,DONOVAN,752144,DAMPIER,3.5151,10.7793,16.7998,-0.4399,1
2026-08-31,WOODSREEF,752205,DARLING,6.2961,13.6176,14.1393,-0.1233,2
2026-08-31,BARANEAL,752230,DENHAM,28.5633,50.6775,42.0119,0.0635,3
2026-08-31,MYALL,752258,DENHAM,27.9556,48.4476,42.5639,0.0574,3
2026-08-31,BREWER,752312,DOWLING,33.3548,35.2386,33.1837,0.1416,4
2026-08-31,DANDAHRA,752373,DRAKE,2.6257,20.3793,16.1403,-0.0572,1
2026-08-31,RODGERS,752393,DRAKE,4.7358,15.3352,13.3723,-0.0671,1
2026-08-31,BROUGHTON,752506,EVELYN,97.4943,99.7445,98.3781,0.0344,5
2026-08-31,GLENMORE,752622,FARNELL,96.7929,93.9584,93.3879,0.0955,5
2026-08-31,ALTO,752771,FITZGERALD,87.7639,93.3056,95.1323,0.1296,5
2026-08-31,ERMINGTON,752822,FITZROY,5.6714,24.4476,18.9705,-0.0961,2
2026-08-31,WIDGELAND,752920,FLINDERS,24.0448,54.2863,44.551,0.1266,3
2026-08-31,BAEDA,752964,FRANKLIN,42.6537,45.5035,45.091,0.1335,4
2026-08-31,CAABA,752968,FRANKLIN,39.8521,45.3517,45.4908,0.1151,4
2026-08-31,GOOBOTHERY,753090,GIPPS,24.1214,30.8044,29.9032,0.0993,3
2026-08-31,MERRIMAROTHERIE,753102,GIPPS,25.7564,32.4304,31.7093,0.101,3
2026-08-31,BARRINGTON,753142,GLOUCESTER,6.8399,13.523,17.456,-0.5394,2
2026-08-31,CARDINGTON,753227,GORDON,22.4266,24.3858,22.2361,0.077,3
2026-08-31,HYANDRA,753239,GORDON,49.7201,40.8338,36.0045,0.1968,4
2026-08-31,WANDAWANDONG,753255,GORDON,37.5441,35.6901,28.9828,0.1365,3
2026-08-31,RUSDEN,753306,GOUGH,4.2641,14.0173,11.7318,-0.0936,1
2026-08-31,JERGYLE,753343,GOULBURN,57.2766,64.8894,70.9895,0.1681,5
2026-08-31,BANNAH,753415,GREGORY,23.0157,52.7471,34.2527,0.0802,3
2026-08-31,BIRRIMBA,753423,GREGORY,23.3064,50.8624,34.1055,0.0754,3
2026-08-31,BULGERAGA,753431,GREGORY,18.6244,42.7555,29.6794,0.0255,2
2026-08-31,KALOE,753524,GRESHAM,2.6976,21.0102,17.6676,-0.0268,1
2026-08-31,TRESILLIAN,753582,GUNDERBOOKA,46.0556,63.6133,59.3591,0.1803,4
2026-08-31,WHYBROW,753821,HUNTER,3.6108,16.1474,13.3918,-0.1978,1
2026-08-31,MERRITA,753877,IRRARA,57.7175,74.0032,75.959,0.2173,5
2026-08-31,DOBIKIN,753927,JAMISON,25.1887,40.1244,40.1059,0.0359,2
2026-08-31,BEUGAMEL,753971,KENNEDY,46.58,62.9784,51.6108,0.1947,4
2026-08-31,RUSSELL,754011,KENNEDY,45.4389,63.2941,52.9256,0.1882,4
2026-08-31,WINDOLEY,754174,LANDSBOROUGH,82.5197,92.7364,91.2116,0.1399,5
2026-08-31,NUGAL,754242,LEICHHARDT,24.305,47.2044,38.077,0.0672,3
2026-08-31,WINNABA,754274,LEICHHARDT,28.62,46.7099,36.3265,0.0943,3
2026-08-31,DEWAR,754306,LINCOLN,22.7699,30.1734,23.4227,0.0804,3
2026-08-31,BLENALBEN,754342,LIVINGSTONE,73.3305,78.5084,81.4033,0.1176,5
2026-08-31,NEWCOME,754375,LIVINGSTONE,82.2077,82.9771,85.886,0.0923,5
2026-08-31,KHATAMBUHL,754421,MACQUARIE,9.8694,18.6987,23.6381,-0.6024,2
2026-08-31,BLENALBEN,754461,MANARA,76.1837,80.7959,84.1576,0.1445,5
2026-08-31,TAYLOR,754493,MANARA,74.7827,84.0546,81.5012,0.1329,5
2026-08-31,WOOLPAGERIE NORTH,754501,MANARA,78.8728,83.1997,81.3955,0.1,5
2026-08-31,MUNDYBAH,754521,MENINDEE,84.7408,84.5433,84.2187,0.0685,5
2026-08-31,PERRY,754525,MENINDEE,81.7933,85.4677,84.2269,0.077,5
2026-08-31,BERRY JERRY,754537,MITCHELL,58.9663,60.3306,68.9755,0.0745,5
2026-08-31,BURRAMUNDA,754581,MONTEAGLE,70.4996,68.688,65.7148,0.156,5
2026-08-31,CONGERA,754585,MONTEAGLE,50.6636,50.3983,56.3609,0.1264,5
2026-08-31,WILTON,754608,MONTEAGLE,68.0851,64.3586,63.8805,0.1546,5
2026-08-31,BOORABOONARA,754616,MOOTWINGEE,89.6916,92.6596,92.8229,0.0646,5
2026-08-31,FORT OTWAY,754624,MOOTWINGEE,89.9527,90.8068,91.8227,0.0596,5
2026-08-31,PINPIRA,754643,MOOTWINGEE,96.4205,95.0023,95.6066,0.0545,5
2026-08-31,PAPOTOITOI,754712,MOSSGIEL,56.0764,55.4438,58.8345,0.1602,5
2026-08-31,YALLOCK,754745,MOSSGIEL,66.1303,65.9042,71.5106,0.163,5
2026-08-31,OLLALULLA,754902,MURRAY,10.0915,41.6482,44.6259,-0.3285,2
2026-08-31,YARRARI,754956,NANDEWAR,13.7736,21.7318,19.0457,-0.0452,2
2026-08-31,BOUYAREE,755146,NICHOLSON,37.5296,42.5938,42.8103,0.1149,4
2026-08-31,ELLIOTT,755158,NICHOLSON,30.5381,35.9178,34.4326,0.1108,4
2026-08-31,MONCTON,755182,NICHOLSON,33.5597,37.4514,37.5468,0.1157,4
2026-08-31,BURTON,755214,NORTHUMBERLAND,3.3233,12.2388,13.7677,-0.2217,1
2026-08-31,DALTON,755222,NORTHUMBERLAND,4.1104,15.2587,16.3557,-0.3092,1
2026-08-31,BARRITT,755354,PERRY,85.9155,88.7479,86.387,0.0931,5
2026-08-31,WEELONGBAR,755598,RANKIN,55.0246,71.8752,73.9782,0.1792,5
2026-08-31,SHASTA,755841,SANDON,8.8577,20.5005,18.1835,-0.3159,2
2026-08-31,GUNGARTAN,755866,SELWYN,73.4387,85.1723,94.2295,0.0257,5
2026-08-31,ROUND HILL,755886,SELWYN,57.7733,77.3836,86.7998,0.0729,5
2026-08-31,WERIMBLE,756114,TAILA,85.8564,78.3085,74.2739,0.2235,5
2026-08-31,WEINTERIGA,756142,TANDORA,82.0736,84.5672,85.5003,0.0844,5
2026-08-31,BOORGA,756254,TOWNSEND,54.499,60.0085,49.759,0.1638,4
2026-08-31,GONAWARRA,756286,TOWNSEND,50.7944,51.8763,45.7858,0.135,4
2026-08-31,PUCKAWIDGEE,756318,TOWNSEND,45.3033,54.4504,46.2628,0.1536,4
2026-08-31,URISINO,756379,ULARARA,90.7643,97.4305,96.721,0.1595,5
2026-08-31,COREE SOUTH,756411,URANA,48.6135,54.5873,48.718,0.1589,4
2026-08-31,STANLEY,756444,URANA,43.4731,48.1491,45.7616,0.1589,4
2026-08-31,ST CLAIR,756496,VERNON,36.9984,32.5554,39.7918,-0.3503,4
2026-08-31,KYALITE,756548,WAKOOL,89.2771,79.3792,72.9984,0.2319,5
2026-08-31,MELLOOL,756556,WAKOOL,89.6983,77.7862,67.2066,0.1335,5
2026-08-31,NIEMUR,756568,WAKOOL,85.6756,77.6226,68.2699,0.1838,5
2026-08-31,WALJEERS,756660,WALJEERS,49.4509,46.213,48.7245,0.0644,4
2026-08-31,MATONG,756708,WALLACE,14.4868,14.4884,30.6657,-0.2339,2
2026-08-31,LANG,756764,WARADGERY,51.4117,43.136,39.9351,0.0903,4
2026-08-31,PATTERSON,756780,WARADGERY,49.6226,43.7975,44.8476,0.0574,4
2026-08-31,BUNGARBY,756820,WELLESLEY,12.7995,15.3126,27.1751,-0.2842,2
2026-08-31,MUMBIL,756896,WELLINGTON,17.6156,24.5567,19.8096,0.0548,3
2026-08-31,TOORANIE,757208,WOORE,70.6379,78.3819,79.9458,0.126,5
2026-08-31,NARRAN,757296,YANCOWINNA,82.1738,81.8765,79.6801,0.0594,5
2026-08-31,WEIMBUTTA,757405,YANTARA,94.1517,98.5994,98.3784,0.136,5
2026-08-31,YANDENBERRY,757409,YANTARA,90.6436,95.4902,97.1392,0.0798,5
2026-08-31,GOODE,757437,YOUNG,84.2968,88.8843,90.2828,0.0504,5
2026-08-31,MACKENZIE,757445,YOUNG,82.3042,85.9164,88.3561,0.0546,5
2026-08-31,WIRRA WIRRA,757509,YUNGNULGRA,86.8119,90.3631,91.1764,0.0495,5
2026-08-31,YERNDAMBOOL,757513,YUNGNULGRA,87.4374,90.9533,91.4837,0.0532,5
2026-08-31,BUNGONIA,750007,ARGYLE,38.8457,57.5623,73.8784,-0.3252,5
2026-08-31,FRAZER,750092,ARRAWATTA,3.8197,7.4678,9.6916,-0.1055,1
2026-08-31,BURRAGATE,750200,AUCKLAND,4.145,5.1784,18.6175,-0.293,1
2026-08-31,GOOYAN,750208,AUCKLAND,4.6719,4.4073,25.2537,-0.3597,1
2026-08-31,PERICOE,750228,AUCKLAND,4.0194,4.0603,22.299,-0.356,1
2026-08-31,YURAMMIE,750244,AUCKLAND,5.588,7.8615,19.6119,-0.2794,2
2026-08-31,TYRRELL,750504,BENARBA,10.7491,18.3419,19.1551,0.0132,2
2026-08-31,WYALONG SOUTH,750633,BLAND,76.734,70.2572,74.9976,0.1855,5
2026-08-31,CLIFFORD,750878,BOYD,33.5299,37.8431,37.4305,0.1483,4
2026-08-31,MURRURUNDI,750943,BRISBANE,10.7294,17.7898,5.5985,-0.1423,2
2026-08-31,TINAGROO,750955,BRISBANE,8.4544,18.2022,5.8556,-0.1399,2
2026-08-31,HUDSON,751019,BUCKLAND,3.0344,12.3071,9.3714,-0.0537,1
2026-08-31,BURGESS,751048,BULLER,30.0345,50.0651,51.7065,-0.0678,4
2026-08-31,ELLERSLIE,751060,BULLER,24.023,43.4376,46.4933,-0.1249,2
2026-08-31,TOOLOOM,751080,BULLER,27.3878,47.1522,46.4072,-0.1174,2
2026-08-31,GOALONGA,751104,BURNETT,11.0488,15.9092,17.3214,-0.0203,2
2026-08-31,PARKHURST,751124,BURNETT,6.0791,11.4774,10.9979,-0.0295,2
2026-08-31,DERINUM,751184,CAIRA,65.7473,60.0173,55.4852,0.0982,5
2026-08-31,BURKE,751260,CAMDEN,32.1309,43.4405,55.3778,-0.3835,5
2026-08-31,HALL,751321,CANBELEGO,22.7639,47.821,34.6832,0.0749,3
2026-08-31,BANYABBA,751357,CLARENCE,16.8639,46.9571,38.0722,-0.0336,2
2026-08-31,WARNER,751484,CLARKE,7.0694,21.5814,18.0325,-0.1925,2
2026-08-31,BUTTERLEAF,751501,CLIVE,6.6987,18.0638,13.6997,-0.0898,2
2026-08-31,TICHAWANTA,751600,CLYDE,32.8475,51.0333,45.8265,0.1719,4
2026-08-31,SANDY CREEK,751726,COOPER,40.6613,37.0403,39.3799,0.1262,4
2026-08-31,PRINGLE,751786,COURALLIE,18.92,25.8632,25.598,0.0057,2
2026-08-31,JANDRA,751886,COWPER,41.9849,59.3235,57.6475,0.1872,4
2026-08-31,KERGUNYAH,751890,COWPER,34.9307,57.6895,50.3937,0.1394,4
2026-08-31,RICHARDSON,751930,COWPER,21.9921,43.9747,33.5699,0.0916,3
2026-08-31,WANALTA,751951,COWPER,29.8576,51.5442,42.3059,0.1663,3
2026-08-31,WEST BOGAN,751955,COWPER,22.2441,42.0924,33.2285,0.0876,3
2026-08-31,BOOROOMINIA,751967,CULGOA,48.7029,65.1116,57.0983,0.1672,5
2026-08-31,COOLIBAR,751976,CULGOA,48.6468,65.5567,58.7881,0.1683,5
2026-08-31,DARLING,751980,CULGOA,53.9414,72.8314,62.2668,0.1928,5
2026-08-31,TRUNDLE,752121,CUNNINGHAM,45.9595,61.3107,50.3883,0.2343,4
2026-08-31,RANGIRI,752198,DARLING,9.8528,20.6998,16.3132,-0.0839,2
2026-08-31,BROWNE,752235,DENHAM,25.2611,37.0347,38.6108,0.0477,3
2026-08-31,TOWNSEND,752347,DOWLING,31.4477,32.4575,31.4599,0.132,4
2026-08-31,CANGAI,752366,DRAKE,3.0212,22.6079,13.8748,-0.0501,1
2026-08-31,WARBRO,752431,DUDLEY,6.8344,22.1346,19.1349,-0.487,2
2026-08-31,BOEBUNG,752555,EWENMAR,19.1217,36.9732,26.624,0.0891,3
2026-08-31,GLESPIN,752777,FITZGERALD,84.4791,94.3301,93.2058,0.1325,5
2026-08-31,PURRANGA,752791,FITZGERALD,85.4631,92.941,92.538,0.1205,5
2026-08-31,HOWGILL,752885,FLINDERS,40.594,57.7312,48.3535,0.1825,4
2026-08-31,MURRABUDDA,752897,FLINDERS,23.1082,54.2536,42.5967,0.1196,3
2026-08-31,QUONDONG,752905,FLINDERS,26.6319,55.1375,47.1674,0.1311,3
2026-08-31,BANDON,752925,FORBES,58.1165,52.3067,47.5675,0.2692,4
2026-08-31,MOLESWORTH,752985,FRANKLIN,40.7037,44.8701,45.1758,0.1239,4
2026-08-31,RETREAT,753051,GEORGIANA,32.1907,43.6831,58.7254,-0.1293,4
2026-08-31,ORANDELBINIA,753392,GOWEN,18.83,26.8174,20.6858,0.0398,2
2026-08-31,PIRILLIE,753575,GUNDERBOOKA,47.4789,66.445,61.8783,0.1906,4
2026-08-31,YEERAWUN,753722,HAWES,13.068,16.8625,6.1224,-0.4312,2
2026-08-31,RYAN,753758,HUME,66.1493,65.7593,71.0965,0.1495,5
2026-08-31,GLENELG,753866,IRRARA,51.8052,69.8407,67.8969,0.2034,5
2026-08-31,TYNGNYNIA,753895,IRRARA,71.3594,84.8262,87.177,0.209,5
2026-08-31,BEACONSFIELD,753968,KENNEDY,33.2521,63.2139,50.2997,0.1539,4
2026-08-31,MINGERONG,754004,KENNEDY,48.9259,60.0593,49.4253,0.1786,4
2026-08-31,SALISBURY,754012,KENNEDY,47.8377,60.9123,51.3868,0.2146,4
2026-08-31,MYALL,754075,KILLARA,75.5815,87.6233,87.2129,0.1376,5
2026-08-31,EULAH,754207,LEICHHARDT,22.2548,40.8753,30.6035,0.0807,3
2026-08-31,YARRAYIN,754279,LEICHHARDT,24.3748,46.4111,37.0898,0.034,2
2026-08-31,CURRANYALE,754359,LIVINGSTONE,80.3959,84.6561,86.7471,0.0468,5
2026-08-31,HARIBEL,754363,LIVINGSTONE,80.0344,83.5225,86.9041,0.0518,5
2026-08-31,KILLAWARRA,754422,MACQUARIE,11.2706,32.6116,31.326,-0.6139,2
2026-08-31,BOORLA,754617,MOOTWINGEE,96.2431,93.8031,94.0824,0.0263,5
2026-08-31,KOONBURRA,754630,MOOTWINGEE,84.0962,85.7565,85.1496,0.074,5
2026-08-31,KATARAH,754689,MOSSGIEL,58.8716,56.3231,61.7863,0.1592,5
2026-08-31,ST MONANS,754717,MOSSGIEL,54.7438,59.2454,61.6025,0.159,5
2026-08-31,TIBARA,754721,MOSSGIEL,58.2426,58.7884,64.28,0.1666,5
2026-08-31,MOOTHUMBOOL,754794,MOURAMBA,53.105,59.5003,52.8115,0.211,5
2026-08-31,EULAH,754937,NANDEWAR,19.4436,33.7225,26.8827,0.0292,2
2026-08-31,WUREEP,755083,NARRAN,39.5106,55.8351,49.9732,0.1452,4
2026-08-31,MORUBEN,755243,NORTHUMBERLAND,5.7115,13.0506,16.7968,-0.3232,2
2026-08-31,WARRAL,755347,PARRY,8.0598,14.3555,12.085,-0.1035,2
2026-08-31,WILSON,755531,POTTINGER,11.6495,24.8948,16.8151,0.0097,2
2026-08-31,WIGILLA,755599,RANKIN,53.0583,69.0243,70.4051,0.1582,5
2026-08-31,LERIDA,755664,ROBINSON,56.3316,63.8628,66.0761,0.1568,5
2026-08-31,TOONUMBAR,755744,ROUS,31.2818,54.322,52.6491,-0.0445,4
2026-08-31,YARROWICK,755851,SANDON,4.7892,12.4618,10.5026,-0.1072,1
2026-08-31,JAGUNGAL,755871,SELWYN,70.272,84.735,93.5827,0.0487,5
2026-08-31,KOSCIUSZKO,755875,SELWYN,67.2081,75.9176,85.333,0.0116,5
2026-08-31,MARLOWE,755943,ST VINCENT,23.5849,49.3391,55.343,-0.4574,2
2026-08-31,TUCKA TUCKA,756023,STAPYLTON,12.8931,18.2779,16.9869,0.0028,2
2026-08-31,MALAKOFF,756127,TANDORA,82.8875,86.7547,85.3427,0.0756,5
2026-08-31,BOLWARRY,756223,TONGOWOKO,96.3796,99.9434,98.8052,0.1063,5
2026-08-31,MOKELY,756231,TONGOWOKO,98.4524,100,99.5722,0.0382,5
2026-08-31,BENDITI,756465,VERNON,14.153,30.9232,33.9702,-0.3832,2
2026-08-31,BUNDYULUMBLAH,756517,WAKOOL,59.291,54.3718,46.6755,0.1307,4
2026-08-31,COBWELL,756525,WAKOOL,83.0359,73.3033,60.3788,0.1523,5
2026-08-31,MALLAN,756553,WAKOOL,87.6158,77.8365,72.281,0.1911,5
2026-08-31,KITCHO,756629,WALJEERS,69.7441,75.213,74.0264,0.1456,5
2026-08-31,GUTHEGA,756697,WALLACE,79.1127,85.9675,94.7511,-0.028,5
2026-08-31,BIDDI,756817,WELLESLEY,22.4441,15.4058,46.4711,-0.1818,2
2026-08-31,GANGERANG,757052,WESTMORELAND,37.619,51.8002,62.265,-0.2953,5
2026-08-31,WOOMAHRIGONG,757261,WYNYARD,41.7696,46.1712,57.1966,0.1215,4
2026-08-31,GINNEWANDINIA,757334,YANDA,45.3264,62.7765,59.9149,0.1926,4
2026-08-31,MOQUILAMBA,757350,YANDA,43.9874,63.3927,60.0032,0.1648,4
2026-08-31,WHYJONTA,757406,YANTARA,95.2954,99.2239,98.5401,0.1213,5
2026-08-31,ERNOO,757480,YUNGNULGRA,89.3089,93.8633,94.4593,0.0983,5
2026-08-31,YOWAHROO,757514,YUNGNULGRA,88.4502,92.4602,93.2273,0.059,5
2026-08-31,EGERTON,750089,ARRAWATTA,3.5799,7.796,8.7752,-0.0961,1
2026-08-31,COOPER,750261,BARADINE,14.5554,21.7384,19.8693,0.0433,3
2026-08-31,LONGSIDE,750337,BARRONA,71.5977,84.4674,85.3886,0.2141,5
2026-08-31,TORRENS,750413,BATHURST,60.5341,52.7081,74.7663,0.0473,5
2026-08-31,BOYANGA,750433,BENARBA,16.8453,19.6557,22.1772,-0.0085,2
2026-08-31,NARRAGUDGIL,750617,BLAND,76.5224,69.5626,73.8169,0.1807,5
2026-08-31,MANOPA,750682,BLAXLAND,51.249,47.3783,47.9203,0.1422,4
2026-08-31,COLLAROY,750743,BLIGH,8.2537,18.6062,17.8869,-0.0626,2
2026-08-31,TILTARGARA,750811,BOOROONDARRA,61.4063,67.0436,69.6068,0.1486,5
2026-08-31,YITHAN,750871,BOURKE,59.6878,48.2199,52.6288,0.1725,4
2026-08-31,PAGE,750948,BRISBANE,8.1664,18.7995,7.5119,-0.2769,2
2026-08-31,FISHER,751185,CAIRA,86.9126,81.3397,73.8981,0.2124,5
2026-08-31,NULLAWONG,751213,CAIRA,86.1767,84.0365,82.4307,0.1477,5
2026-08-31,PITARPUNGA,751217,CAIRA,90.3061,85.6384,78.8952,0.2093,5
2026-08-31,FLORIDA,751314,CANBELEGO,36.9629,57.148,48.2062,0.1305,4
2026-08-31,SNOWY,751477,CLARKE,17.0101,45.0518,37.2373,-0.2543,2
2026-08-31,BREWARRINA,751553,CLYDE,34.2084,52.0829,47.0076,0.1649,4
2026-08-31,NAVINA,751593,CLYDE,32.0472,48.8184,40.8274,0.1722,4
2026-08-31,YANDA,751621,CLYDE,22.8502,42.1721,34.649,0.0791,3
2026-08-31,CONAPAIRA EAST,751691,COOPER,28.8491,29.7738,28.4586,0.0984,3
2026-08-31,KOLKILBERTOO EAST,751711,COOPER,36.3483,33.611,32.9808,0.1185,4
2026-08-31,WATTI,751739,COOPER,55.6886,44.665,56.0529,0.1085,4
2026-08-31,GRUYERE,751879,COWPER,35.8412,52.8775,47.6713,0.1737,4
2026-08-31,MORWELL,751911,COWPER,28.5825,51.8889,40.9758,0.1322,3
2026-08-31,TUPPULMUMMI,751947,COWPER,41.1768,58.7839,56.2694,0.185,4
2026-08-31,BUGILBONE,752236,DENHAM,31.8635,49.1226,42.7444,0.0723,4
2026-08-31,KILPARA,752516,EVELYN,98.9657,100,99.5841,0.0195,5
2026-08-31,BRUNKER,752608,FARNELL,96.9616,96.0754,94.7811,0.0768,5
2026-08-31,CAMPBELL,752612,FARNELL,91.3721,92.1593,91.0761,0.0842,5
2026-08-31,CHAMBIGNE,752816,FITZROY,4.9697,28.9403,22.3394,-0.1023,1
2026-08-31,CORINDI,752820,FITZROY,21.9206,42.4796,35.6791,-0.134,2
2026-08-31,DELBY,752874,FLINDERS,43.3175,61.2871,50.9198,0.1886,4
2026-08-31,WALWA,752914,FLINDERS,42.0463,58.9886,49.1213,0.1754,4
2026-08-31,YAREE,753006,FRANKLIN,44.5086,46.4686,46.5531,0.1448,4
2026-08-31,WYNDHAM,753064,GEORGIANA,39.2618,55.5672,79.3159,-0.2205,5
2026-08-31,THULLOO,753116,GIPPS,44.4377,36.2931,43.5952,0.1744,4
2026-08-31,BENYA,753221,GORDON,47.2309,38.8909,33.9953,0.1852,4
2026-08-31,BALD NOB,753261,GOUGH,5.1611,15.0535,13.413,-0.102,2
2026-08-31,COLLYBURL,753437,GREGORY,25.1717,48.6651,36.3732,0.0776,3
2026-08-31,BOOKA,753543,GUNDERBOOKA,44.8379,65.1555,61.5334,0.1787,4
2026-08-31,ROUMALLA,753670,HARDINGE,6.9727,12.0566,11.3909,-0.0948,2
2026-08-31,GUNGALWA,753783,HUNTER,4.2317,17.9316,17.3234,-0.1381,1
2026-08-31,WINDSOR,753823,HUNTER,7.4827,13.8424,19.1028,-0.3464,2
2026-08-31,WOMERAH,753827,HUNTER,9.4258,17.2594,24.783,-0.3817,2
2026-08-31,CONROY,753859,IRRARA,48.8375,68.385,64.4124,0.1816,5
2026-08-31,YOUNGARIGNIA,753901,IRRARA,60.4742,75.4838,78.1533,0.2296,5
2026-08-31,BILLABOO SOUTH,753905,JAMISON,30.8901,46.3933,42.5786,0.0524,4
2026-08-31,CLEMENTS,753917,JAMISON,22.0748,34.5935,36.6054,0.0342,2
2026-08-31,YELKEER NORTH,754042,KILFERA,77.8404,80.9845,81.3999,0.087,5
2026-08-31,COBRILLA,754054,KILLARA,80.9391,87.7583,89.0049,0.0549,5
2026-08-31,NEWLAND,754077,KILLARA,74.5494,83.6809,85.8891,0.097,5
2026-08-31,WALLAH,754144,KING,30.0389,32.959,45.7709,0.0574,4
2026-08-31,WENTWORTH,754172,LANDSBOROUGH,64.7985,82.0751,81.4122,0.2081,5
2026-08-31,BOGEWANG,754180,LEICHHARDT,24.1946,43.1964,37.1448,0.066,3
2026-08-31,MOGIL,754224,LEICHHARDT,23.6246,47.6229,35.8754,0.0346,2
2026-08-31,BOOMLEY,754292,LINCOLN,17.5017,30.7243,22.2839,0.0407,3
2026-08-31,WANALLA,754391,LIVINGSTONE,77.6201,79.9992,83.5836,0.0854,5
2026-08-31,ROWLEY,754447,MACQUARIE,13.1232,28.6039,35.3938,-0.5633,2
2026-08-31,COONARTHA,754467,MANARA,73.6559,80.8333,81.1897,0.1525,5
2026-08-31,WEE ELWAH,754735,MOSSGIEL,48.1449,48.5062,49.1942,0.1447,4
2026-08-31,YATHONG,754747,MOSSGIEL,61.5544,57.6985,62.9876,0.1725,5
2026-08-31,COREE,754763,MOURAMBA,50.2941,62.6336,51.0222,0.2037,5
2026-08-31,DOWLING,754767,MOURAMBA,59.5463,62.6322,64.5836,0.1793,5
2026-08-31,BOOGENDERRA,754998,NARRAN,46.0697,65.4367,52.3216,0.1351,5
2026-08-31,GORDON,755036,NARRAN,42.671,64.9256,55.727,0.119,4
2026-08-31,BELLINGERAMBIL SOUTH,755140,NICHOLSON,35.4816,39.0062,36.5306,0.1317,4
2026-08-31,BALA,755208,NORTHUMBERLAND,9.0565,15.997,21.4989,-0.385,2
2026-08-31,PATTERSON,755464,POOLE,99.2245,100,99.8277,0.0182,5
2026-08-31,BOMERA,755476,POTTINGER,10.7652,24.7715,15.4902,-0.0007,2
2026-08-31,DONALD PLAIN,755576,RANKIN,62.0905,72.3249,74.6772,0.1089,5
2026-08-31,TYGALGAH,755749,ROUS,38.7786,71.4106,64.5895,0.0106,5
2026-08-31,LEA,755876,SELWYN,48.808,66.797,76.7684,0.0697,5
2026-08-31,SELWYN,755888,SELWYN,49.2959,58.712,69.7045,0.1389,5
2026-08-31,BROOKE,756080,TAILA,85.4594,83.7237,82.4438,0.1227,5
2026-08-31,CHARLEMONT,756120,TANDORA,80.5021,80.628,80.4403,0.0516,5
2026-08-31,BOREE,756256,TOWNSEND,56.435,57.4132,51.5507,0.1552,5
2026-08-31,NARDOO,756304,TOWNSEND,43.8804,47.465,44.1265,0.1558,4
2026-08-31,YAILAH,756385,ULARARA,90.7406,97.4325,96.948,0.1594,5
2026-08-31,CABRAMURRA,756682,WALLACE,59.7165,70.8005,81.7106,0.0556,5
2026-08-31,MURROO,756714,WALLACE,33.08,55.1576,68.8888,-0.1586,5
2026-08-31,PEVENSEY,756782,WARADGERY,52.7458,43.8981,40.8237,0.0851,4
2026-08-31,GRENVILLE,756834,WELLESLEY,13.115,8.4803,29.2368,-0.2197,2
2026-08-31,MILA,756846,WELLESLEY,11.3428,6.1193,27.4025,-0.3527,2
2026-08-31,WELLSMORE,756862,WELLESLEY,11.9569,13.1415,26.1496,-0.37,2
2026-08-31,ABERCORN,757033,WESTMORELAND,46.3402,59.9618,88.5345,-0.2364,5
2026-08-31,COCABOY,757090,WHITE,15.8234,27.4372,21.7742,0.0358,2
2026-08-31,DAMPIER,757098,WHITE,25.9213,40.212,35.1801,0.0501,3
2026-08-31,TEMOUNGA,757206,WOORE,66.9259,73.427,76.0774,0.136,5
2026-08-31,ELLERSLIE,757226,WYNYARD,25.0639,25.345,49.9549,0.085,3
2026-08-31,KYEAMBA,757238,WYNYARD,45.0311,44.2833,59.6419,0.1312,4
2026-08-31,LOUTH,757343,YANDA,53.5956,69.0554,67.2381,0.2254,5
2026-08-31,TINDERRA,757363,YANDA,37.514,60.4743,52.7839,0.1522,4
2026-08-31,WOODHOUSE,757371,YANDA,40.8536,62.4777,57.416,0.152,4
2026-08-31,GRIFFITHS,757439,YOUNG,86.4505,89.5935,89.1949,0.0527,5
2026-08-31,MULYENERY,757451,YOUNG,81.492,83.307,87.1288,0.0637,5
2026-08-31,PARADISE,757455,YOUNG,82.5397,86.0635,87.0798,0.0665,5
2026-08-31,WILLIS,757464,YOUNG,83.1827,86.0708,88.6181,0.0493,5
2026-08-31,CHARLTON,757473,YUNGNULGRA,86.1158,90.6953,91.5531,0.0956,5
2026-08-31,BANNABY,750001,ARGYLE,24.1304,42.3026,62.8998,-0.3272,2
2026-08-31,EDEN FOREST,750014,ARGYLE,36.7835,49.411,64.2412,-0.333,5
2026-08-31,PINDARI,750114,ARRAWATTA,3.9647,7.5937,10.1873,-0.1023,1
2026-08-31,BUNTIARA,750326,BARRONA,78.3539,88.2879,88.8373,0.2078,5
2026-08-31,DINDIERNA,750458,BENARBA,16.2128,19.8954,22.2148,-0.0008,2
2026-08-31,OREEL,750494,BENARBA,20.3006,29.3496,32.748,0.0287,2
2026-08-31,TALA,750498,BENARBA,15.9368,21.0949,23.3572,0.001,2
2026-08-31,BREDBO,750526,BERESFORD,13.7223,42.4674,50.2012,-0.2461,2
2026-08-31,THROSBY,750562,BERESFORD,10.9264,18.6047,38.0968,-0.3989,2
2026-08-31,BACK CREEK,750570,BLAND,72.4819,68.7975,70.1809,0.2127,5
2026-08-31,BLIGH,750735,BLIGH,12.3782,24.8898,20.103,-0.0024,2
2026-08-31,MAKUNAGOONA,750800,BOOROONDARRA,61.1214,63.0525,66.489,0.1607,5
2026-08-31,TURNER,750812,BOOROONDARRA,54.4838,63.3809,64.7343,0.1588,5
2026-08-31,CLERMISTON,750828,BOURKE,71.9169,60.6911,66.6989,0.2271,5
2026-08-31,KOCKIBITOO,750848,BOURKE,59.9478,55.0452,66.9489,0.0754,5
2026-08-31,PUCKINEVVY,750900,BOYD,35.2699,38.2532,37.2965,0.1515,4
2026-08-31,TANTONAN,751158,CADELL,79.9341,67.5008,59.9508,0.1622,5
2026-08-31,BALRANALD,751170,CAIRA,92.338,84.8872,76.4138,0.2261,5
2026-08-31,COUREBONE,751311,CANBELEGO,23.1325,46.6619,35.0611,0.0833,3
2026-08-31,GOYDER,751319,CANBELEGO,32.8658,55.3952,45.4302,0.1205,4
2026-08-31,BOREE,751399,CLARENDON,47.2225,47.9039,57.8955,0.1575,4
2026-08-31,STANTON,751478,CLARKE,7.4887,18.853,17.2939,-0.1583,2
2026-08-31,GLEN ELGIN,751516,CLIVE,6.9122,18.2401,15.2234,-0.0759,2
2026-08-31,BOURKE,751680,COOPER,28.333,31.0848,28.3105,0.0989,3
2026-08-31,DOWNS,751764,COURALLIE,18.455,24.7345,23.6806,0.0063,2
2026-08-31,ANNANDALE,751839,COWPER,32.7401,55.1108,47.0235,0.1617,4
2026-08-31,BILLA BULLA,751843,COWPER,38.6396,57.0776,53.5197,0.1765,4
2026-08-31,WATERLOO,751953,COWPER,30.0438,53.5516,44.9198,0.1474,4
2026-08-31,CEDIA,751974,CULGOA,51.0045,67.0486,62.0319,0.183,5
2026-08-31,ST LAWRENCE,752059,CUMBERLAND,22.221,37.8342,40.4029,-0.3588,2
2026-08-31,BORDER,752208,DELALAH,96.1111,97.6294,98.4396,0.1605,5
2026-08-31,CLIFFS,752408,DUDLEY,8.7607,42.556,42.2547,-0.3009,2
2026-08-31,WILLAWARRIN,752433,DUDLEY,7.8091,23.1541,19.1624,-0.4837,2
2026-08-31,BOULKA,752505,EVELYN,98.2565,100,99.2162,0.0191,5
2026-08-31,COALLY,752509,EVELYN,97.0524,99.8318,98.7329,0.0857,5
2026-08-31,KING,752517,EVELYN,96.5428,99.8805,98.8963,0.0856,5
2026-08-31,WINBINYAH,752801,FITZGERALD,85.6158,95.212,94.2042,0.1426,5
2026-08-31,CROWIE,752871,FLINDERS,40.6008,57.8669,48.1664,0.1735,4
2026-08-31,KINNEAR,752887,FLINDERS,40.7232,59.1814,51.8677,0.1775,4
2026-08-31,MIANDETTA,752891,FLINDERS,23.3263,53.8354,39.2513,0.1121,3
2026-08-31,BRAULIN,752931,FORBES,65.4702,64.3354,56.7586,0.3012,5
2026-08-31,MERRIBOOKA,753101,GIPPS,32.6295,34.0994,34.8745,0.1387,4
2026-08-31,WEST PLAINS,753129,GIPPS,62.3378,63.6828,57.5482,0.2963,5
2026-08-31,GANDYMUNGYDEL,753446,GREGORY,20.4505,42.2068,29.426,0.0628,3
2026-08-31,ALDER,753506,GRESHAM,6.7803,20.6754,18.0425,-0.1241,2
2026-08-31,BOTHADOOLA,753544,GUNDERBOOKA,44.547,63.1873,60.0333,0.179,4
2026-08-31,GALAR,753557,GUNDERBOOKA,46.7563,65.293,60.5415,0.1838,4
2026-08-31,ACONITE,753636,HARDINGE,7.4221,12.7388,18.009,-0.1111,2
2026-08-31,WHITE,753720,HAWES,47.6102,55.6256,58.9116,-0.3389,5
2026-08-31,CAROLINA,753978,KENNEDY,32.9915,64.0286,51.6562,0.1454,4
2026-08-31,EUCHABIL,753986,KENNEDY,47.8441,61.0318,49.6282,0.1883,4
2026-08-31,CALLINDRA,754051,KILLARA,78.895,87.4503,87.8998,0.0643,5
2026-08-31,MACPHERSON,754068,KILLARA,72.9134,84.9617,86.6026,0.119,5
2026-08-31,BRAMAH,754105,KING,30.4466,33.1039,45.4178,0.0594,4
2026-08-31,TAHRONE,754249,LEICHHARDT,27.1067,47.2376,35.9663,0.1066,3
2026-08-31,MULCAWEE,754637,MOOTWINGEE,96.1507,94.0449,94.3841,0.042,5
2026-08-31,WONOMINTA,754654,MOOTWINGEE,89.82,92.1539,92.3817,0.0634,5
2026-08-31,KELEELA,754691,MOSSGIEL,61.7884,58.8373,63.7331,0.166,5
2026-08-31,BRIGSTOCKE,754756,MOURAMBA,59.3174,62.2641,60.7325,0.1884,5
2026-08-31,KINCHELSEA,754788,MOURAMBA,60.3467,61.76,60.8954,0.179,5
2026-08-31,CRAWLEY,754824,MURCHISON,10.0904,21.5579,18.2498,-0.062,2
2026-08-31,BUNDABULLA,755009,NARRAN,40.3048,62.9608,52.7548,0.1111,4
2026-08-31,WONGAL,755081,NARRAN,41.4042,58.3711,52.9293,0.1352,4
2026-08-31,EAST MAROWIE,755157,NICHOLSON,37.6742,38.579,37.74,0.1443,4
2026-08-31,BELERINGAR,755277,OXLEY,29.2581,56.2049,41.3736,0.0985,3
2026-08-31,TERANGAN,755309,OXLEY,31.8024,64.1202,48.6495,0.1359,4
2026-08-31,BERTRAM,755357,PERRY,80.4072,85.2358,80.3645,0.1021,5
2026-08-31,ALBERT,755565,RANKIN,54.1469,69.9531,70.9495,0.1798,5
2026-08-31,BUCKINBE,755569,RANKIN,59.5808,75.2963,75.8511,0.1641,5
2026-08-31,DONALDSON,755609,RICHMOND,21.3566,64.4357,58.6859,-0.0733,2
2026-08-31,BANDAMORA,755758,ROXBURGH,17.1194,29.1597,28.4261,-0.0848,2
2026-08-31,TWYNAM,755893,SELWYN,77.2935,86.412,92.3178,-0.0239,5
2026-08-31,MORELLA,756013,STAPYLTON,10.6395,21.9562,14.9323,0.0173,2
2026-08-31,TRINKEY,756021,STAPYLTON,10.3541,19.807,16.5786,0.024,2
2026-08-31,ECKERBOON,756121,TANDORA,83.2997,85.282,84.5921,0.0781,5
2026-08-31,DAVISON,756205,THOULCANNA,89.0744,95.7584,96.8341,0.1594,5
2026-08-31,WARRI,756241,TONGOWOKO,98.6862,99.6382,99.3789,0.0279,5
2026-08-31,LAMB,756293,TOWNSEND,47.1876,53.1841,44.5859,0.1357,4
2026-08-31,MUNDIWA,756301,TOWNSEND,52.1892,61.6183,52.8016,0.1778,5
2026-08-31,YALGADOORI,756353,TOWNSEND,53.3041,55.8672,46.7766,0.1711,4
2026-08-31,URILLA,756378,ULARARA,95.9682,100,98.7934,0.157,5
2026-08-31,COCHRANE,756471,VERNON,5.4365,22.4193,21.7679,-0.3648,2
2026-08-31,GYNONG,756543,WAKOOL,74.9022,69.7281,58.22,0.1502,5
2026-08-31,MASSIE,756635,WALJEERS,47.8918,53.1607,59.0978,0.1122,5
2026-08-31,GROSE,756695,WALLACE,26.9224,18.0822,61.2999,-0.1722,2
2026-08-31,BRUSH,756739,WARADGERY,50.4415,45.3657,43.3708,0.1327,4
2026-08-31,JETTIBA,756839,WELLESLEY,12.8234,14.8921,29.5782,-0.3898,2
2026-08-31,GAMBOOLA,756883,WELLINGTON,36.8476,32.075,37.2466,0.0881,4
2026-08-31,COWL,756940,WENTWORTH,90.9472,78.3009,76.9262,0.1519,5
2026-08-31,GOONALGAA,757010,WERUNDA,80.0044,85.1877,86.8336,0.0449,5
2026-08-31,SENTINEL,757303,YANCOWINNA,86.3976,87.7974,81.9236,0.0653,5
2026-08-31,WOOLLA,757372,YANDA,44.2522,61.8613,60.0057,0.1921,4
2026-08-31,MILTARA,757491,YUNGNULGRA,90.2695,94.3854,96.1175,0.1147,5
2026-08-31,LESLIE,750103,ARRAWATTA,4.8048,9.2614,9.9439,-0.0664,1
2026-08-31,WISE,750187,ASHBURNHAM,57.5713,48.3356,45.4578,0.2788,4
2026-08-31,MOOKERWAH,750219,AUCKLAND,7.1944,9.3727,16.3468,-0.3057,2
2026-08-31,ARKELL,750355,BATHURST,61.4527,64.6838,76.5474,0.0477,5
2026-08-31,WALDEGRAVE,750415,BATHURST,49.2416,42.6672,65.5324,0.1016,4
2026-08-31,WIRRIR SOUTH,750515,BENARBA,19.2258,22.5812,27.0669,0.0173,2
2026-08-31,MAHURANGI,750680,BLAXLAND,51.3786,47.6833,48.2318,0.1396,4
2026-08-31,GANMAIN,750841,BOURKE,58.526,55.769,66.9142,0.079,5
2026-08-31,WEST GOODRADIGBEE,751002,BUCCLEUCH,50.6056,49.6266,59.2967,0.0998,4
2026-08-31,POCUPAR,751075,BULLER,25.3443,44.6911,44.4886,-0.1233,2
2026-08-31,GERAKI,751187,CAIRA,88.8091,85.8985,81.1014,0.1922,5
2026-08-31,KIDGERY,751324,CANBELEGO,23.8787,52.29,34.4338,0.093,3
2026-08-31,MONKELLAN,751332,CANBELEGO,28.3891,51.5144,41.7924,0.1196,3
2026-08-31,SCOPE,751384,CLARENCE,25.5295,39.7439,36.913,-0.1078,2
2026-08-31,DYKE,751451,CLARKE,5.0009,22.2222,18.5245,-0.3588,2
2026-08-31,BOGAN,751551,CLYDE,19.5324,44.0604,33.2422,0.0802,3
2026-08-31,ETHELBERG,751571,CLYDE,27.749,46.2721,37.9296,0.1378,3
2026-08-31,GRALWIN,751579,CLYDE,20.1639,43.8629,33.37,0.0618,3
2026-08-31,MUNDADOO,751591,CLYDE,19.0736,44.237,33.6791,0.0704,3
2026-08-31,BARRALONG,751673,COOPER,34.422,34.8033,35.4481,0.1125,4
2026-08-31,COLCHESTER,751689,COOPER,23.1022,32.0763,30.3085,0.097,3
2026-08-31,WILLBRIGGIE,751741,COOPER,24.0399,32.428,29.407,0.107,3
2026-08-31,MUNGIE BUNDIE,751781,COURALLIE,17.9736,24.9401,21.8756,0.0321,2
2026-08-31,BOGAN,751844,COWPER,36.6897,53.3929,51.0945,0.1717,4
2026-08-31,CORONGA,751856,COWPER,26.769,51.7385,43.5422,0.1386,3
2026-08-31,EDENHOPE,751868,COWPER,24.488,49.2755,37.8378,0.1198,3
2026-08-31,FINLAY,751872,COWPER,28.4227,53.3406,45.3429,0.1491,3
2026-08-31,KOOROOMAN,751893,COWPER,36.7548,60.4555,52.6567,0.1463,4
2026-08-31,MANWANGA,751901,COWPER,41.8141,60.0436,57.5095,0.1849,4
2026-08-31,MULGAWARRINA,751913,COWPER,22.086,43.5626,33.4399,0.102,3
2026-08-31,COCKELLIREENA,751975,CULGOA,42.6922,57.1386,51.3593,0.1533,4
2026-08-31,POWER,752000,CULGOA,52.1237,69.2568,64.6388,0.1923,5
2026-08-31,UABBA,752350,DOWLING,35.2009,36.0416,37.5381,0.1471,4
2026-08-31,KEYBARBIN,752381,DRAKE,17.7413,42.7825,41.7393,-0.0581,2
2026-08-31,NULLA NULLA,752422,DUDLEY,5.1129,22.0763,16.4954,-0.3806,2
2026-08-31,PEE DEE,752426,DUDLEY,5.1681,22.9219,17.5641,-0.3982,2
2026-08-31,ROCKY GLEN,752534,EVELYN,98.0133,99.9841,99.1753,0.0597,5
2026-08-31,TENANDRA,752594,EWENMAR,23.8438,46.2405,34.4262,0.0805,3
2026-08-31,BOCO,752606,FARNELL,97.0066,94.4473,93.6058,0.0685,5
2026-08-31,BURRAN BURRAN,752665,FINCH,21.0307,23.7567,26.9088,0.0269,2
2026-08-31,WONKO,752802,FITZGERALD,84.2947,93.6268,92.7254,0.1361,5
2026-08-31,CAMERON,752868,FLINDERS,43.5742,60.0695,50.6786,0.1879,4
2026-08-31,FIRBANK,752876,FLINDERS,38.8838,57.269,48.5851,0.1801,4
2026-08-31,QUANDA,752904,FLINDERS,31.3091,56.5395,46.1561,0.15,4
2026-08-31,WHARFDALE NORTH,752916,FLINDERS,37.8134,59.5076,49.1924,0.1725,4
2026-08-31,CURRAH,753086,GIPPS,37.7757,37.4122,39.0396,0.1656,4
2026-08-31,WARDRY,753126,GIPPS,28.6115,32.2594,31.7082,0.1149,3
2026-08-31,HERBERT,753285,GOUGH,2.0331,7.5929,7.6014,-0.0915,1
2026-08-31,TAILBY,753491,GREGORY,20.1293,37.8857,27.8988,0.0924,3
2026-08-31,COONING,753549,GUNDERBOOKA,48.1096,64.8663,59.515,0.1784,5
2026-08-31,COOLCUMBA,753689,HAWES,17.7135,17.4129,14.8896,-0.4246,2
2026-08-31,THURNAPATCHA,753894,IRRARA,74.9702,86.711,87.9372,0.2084,5
2026-08-31,COORONG,753919,JAMISON,24.9739,41.8494,37.2564,0.04,2
2026-08-31,CAVENDISH,753979,KENNEDY,41.3741,63.8735,54.451,0.1737,4
2026-08-31,GOBONDRY,753991,KENNEDY,42.2347,59.8274,49.1349,0.197,4
2026-08-31,MYALI,754074,KILLARA,64.6252,79.4921,80.9365,0.1153,5
2026-08-31,ALTON,754097,KING,43.0354,42.4666,52.7467,0.1245,4
2026-08-31,JUNG JUNG,754162,LANDSBOROUGH,61.2371,78.711,79.5839,0.1808,5
2026-08-31,TALLEGAR,754250,LEICHHARDT,21.1647,41.6376,29.9153,0.0783,3
2026-08-31,BURTA,754509,MENINDEE,89.8061,88.4667,85.2273,0.0572,5
2026-08-31,COFFIN ROCK,754545,MITCHELL,52.4945,57.2627,66.1369,0.1286,5
2026-08-31,MUNDOWY,754561,MITCHELL,56.2164,58.8062,67.2162,0.0815,5
2026-08-31,GEEGULLALONG,754589,MONTEAGLE,57.0875,55.3391,63.8298,0.1262,5
2026-08-31,TIARRI,754720,MOSSGIEL,59.4623,58.0805,62.9086,0.1623,5
2026-08-31,TANGE,754862,MURCHISON,10.562,19.0957,19.8544,-0.0476,2
2026-08-31,BINNIA,754960,NAPIER,13.472,21.4286,18.3027,-0.0102,2
2026-08-31,BUNNA BUNNA,755010,NARRAN,45.3148,60.5324,48.2848,0.1239,4
2026-08-31,WAROMA,755074,NARRAN,48.196,69.4488,55.5664,0.1523,5
2026-08-31,WOOLOMIN,755350,PARRY,5.4371,10.9416,7.4387,-0.1638,2
2026-08-31,COMIALA,755422,PHILLIP,6.9864,18.1145,18.2858,-0.0612,2
2026-08-31,FORT GREY,755458,POOLE,99.573,100,99.8478,0.012,5
2026-08-31,BALAH,755638,ROBINSON,55.9412,64.4386,66.3132,0.1604,5
2026-08-31,WARRAZAMBIL,755751,ROUS,35.3608,63.4835,54.6411,0.0255,4
2026-08-31,JESSE,755780,ROXBURGH,24.981,29.0054,36.7512,-0.024,2
2026-08-31,JAGUMBA,755870,SELWYN,60.5336,71.2225,79.9585,0.088,5
2026-08-31,MUNYANG,755882,SELWYN,75.6544,83.6057,88.5917,0.0158,5
2026-08-31,BETTOWYND,755906,ST VINCENT,5.9164,19.8625,28.6491,-0.3975,2
2026-08-31,BORIMBADAL,755910,ST VINCENT,27.6389,42.4946,55.9584,-0.4301,2
2026-08-31,WHITTABRANAH,756242,TONGOWOKO,98.3052,99.9263,99.5358,0.0344,5
2026-08-31,MORUNDAH,756431,URANA,48.441,49.4358,53.6838,0.1124,4
2026-08-31,GNUIE,756540,WAKOOL,86.5452,76.4851,64.4834,0.1347,5
2026-08-31,POON BOON,756576,WAKOOL,87.9567,77.4964,68.5718,0.2022,5
2026-08-31,WHYMOUL,756592,WAKOOL,81.5276,71.8351,59.0953,0.1548,5
2026-08-31,WYUNGA,756664,WALJEERS,62.6907,60.7728,61.9046,0.1165,5
2026-08-31,THE PEAK,756724,WALLACE,16.8272,24.1888,43.1301,-0.3559,2
2026-08-31,WALLABY,756800,WARADGERY,45.175,43.7457,46.3088,0.0896,4
2026-08-31,ASHTON,756816,WELLESLEY,11.6885,8.8071,21.2738,-0.3171,2
2026-08-31,COPPER HILL,756876,WELLINGTON,31.7158,29.839,30.5393,0.0977,3
2026-08-31,TAMBAROORA,756905,WELLINGTON,17.0093,20.2624,20.0631,0.0218,2
2026-08-31,COONAVITTRA,757003,WERUNDA,67.3003,76.2718,79.5292,0.0941,5
2026-08-31,CURRANYALE,757007,WERUNDA,79.2247,83.1483,86.0456,0.0499,5
2026-08-31,GORMAN,757104,WHITE,19.8009,36.7823,28.1621,0.0356,2
2026-08-31,ANTITA,757130,WINDEYER,91.2597,87.7963,87.1799,0.042,5
2026-08-31,RAMLEH,757167,WINDEYER,89.5652,88.3084,87.2515,0.0663,5
2026-08-31,WOOD,757260,WYNYARD,44.7548,48.2416,64.9575,0.1319,4
2026-08-31,MUNDI MUNDI,757292,YANCOWINNA,86.9306,90.2464,84.952,0.0675,5
2026-08-31,REDAN,757300,YANCOWINNA,84.4402,83.5084,81.028,0.0648,5
2026-08-31,HALLAM,750096,ARRAWATTA,3.9921,9.5345,7.6319,-0.0582,1
2026-08-31,TOWAMBA,750232,AUCKLAND,3.7741,4.768,21.8857,-0.3363,1
2026-08-31,COSGROVE,750536,BERESFORD,40.8819,62.4289,67.3827,-0.1094,5
2026-08-31,CARAGABAL,750590,BLAND,71.1043,66.8795,66.2139,0.2215,5
2026-08-31,MINIJARY,750612,BLAND,71.5061,68.2572,66.9758,0.2193,5
2026-08-31,COWL,750790,BOOROONDARRA,54.1219,62.585,64.2711,0.1657,5
2026-08-31,TARA,750862,BOURKE,61.161,52.1402,62.7558,0.1852,5
2026-08-31,TOGANMAIN,750902,BOYD,30.5438,36.5349,33.7905,0.1274,4
2026-08-31,WORONDI,750967,BRISBANE,6.2244,17.4753,16.5979,-0.0836,2
2026-08-31,YANGA,751244,CAIRA,90.9125,84.5352,74.7157,0.2254,5
2026-08-31,DENDROBIUM,751272,CAMDEN,36.6793,44.9988,53.2062,-0.3494,5
2026-08-31,TOOTALALLY,751345,CANBELEGO,22.5673,44.064,33.5332,0.0885,3
2026-08-31,BILDA,751397,CLARENDON,33.905,38.7738,48.7083,0.0967,4
2026-08-31,WANTABADGERY,751430,CLARENDON,34.3705,36.3243,49.7276,0.1015,4
2026-08-31,LEWIS,751526,CLIVE,6.3953,16.7767,13.8481,-0.0995,2
2026-08-31,MERANDA,751588,CLYDE,20.8474,44.2216,31.8718,0.0536,3
2026-08-31,GURRAGONG,751706,COOPER,38.9646,33.5661,34.3304,0.126,4
2026-08-31,MEJUM,751714,COOPER,53.0795,45.3258,59.081,0.0899,4
2026-08-31,MOOTCHA,751910,COWPER,35.162,52.9234,48.0851,0.1726,4
2026-08-31,COREEN WEST,752279,DENISON,56.2082,55.0822,52.7063,0.1111,5
2026-08-31,PATTERSON,752527,EVELYN,98.9585,100,99.567,0.027,5
2026-08-31,SANPAH,752535,EVELYN,97.2637,98.8778,98.0912,0.0381,5
2026-08-31,WEMABUNG,752599,EWENMAR,22.3255,41.8151,32.0042,0.0807,3
2026-08-31,BORDER,752607,FARNELL,97.1891,98.6874,98.0405,0.0372,5
2026-08-31,COONBARALBA,752615,FARNELL,87.9315,90.7489,88.2857,0.0667,5
2026-08-31,YAPUNYA,752803,FITZGERALD,84.7735,94.5469,93.3541,0.1376,5
2026-08-31,TALLABUNG,752953,FORBES,65.922,66.0636,58.7523,0.302,5
2026-08-31,GORMANS HILL,753091,GIPPS,36.5619,35.2653,34.7191,0.1536,4
2026-08-31,JEMALONG WEST,753095,GIPPS,61.9522,63.2847,54.6601,0.3003,5
2026-08-31,WARRABERRY,753256,GORDON,44.9032,38.9084,33.5821,0.1751,4
2026-08-31,WELLINGROVE,753320,GOUGH,3.5916,12.1383,9.491,-0.0837,1
2026-08-31,GREENBAH,753384,GOWEN,17.3857,28.0224,20.3189,0.0306,2
2026-08-31,BERGO,753420,GREGORY,22.791,54.2886,33.5284,0.0976,3
2026-08-31,MARTHAGUY,753468,GREGORY,20.0698,44.4563,32.9845,0.0466,3
2026-08-31,WELLINGTON,753538,GRESHAM,4.326,18.0261,14.5721,-0.0411,1
2026-08-31,WOOLGARLO,753633,HARDEN,50.3108,49.9167,60.3001,0.0987,5
2026-08-31,BARLOW,753642,HARDINGE,3.4808,10.3189,10.6673,-0.1006,1
2026-08-31,OLLERA,753669,HARDINGE,3.3178,11.8564,7.898,-0.0694,1
2026-08-31,MUKKI,753702,HAWES,27.5512,26.3541,31.8245,-0.3988,2
2026-08-31,STRAHORN,754016,KENNEDY,46.6478,62.7118,50.9304,0.1631,4
2026-08-31,SOLFERINO,754037,KILFERA,80.9273,83.7361,80.6852,0.0941,5
2026-08-31,BIPARO,754151,LANDSBOROUGH,80.673,90.835,90.0135,0.1455,5
2026-08-31,PELORA,754167,LANDSBOROUGH,68.7312,83.429,83.3642,0.2069,5
2026-08-31,NIMBIA,754239,LEICHHARDT,24.3126,45.9801,36.4107,0.039,2
2026-08-31,YENDA,754394,LIVINGSTONE,83.9374,86.4122,85.6839,0.082,5
2026-08-31,COGO,754406,MACQUARIE,11.554,20.4444,26.8199,-0.4638,2
2026-08-31,BAYMORE,754458,MANARA,79.6117,83.3144,80.9147,0.1093,5
2026-08-31,WELLESLEY,754498,MANARA,76.2969,83.555,81.9025,0.1176,5
2026-08-31,NARRALLEN,754601,MONTEAGLE,55.2125,51.9433,57.5716,0.139,5
2026-08-31,COYURUNDA,754621,MOOTWINGEE,96.4353,94.6738,95.0634,0.0449,5
2026-08-31,CALYTRIA SOUTH,754673,MOSSGIEL,60.3507,55.8203,61.4245,0.164,5
2026-08-31,PINGUNNIA,754713,MOSSGIEL,69.542,71.3897,73.6659,0.1707,5
2026-08-31,DONALDSON,754766,MOURAMBA,54.9645,64.4572,63.6534,0.1703,5
2026-08-31,HALL,754842,MURCHISON,8.0016,17.2465,16.0119,-0.0656,2
2026-08-31,RIDER,754859,MURCHISON,12.9677,20.4578,19.0854,-0.0182,2
2026-08-31,CONNOR,754933,NANDEWAR,13.598,22.4517,19.206,-0.036,2
2026-08-31,MOORANGOORANG,754973,NAPIER,17.4307,30.0838,21.7865,0.0214,2
2026-08-31,KOOREE,755235,NORTHUMBERLAND,23.1388,35.2151,38.9309,-0.396,2
2026-08-31,WERA,755315,OXLEY,23.6015,55.6903,41.323,0.119,3
2026-08-31,MUELLER,755383,PERRY,81.4027,84.5718,79.9328,0.1076,5
2026-08-31,NOMBI,755515,POTTINGER,12.1138,26.4171,16.398,0.0155,2
2026-08-31,GIDGIEGALUMBA,755579,RANKIN,54.1841,70.3201,70.1019,0.1919,5
2026-08-31,EAST CASINO,755611,RICHMOND,30.1695,75.1864,67.6189,-0.0529,4
2026-08-31,SOUTH CASINO,755627,RICHMOND,26.8596,75.0449,66.7304,-0.058,2
2026-08-31,CASTLETON,755764,ROXBURGH,33.8316,39.0223,65.9416,-0.0628,4
2026-08-31,GOONGAL,755777,ROXBURGH,10.273,26.5607,19.5933,-0.0648,2
2026-08-31,MERRIGALAH,755833,SANDON,8.2214,18.3955,15.8469,-0.2572,2
2026-08-31,GLENKEN,755863,SELWYN,46.5756,62.079,72.2535,0.105,5
2026-08-31,DOWNEY,756047,STURT,42.0196,42.6858,45.9917,0.1092,4
2026-08-31,NORTH UARDRY,756063,STURT,36.3594,40.4045,40.8896,0.1171,4
2026-08-31,PATTERSON,756135,TANDORA,80.1451,83.8382,82.3369,0.0591,5
2026-08-31,WILLS,756143,TANDORA,83.1219,85.8829,84.2692,0.0618,5
2026-08-31,BELMORE,756247,TOWNSEND,49.5485,58.6039,49.5746,0.1542,4
2026-08-31,FINLAY,756283,TOWNSEND,43.4711,48.3502,40.607,0.1376,4
2026-08-31,WARRAWOOL,756339,TOWNSEND,51.6316,58.5184,48.9794,0.1779,4
2026-08-31,WUREEP,756351,TOWNSEND,43.5375,42.2812,39.5267,0.1412,4
2026-08-31,HOWELL,756424,URANA,42.8424,43.4476,49.5688,0.1304,4
2026-08-31,MOONA,756489,VERNON,32.561,47.5861,54.0224,-0.335,4
2026-08-31,MEKAI,756637,WALJEERS,51.9394,54.9877,57.8849,0.1162,5
2026-08-31,TOORALBOUNG,756657,WALJEERS,68.9012,65.3153,62.0231,0.1056,5
2026-08-31,POPONG,756721,WALLACE,17.8879,15.1583,36.6294,-0.1974,2
2026-08-31,WAMBROOK,756729,WALLACE,31.2631,50.5138,68.8059,-0.1762,5
2026-08-31,SINCLAIR,756789,WARADGERY,66.1352,58.8463,53.9342,0.1099,5
2026-08-31,GLENBOG,756833,WELLESLEY,12.5635,13.7297,39.3503,-0.4072,2
2026-08-31,ULMARRAH,756914,WELLINGTON,16.0504,20.7099,17.3979,0.0254,2
2026-08-31,CYCLOPS,757048,WESTMORELAND,37,53.377,61.3649,-0.2855,5
2026-08-31,MERLIN,757064,WESTMORELAND,36.8553,50.8376,62.0182,-0.3118,5
2026-08-31,WARRA WIGRA,757209,WOORE,71.6417,77.1839,78.1868,0.1671,5
2026-08-31,YANDAGULLA,757374,YANDA,51.4464,68.75,69.2097,0.2199,5
2026-08-31,DARLING,757430,YOUNG,85.3212,88.9087,90.1471,0.0342,5
2026-08-31,GREVILLE,757438,YOUNG,84.6549,87.6374,87.5459,0.0629,5
2026-08-31,MULGA,757450,YOUNG,83.1007,86.2503,88.6264,0.0428,5
2026-08-31,DAUBENY,757476,YUNGNULGRA,87.88,89.0209,90.9254,0.0541,5
2026-08-31,KANDIE,757485,YUNGNULGRA,88.2602,90.8327,91.7256,0.0585,5
2026-08-31,WALLANGRA,750125,ARRAWATTA,4.9509,8.6993,8.3897,-0.04,1
2026-08-31,YARRAGONG,750189,ASHBURNHAM,59.4376,63.0821,55.8718,0.2996,5
2026-08-31,MUTTAMA,750297,BARADINE,29.5086,48.9127,37.4916,0.0889,3
2026-08-31,BILLIMARI,750361,BATHURST,57.0283,40.851,43.601,0.2084,4
2026-08-31,DERRA,750457,BENARBA,17.4156,22.2067,25.5019,0.0063,2
2026-08-31,DUNDUNGA,750461,BENARBA,18.7129,20.2557,21.6057,-0.0056,2
2026-08-31,WARREN,750509,BENARBA,16.7197,19.3648,21.932,-0.0095,2
2026-08-31,BRANSBY,750525,BERESFORD,15.8488,43.1667,51.1381,-0.1753,2
2026-08-31,YORK,750569,BERESFORD,17.0102,40.8502,53.5664,-0.1731,2
2026-08-31,TALLAWANG,750767,BLIGH,13.3261,22.4818,19.1209,0.0051,2
2026-08-31,GOREETABAH,750795,BOOROONDARRA,58.5764,62.6586,64.9773,0.174,5
2026-08-31,BROGHEDA,750915,BRISBANE,5.1301,17.095,13.6166,-0.1356,2
2026-08-31,WAVERLY,750960,BRISBANE,8.7516,19.0839,7.5719,-0.4682,2
2026-08-31,PINBEYAN,750996,BUCCLEUCH,43.7102,56.8001,67.8637,0.151,5
2026-08-31,GREGSON,751016,BUCKLAND,5.2854,16.3913,10.67,-0.0911,2
2026-08-31,COUTTS,751057,BULLER,28.1578,49.2958,46.9631,-0.1117,2
2026-08-31,NAP NAP,751209,CAIRA,84.4302,82.3485,75.8779,0.1783,5
2026-08-31,BERRY,751306,CANBELEGO,23.1817,44.4883,35.4905,0.1017,3
2026-08-31,GLENARIFF,751318,CANBELEGO,22.4892,42.2384,33.4693,0.0918,3
2026-08-31,LANGTREE,751326,CANBELEGO,32.246,52.4497,43.8862,0.1222,4
2026-08-31,WOOMBAH,751394,CLARENCE,22.1282,57.6873,48.1136,-0.0769,2
2026-08-31,WANTIOOL,751431,CLARENDON,44.3343,44.3804,58.6845,0.1617,4
2026-08-31,HALL,751457,CLARKE,3.5441,15.5509,13.5694,-0.0959,1
2026-08-31,BAJIMBA,751489,CLIVE,6.3027,25.9484,14.9626,-0.0737,2
2026-08-31,WAVENEY,751605,CLYDE,19.9689,43.63,33.1279,0.09,3
2026-08-31,WILGA,751609,CLYDE,23.3545,44.4068,36.8065,0.1099,3
2026-08-31,EURATHA,751699,COOPER,31.878,30.2854,30.3654,0.1075,4
2026-08-31,SMART,751787,COURALLIE,16.9655,29.1755,28.2838,0.0144,2
2026-08-31,DALBY,751858,COWPER,28.0956,52.6242,41.7862,0.1354,3
2026-08-31,GLENARIFF,751875,COWPER,23.4212,46.8658,35.4171,0.1114,3
2026-08-31,ROBERTSON,751931,COWPER,27.3366,53.0379,43.8634,0.1407,3
2026-08-31,GRINDIE,751985,CULGOA,45.8731,60.9321,57.4167,0.1665,4
2026-08-31,MALGOOLIE,751993,CULGOA,43.9453,58.5601,56.4534,0.1634,4
2026-08-31,MERRICUMBENE,752150,DAMPIER,3.5942,15.6393,24.3572,-0.4198,1
2026-08-31,GLASS,752248,DENHAM,27.9981,49.7746,40.9968,0.0698,3
2026-08-31,YARRAMURTIE,752548,EVELYN,96.1762,98.9324,98.2664,0.0863,5
2026-08-31,BOGRA,752651,FINCH,25.7748,47.4736,36.1486,0.0823,3
2026-08-31,GUERALEH,752779,FITZGERALD,85.3673,94.7342,93.782,0.1428,5
2026-08-31,TANTIVY,752796,FITZGERALD,86.6187,95.1326,94.9865,0.1488,5
2026-08-31,YAMMA,752922,FLINDERS,28.2211,55.7605,47.0548,0.1327,3
2026-08-31,EMBAGGA,752970,FRANKLIN,41.7527,41.1782,41.2539,0.1358,4
2026-08-31,EUGLO SOUTH,753088,GIPPS,41.4408,39.8588,43.58,0.1833,4
2026-08-31,HIAWATHA,753092,GIPPS,72.7492,66.2676,70.005,0.2155,5
2026-08-31,WELLINGTON,753321,GOUGH,4.0605,12.9102,9.4453,-0.0933,1
2026-08-31,BUCKINGUY,753429,GREGORY,19.6312,44.5179,29.7954,0.0434,3
2026-08-31,EULAMOGA,753445,GREGORY,21.8577,48.5601,34.6234,0.0646,3
2026-08-31,MARARA WEST,753526,GRESHAM,4.9415,18.344,16.1013,-0.0664,1
2026-08-31,NELLYS SPRINGS,753568,GUNDERBOOKA,47.1064,64.2824,58.7137,0.1781,4
2026-08-31,YARRAMAN,753588,GUNDERBOOKA,44.1058,58.602,55.4086,0.1723,4
2026-08-31,COOPER,753653,HARDINGE,2.6215,9.2848,9.4375,-0.0942,1
2026-08-31,NAYLOR,753707,HAWES,43.5433,70.6552,73.8992,-0.3472,5
2026-08-31,RUSHBROOK,753711,HAWES,57.1752,72.2229,78.3652,-0.2853,5
2026-08-31,WEENEY,753819,HUNTER,4.4127,11.2495,14.5603,-0.2464,1
2026-08-31,GENAREN,753989,KENNEDY,45.9038,63.3778,51.4186,0.1757,4
2026-08-31,REDDIN,754082,KILLARA,82.4845,88.7866,89.201,0.0625,5
2026-08-31,TUTTY,754090,KILLARA,77.0588,88.3197,87.8031,0.1477,5
2026-08-31,MOURABIE,754228,LEICHHARDT,24.9114,44.0268,35.9992,0.0747,3
2026-08-31,GERATHULA,754471,MANARA,73.0549,83.3747,81.3448,0.1449,5
2026-08-31,GILLENBAH,754551,MITCHELL,49.5652,45.5428,59.0355,0.0918,4
2026-08-31,BUMBALDRY,754579,MONTEAGLE,66.4966,53.8389,60.3555,0.2077,5
2026-08-31,CAMERON,754674,MOSSGIEL,60.3416,65.32,68.0625,0.1759,5
2026-08-31,MOONGOOLA,754706,MOSSGIEL,55.569,53.6566,57.2497,0.1604,5
2026-08-31,WHARPAROO,754739,MOSSGIEL,57.6559,67.183,67.8902,0.1734,5
2026-08-31,MOSSGIEL,754795,MOURAMBA,61.3936,62.5773,66.245,0.1602,5
2026-08-31,GOURON,754839,MURCHISON,7.4854,14.2541,14.1188,-0.0745,2
2026-08-31,LITTLE PLAIN,754847,MURCHISON,9.3841,14.7494,18.6915,-0.1175,2
2026-08-31,BIAMBLE,754958,NAPIER,17.3637,29.3117,21.6998,0.023,2
2026-08-31,CATO,755016,NARRAN,32.5494,46.9557,41.8284,0.1573,4
2026-08-31,GOAN,755108,NARROMINE,31.5041,49.5738,38.6015,0.0964,4
2026-08-31,PARKER,755188,NICHOLSON,34.7187,37.6524,36.3483,0.1275,4
2026-08-31,WEERIE,755200,NICHOLSON,30.669,35.3028,34.1522,0.1166,4
2026-08-31,YANGO,755272,NORTHUMBERLAND,9.5794,19.0548,24.6233,-0.3887,2
2026-08-31,HOWITT,755372,PERRY,82.0548,83.6476,79.8714,0.1124,5
2026-08-31,NANIA,755388,PERRY,81.144,85.6412,80.5465,0.1041,5
2026-08-31,MELVILLE,755508,POTTINGER,15.0528,31.4705,22.5204,0.0117,2
2026-08-31,SPRINGFIELD,755520,POTTINGER,5.685,13.3018,10.9666,-0.0243,2
2026-08-31,LAWRENCE,755584,RANKIN,52.7892,68.1517,68.9622,0.1545,5
2026-08-31,STANLEY,755592,RANKIN,62.4333,69.7838,73.6991,0.1218,5
2026-08-31,WOORE,755600,RANKIN,65.7878,73.65,76.9534,0.1062,5
2026-08-31,HUME,755868,SELWYN,52.9092,66.0562,82.1975,0.0173,5
2026-08-31,BOLARO,755908,ST VINCENT,4.1638,12.9201,21.246,-0.4601,1
2026-08-31,DOURO,755996,STAPYLTON,19.6492,34.2465,30.8875,0.0372,2
2026-08-31,WOWONG,756072,STURT,26.1073,34.4322,29.9599,0.1165,3
2026-08-31,WAVERLEY,756219,THOULCANNA,84.9589,92.6146,94.3123,0.2007,5
2026-08-31,BILLABONG,756248,TOWNSEND,58.0562,56.8181,47.4931,0.1314,4
2026-08-31,GILBERT,756284,TOWNSEND,45.6618,48.4839,41.9752,0.1341,4
2026-08-31,RONALD,756324,TOWNSEND,52.5548,48.6985,42.1242,0.1222,4
2026-08-31,WARRISTON,756340,TOWNSEND,44.1101,49.7483,43.5315,0.1502,4
2026-08-31,HASTINGS,756421,URANA,54.8917,55.2952,54.752,0.1183,5
2026-08-31,WILSON,756454,URANA,46.1189,51.6958,46.8135,0.1549,4
2026-08-31,FITZROY,756478,VERNON,14.4086,39.1037,38.761,-0.3775,2
2026-08-31,KUNDERANG,756486,VERNON,28.3959,57.6529,63.794,-0.2868,2
2026-08-31,BENELKAY,756610,WALJEERS,68.4868,75.9436,75.3296,0.1858,5
2026-08-31,GREGORY,756626,WALJEERS,71.7573,73.3221,72.8091,0.1327,5
2026-08-31,WOOLOOMBYE,756810,WARADGERY,50.0034,42.0403,44.0293,0.0587,4
2026-08-31,WALTERS,756915,WELLINGTON,13.1847,20.0036,13.1392,0.0288,2
2026-08-31,WONGOLARROO,757029,WERUNDA,74.9915,79.0856,83.1616,0.0656,5
2026-08-31,BINDO,757041,WESTMORELAND,52.4835,58.7183,82.1716,-0.1757,5
2026-08-31,JOORILAND,757057,WESTMORELAND,34.083,46.4618,62.1749,-0.3642,5
2026-08-31,HAY,757194,WOORE,71.1747,77.491,80.1093,0.1251,5
2026-08-31,ALMA,757266,YANCOWINNA,82.1378,86.8448,79.7518,0.0562,5
2026-08-31,DARLING,757327,YANDA,56.6839,72.5334,73.2007,0.2076,5
2026-08-31,ELUTHA,757331,YANDA,52.098,65.9513,63.5979,0.1967,5
2026-08-31,WARREGO,757367,YANDA,43.56,61.598,59.6927,0.1907,4
2026-08-31,QUAMBY,757499,YUNGNULGRA,91.0591,94.4451,96.4735,0.099,5
2026-08-31,KERRAWARY,750023,ARGYLE,32.6197,45.6512,62.9578,-0.3477,5
2026-08-31,QUIALIGO,750044,ARGYLE,33.5285,55.2146,70.7397,-0.2986,5
2026-08-31,ASTLEY,750066,ARRAWATTA,2.8822,9.0087,7.7824,-0.0785,1
2026-08-31,MERITI,750110,ARRAWATTA,4.3121,9.1788,7.8764,-0.0411,1
2026-08-31,WAMBADULE,750314,BARADINE,30.4453,45.0116,36.6343,0.0799,4
2026-08-31,GOOMBALIE,750334,BARRONA,45.0351,65.8518,64.1407,0.1805,4
2026-08-31,BOONABAH,750583,BLAND,74.6619,64.8205,69.1589,0.2028,5
2026-08-31,WAARBILLA,750627,BLAND,74.8785,63.7811,69.9196,0.1997,5
2026-08-31,GOUNELGERIE,750667,BLAXLAND,51.4793,48.9223,49.1308,0.1456,4
2026-08-31,GUNNAGI,750671,BLAXLAND,46.4377,44.9551,43.9898,0.1481,4
2026-08-31,WILLANDRA,750868,BOURKE,61.2261,48.2178,53.0589,0.1884,4
2026-08-31,GUNDADALINE,750888,BOYD,37.3754,39.726,39.3835,0.162,4
2026-08-31,CAPEEN,751050,BULLER,28.53,48.8592,49.2903,-0.0977,2
2026-08-31,MANDLE,751070,BULLER,19.0905,35.7467,31.8674,-0.163,2
2026-08-31,YAGOBE,751138,BURNETT,14.4409,19.0516,20.4128,0.019,2
2026-08-31,CROKEE,751182,CAIRA,90.8252,85.4171,79.2084,0.2248,5
2026-08-31,MACPHERSON,751202,CAIRA,88.2868,83.8611,78.45,0.1854,5
2026-08-31,BALLANDEAN,751490,CLIVE,3.768,13.3327,7.4821,-0.0683,1
2026-08-31,GORDON,751768,COURALLIE,22.1209,37.8581,36.0665,0.0271,2
2026-08-31,YATTA,751800,COURALLIE,19.9742,29.5988,28.0504,0.0147,2
2026-08-31,ROSS,751932,COWPER,29.7435,53.7676,45.2739,0.1575,3
2026-08-31,WILGA,751957,COWPER,29.1321,53.4494,44.3302,0.1396,3
2026-08-31,WEILMORINGLE,752007,CULGOA,48.0502,70.0704,56.7751,0.1522,5
2026-08-31,ETON,752245,DENHAM,23.93,34.6629,36.7004,0.0505,3
2026-08-31,YARRABUNDRY,752359,DOWLING,35.0564,35.8111,34.8875,0.1503,4
2026-08-31,EWINGAR,752376,DRAKE,14.9838,41.3021,41.2792,-0.0691,2
2026-08-31,YARRCALKIARRA,752400,DRAKE,11.6863,37.4618,28.9802,-0.0257,2
2026-08-31,BELLBROOK,752404,DUDLEY,6.4192,32.4035,28.7021,-0.4102,2
2026-08-31,GIDGEE,752513,EVELYN,98.3378,100,99.0546,0.0341,5
2026-08-31,WONBOBBIE,752601,EWENMAR,24.4469,45.8669,34.8137,0.0849,3
2026-08-31,COMBADERY,752674,FINCH,25.6284,49.1426,38.714,0.0833,3
2026-08-31,BARDOOL,752809,FITZROY,8.4915,23.3405,20.3071,-0.1658,2
2026-08-31,TURVILLE,752846,FITZROY,4.8099,31.3151,21.3284,-0.0794,1
2026-08-31,BELAH,752859,FLINDERS,31.2111,59.3085,51.4828,0.1531,4
2026-08-31,MOGUNDALE,752895,FLINDERS,40.2103,60.8087,48.9049,0.1788,4
2026-08-31,UMANG,752911,FLINDERS,32.626,59.4426,49.1237,0.1599,4
2026-08-31,KIRINDI,752979,FRANKLIN,47.6779,51.5273,55.5801,0.1019,5
2026-08-31,LEIGHWOOD,753044,GEORGIANA,28.8296,41.8113,54.3887,-0.1853,2
2026-08-31,WILGA SOUTH,753133,GIPPS,38.5812,35.2819,40.4093,0.1649,4
2026-08-31,WOMBOIN,753218,GLOUCESTER,18.1701,28.0061,31.7709,-0.5225,2
2026-08-31,PIBBON,753394,GOWEN,19.4156,27.7657,23.1538,0.0482,3
2026-08-31,MARENGO,753527,GRESHAM,4.6889,16.1695,14.4066,-0.108,1
2026-08-31,COOLAMON,753548,GUNDERBOOKA,46.5784,65.0508,60.6173,0.1879,4
2026-08-31,SCHOFIELD,753712,HAWES,11.4153,16.7975,9.3591,-0.5102,2
2026-08-31,COLLENDINA,753732,HUME,52.6428,50.5526,44.9891,0.1151,4
2026-08-31,MONUNDILLA,753800,HUNTER,6.1337,21.0612,14.4305,-0.171,2
2026-08-31,WHITE,753820,HUNTER,4.2457,16.4146,15.1831,-0.1658,1
2026-08-31,COONBILLY,753860,IRRARA,58.288,73.9673,74.5224,0.2231,5
2026-08-31,PIRILLIE,753888,IRRARA,48.986,68.5284,64.7974,0.1911,5
2026-08-31,MUSGRAVE,754073,KILLARA,77.9607,89.5898,88.8495,0.1297,5
2026-08-31,DAHOMEY,754201,LEICHHARDT,25.7016,49.1574,37.0671,0.0723,3
2026-08-31,GUNGALMAN,754217,LEICHHARDT,24.4073,46.7809,34.7743,0.0543,3
2026-08-31,HUDSON,754365,LIVINGSTONE,74.7519,80.2371,82.5667,0.0975,5
2026-08-31,MUNDY,754373,LIVINGSTONE,82.4102,82.9532,85.9447,0.0966,5
2026-08-31,MUNDAWADDERY,754560,MITCHELL,61.0415,66.4866,69.5448,0.1085,5
2026-08-31,LOWAN,754695,MOSSGIEL,61.4713,59.005,64.5359,0.1725,5
2026-08-31,THOOLAMAGOOGI,754719,MOSSGIEL,65.0867,72.4344,72.6473,0.1869,5
2026-08-31,UMPHELBY,754727,MOSSGIEL,54.7816,52.7634,55.8509,0.1587,5
2026-08-31,YOUYANG,754748,MOSSGIEL,64.1882,63.3572,67.8295,0.1614,5
2026-08-31,JOHNSTON,754784,MOURAMBA,50.9132,62.1099,53.1621,0.1962,5
2026-08-31,EVANS,754836,MURCHISON,6.6532,12.6649,14.301,-0.0877,2
2026-08-31,TANTANGERA,754909,MURRAY,34.0672,46.9785,60.6696,-0.1035,5
2026-08-31,CRANBROOK,755025,NARRAN,37.5522,55.0843,50.6429,0.1457,4
2026-08-31,BACKWATER,755089,NARROMINE,33.9262,51.1378,39.224,0.1112,4
2026-08-31,COWAL,755097,NARROMINE,37.82,57.6718,43.61,0.115,4
2026-08-31,FOX,755161,NICHOLSON,28.5617,32.3376,29.5515,0.1141,3
2026-08-31,HOPWOOD,755169,NICHOLSON,35.944,41.2862,40.0118,0.1183,4
2026-08-31,WHEALBAH SOUTH,755201,NICHOLSON,37.1956,42.9215,39.6277,0.121,4
2026-08-31,PIALLAMORE,755337,PARRY,5.753,10.8921,8.0981,-0.1471,2
2026-08-31,WILBERTREE,755453,PHILLIP,9.7675,21.7843,16.0508,-0.0011,2
2026-08-31,MOUNT KING,755461,POOLE,99.1675,99.7282,99.5101,0.0172,5
2026-08-31,TAMARANG,755521,POTTINGER,10.5772,22.0441,15.7293,-0.0017,2
2026-08-31,TULLA MULLEN,755525,POTTINGER,18.3415,34.2877,27.9326,0.0246,2
2026-08-31,COOMBES,755573,RANKIN,54.2512,68.2442,69.963,0.1411,5
2026-08-31,JEDBURGH,755779,ROXBURGH,45.1329,40.9162,47.6158,0.063,4
2026-08-31,KARS,756125,TANDORA,81.5843,84.2827,83.5253,0.0677,5
2026-08-31,MOUNT WOOD,756233,TONGOWOKO,97.5768,99.6616,99.3038,0.0706,5
2026-08-31,DRYSDALE,756277,TOWNSEND,54.0919,48.3241,41.7548,0.1171,4
2026-08-31,NARRAMA,756305,TOWNSEND,49.6299,56.266,48.1445,0.1721,4
2026-08-31,NORTH CURRABUNGANUNG,756309,TOWNSEND,46.6499,55.423,47.6095,0.1573,4
2026-08-31,BOLTON,756390,URANA,46.8032,53.0668,47.5978,0.1566,4
2026-08-31,LOCH,756487,VERNON,30.9062,62.7285,65.859,-0.3378,4
2026-08-31,MOODARNONG,756639,WALJEERS,46.3508,50.647,53.7188,0.1141,4
2026-08-31,NUMBLA,756719,WALLACE,19.3569,21.8309,53.3518,-0.2377,2
2026-08-31,WULLWYE,756731,WALLACE,19.0591,23.3768,45.1248,-0.2553,2
2026-08-31,THREE RIVERS,756908,WELLINGTON,24.349,25.9299,22.9324,0.0814,3
2026-08-31,MOIRA,757018,WERUNDA,75.1797,79.3322,83.5948,0.071,5
2026-08-31,IRENE,757054,WESTMORELAND,61.3326,65.5824,78.1671,0.003,5
2026-08-31,BADEN PARK,757179,WOORE,70.2139,77.7162,80.0769,0.1293,5
2026-08-31,ALGIE,757376,YANTARA,94.8253,99.7978,98.6287,0.1565,5
2026-08-31,BONLEY,757416,YOUNG,81.6005,85.445,87.5073,0.057,5
2026-08-31,GERMANO,757482,YUNGNULGRA,87.139,91.3126,91.6565,0.0484,5
2026-08-31,PAMPARA,757496,YUNGNULGRA,88.151,89.0432,90.4062,0.056,5
2026-08-31,WAKA,757518,POOLE,99.4614,100,99.9249,0.0131,5
2026-08-31,TERRANNA,750049,ARGYLE,32.7314,51.0018,66.0237,-0.1768,5
2026-08-31,DANDRY,750267,BARADINE,16.639,22.5456,21.5446,0.0427,3
2026-08-31,TEREMBONE,750307,BARADINE,26.3536,42.5175,31.5801,0.0937,3
2026-08-31,GOONERY,750335,BARRONA,51.7481,70.6746,71.6551,0.1881,5
2026-08-31,GORMAN,750467,BENARBA,20.7828,29.0207,32.4495,0.034,2
2026-08-31,BACK ROTO,750640,BLAXLAND,47.9278,45.443,44.8259,0.1528,4
2026-08-31,WARBRECCAN,750724,BLAXLAND,60.8806,58.8213,62.9388,0.1721,5
2026-08-31,RANKIN,750809,BOOROONDARRA,52.7886,65.7087,65.4135,0.148,5
2026-08-31,KILLIMICAT,750990,BUCCLEUCH,23.3083,28.1489,45.8254,0.0836,3
2026-08-31,GILGURRY,751063,BULLER,12.1273,33.1928,21.4341,-0.1497,2
2026-08-31,PARKER,751215,CAIRA,86.3643,82.4044,74.237,0.2026,5
2026-08-31,TALPEE,751227,CAIRA,90.5304,83.7664,76.7006,0.215,5
2026-08-31,WOODFORD,751392,CLARENCE,18.2909,51.7074,39.4909,-0.1049,2
2026-08-31,WILLOI,751615,CLYDE,27.418,43.6898,37.5067,0.1187,3
2026-08-31,DORADILLA,751864,COWPER,32.4065,52.7967,46.2652,0.17,4
2026-08-31,STANHOPE,751937,COWPER,31.9175,52.4341,45.349,0.171,4
2026-08-31,TRAWALLA,751945,COWPER,30.9614,53.7179,46.8185,0.1649,4
2026-08-31,WAGRA,751949,COWPER,32.5185,54.8497,48.0458,0.1407,4
2026-08-31,GREENOCK,752092,CUNNINGHAM,27.5723,37.3039,38.0342,0.1108,3
2026-08-31,JILLAGA,752148,DAMPIER,4.351,11.8619,17.2655,-0.4416,1
2026-08-31,BERRYABAR,752234,DENHAM,31.1029,49.4292,45.9236,0.0691,4
2026-08-31,KILLAWARRA,752332,DOWLING,34.1958,33.7114,32.6361,0.1378,4
2026-08-31,KEMP,752418,DUDLEY,14.4553,46.8322,46.7737,-0.4428,2
2026-08-31,ROSAMOND,752482,DURHAM,6.9975,17.542,8.7638,-0.5254,2
2026-08-31,COOK,752614,FARNELL,97.0028,93.3844,92.5974,0.0629,5
2026-08-31,TUNGARA,752798,FITZGERALD,85.6428,95.3967,93.8094,0.1426,5
2026-08-31,BARDSLEY,752810,FITZROY,10.907,34.5574,25.7473,-0.1552,2
2026-08-31,BOBO,752814,FITZROY,8.0334,39.8736,34.5661,-0.1611,2
2026-08-31,NARDOO,752900,FLINDERS,27.0092,55.7834,46.7875,0.1304,3
2026-08-31,MERV,752984,FRANKLIN,42.2746,44.6636,44.1748,0.1329,4
2026-08-31,PULLABOOKA,753110,GIPPS,70.8139,66.8536,62.7898,0.2408,5
2026-08-31,HEWONG,753175,GLOUCESTER,11.9404,28.9751,34.1986,-0.5376,2
2026-08-31,BELMORE,753219,GORDON,36.9671,36.4389,27.6174,0.1391,3
2026-08-31,MUIR,753298,GOUGH,3.3461,10.1868,7.5879,-0.0796,1
2026-08-31,BENA,753419,GREGORY,22.9388,52.3666,35.0275,0.0743,3
2026-08-31,MUMPBER,753566,GUNDERBOOKA,44.4339,63.3658,59.9921,0.1819,4
2026-08-31,MAYO,753664,HARDINGE,3.4461,10.633,10.7831,-0.1095,1
2026-08-31,VANT,753717,HAWES,11.2803,13.8225,5.6732,-0.3603,2
2026-08-31,BURRANGONG,753729,HUME,57.567,55.5056,61.3537,0.1057,5
2026-08-31,MYRTLE,753801,HUNTER,4.3868,17.6199,17.6901,-0.174,1
2026-08-31,ASHTON,753853,IRRARA,60.3022,75.6469,78.247,0.2286,5
2026-08-31,GLENAMPLE,753865,IRRARA,65.6641,80.7366,82.8155,0.2458,5
2026-08-31,LISMORE,753873,IRRARA,64.8444,79.5494,82.3627,0.2464,5
2026-08-31,BIBIL,753903,JAMISON,27.247,43.7179,42.6034,0.04,3
2026-08-31,QUANDA QUANDA,754246,LEICHHARDT,16.3577,29.0894,21.7025,0.0771,3
2026-08-31,BOOMERY,754346,LIVINGSTONE,80.0067,82.2098,86.1389,0.0835,5
2026-08-31,MOORABARK,754437,MACQUARIE,41.3835,71.525,71.3153,-0.3467,5
2026-08-31,KASSERHILL,754477,MANARA,77.5202,85.0056,83.7543,0.1284,5
2026-08-31,CAMPBELL,754620,MOOTWINGEE,87.4711,89.066,88.6971,0.0612,5
2026-08-31,KAYRUNNERA,754629,MOOTWINGEE,87.794,90.9104,92.3194,0.0526,5
2026-08-31,MURRURAH,754708,MOSSGIEL,50.5151,52.835,54.6151,0.1459,5
2026-08-31,MIDDLESEX,754793,MOURAMBA,58.0171,58.4938,57.8413,0.1885,5
2026-08-31,SHENANDOAH,754805,MOURAMBA,60.1457,62.9322,64.4385,0.1777,5
2026-08-31,CURRANGANDI,754825,MURCHISON,10.4487,20.5842,18.7188,-0.0383,2
2026-08-31,DUNNEE,754833,MURCHISON,8.8999,19.3308,17.9285,-0.0658,2
2026-08-31,WALLAH,754952,NANDEWAR,18.4951,33.4156,28.8642,0.0275,2
2026-08-31,MERRYGOEN,754972,NAPIER,16.9159,28.1723,20.6989,0.0171,2
2026-08-31,MOGILA,755054,NARRAN,44.8767,59.5591,46.5249,0.1145,5
2026-08-31,BELLINGERAMBIL,755138,NICHOLSON,36.9078,38.7716,37.2166,0.1348,4
2026-08-31,NARADHUN,755186,NICHOLSON,36.7554,40.4932,38.5795,0.1278,4
2026-08-31,RUSSELL,755190,NICHOLSON,34.289,39.8676,39.9616,0.1155,4
2026-08-31,FINCHLEY,755226,NORTHUMBERLAND,6.4293,14.453,18.5489,-0.3464,2
2026-08-31,NARRAR,755302,OXLEY,25.9727,54.6057,38.0677,0.0854,3
2026-08-31,TONGBONG,755450,PHILLIP,9.7966,21.2575,16.6236,-0.0396,2
2026-08-31,DOUBLEDUKE,755610,RICHMOND,21.0719,62.194,58.4809,-0.078,2
2026-08-31,ROCHFORD,755675,ROBINSON,47.4641,63.6834,54.6851,0.1575,5
2026-08-31,EASTLAKE,755820,SANDON,15.1133,19.2571,18.8269,-0.3008,2
2026-08-31,CLEAR HILL,755858,SELWYN,63.0552,82.1459,92.7742,0.0451,5
2026-08-31,ELRINGTON,755934,ST VINCENT,6.7103,30.8745,35.893,-0.4247,2
2026-08-31,TOUGA,755966,ST VINCENT,32.6905,46.3481,61.5237,-0.4138,5
2026-08-31,YANNAWAY,756074,STURT,33.2118,39.1212,38.1092,0.1195,4
2026-08-31,BIDURA WEST,756078,TAILA,86.4541,82.9758,78.0225,0.1629,5
2026-08-31,BURKE,756118,TANDORA,81.8445,86.0753,84.4414,0.0757,5
2026-08-31,PAMAMAROO,756134,TANDORA,81.7211,85.4717,85.0022,0.0761,5
2026-08-31,BINAROO,756222,TONGOWOKO,97.1285,99.9208,99.1608,0.0798,5
2026-08-31,DULVERTON,756278,TOWNSEND,55.0993,57.7225,51.8295,0.1555,5
2026-08-31,WALLA,756334,TOWNSEND,42.0354,44.034,42.3843,0.1683,4
2026-08-31,YIPUNYAH,756387,ULARARA,89.5235,96.2269,95.4923,0.1584,5
2026-08-31,CHOWAR,756524,WAKOOL,68.8375,64.9203,51.3943,0.1473,5
2026-08-31,CORRY,756532,WAKOOL,67.5697,63.5039,49.2564,0.1463,4
2026-08-31,MATAMONG,756636,WALJEERS,54.6211,49.8765,53.4143,0.0746,4
2026-08-31,TARRAWONG,756652,WALJEERS,70.0408,73.421,73.0016,0.1405,5
2026-08-31,COONHOONBULA,756688,WALLACE,14.0604,17.8678,39.2976,-0.2525,2
2026-08-31,MYALLA,756716,WALLACE,16.6721,22.3798,41.2026,-0.3217,2
2026-08-31,BUDGEE,756740,WARADGERY,59.3438,49.5791,48.8085,0.0752,4
2026-08-31,BULGARRA,757088,WHITE,30.0623,41.7831,38.6963,0.0577,4
2026-08-31,WALLACE,757256,WYNYARD,27.6697,30.6277,54.2195,0.0932,3
2026-08-31,THACKARINGA,757308,YANCOWINNA,86.7097,89.9072,85.3744,0.07,5
2026-08-31,YANCOWINNA,757312,YANCOWINNA,82.0628,87.0954,82.014,0.0501,5
2026-08-31,CLIFTON,757381,YANTARA,95.9492,99.4786,98.5773,0.1368,5
2026-08-31,BAROORANGEE,757413,YOUNG,87.3833,89.398,89.5096,0.0549,5
2026-08-31,PEJAR,750042,ARGYLE,31.3592,39.8091,61.0735,-0.159,4
2026-08-31,COOKAMIDGERA,750148,ASHBURNHAM,55.8738,44.845,47.3094,0.2824,4
2026-08-31,GIDGENBAR,750276,BARADINE,25.1718,40.0535,29.3879,0.0884,3
2026-08-31,CAHIRNANE,750328,BARRONA,79.6081,88.1461,89.1338,0.1727,5
2026-08-31,KENILWORTH,750388,BATHURST,54.2146,39.1108,48.1604,0.1739,4
2026-08-31,HILL,750472,BENARBA,19.831,24.3514,28.7236,0.0239,2
2026-08-31,KUNOPIA,750476,BENARBA,9.2189,16.4569,16.7328,0.0141,2
2026-08-31,MURRUMBUCCA,750552,BERESFORD,18.8347,39.1432,58.1639,-0.1978,2
2026-08-31,BARBINGAL,750572,BLAND,71.9754,66.7002,66.6616,0.2177,5
2026-08-31,EERAMARAN,750661,BLAXLAND,50.404,54.0131,49.5927,0.1897,4
2026-08-31,MAROOBA,750685,BLAXLAND,55.377,50.766,53.1204,0.1323,5
2026-08-31,WICKHAM,750963,BRISBANE,5.7364,17.0705,16.6176,-0.0863,2
2026-08-31,CROMWELL,750983,BUCCLEUCH,41.5697,52.7328,70.5615,0.1189,5
2026-08-31,ELLIS,751100,BURNETT,8.6306,13.6662,14.1902,-0.0046,2
2026-08-31,MOAMA,751152,CADELL,78.0262,62.1691,59.6489,0.1629,5
2026-08-31,BANNAN,751305,CANBELEGO,22.7092,42.7537,33.7831,0.0963,3
2026-08-31,ALLINGHAM,751434,CLARKE,7.88,27.8331,20.9986,-0.232,2
2026-08-31,TIARA,751480,CLARKE,11.707,26.2932,25.9442,-0.3081,2
2026-08-31,BENDERMERE,751548,CLYDE,31.1332,48.7703,40.1759,0.1707,4
2026-08-31,RIDGE,751596,CLYDE,20.0865,45.4671,33.458,0.0682,3
2026-08-31,MUNDUBURRA,751718,COOPER,39.8628,33.2302,34.3091,0.1376,4
2026-08-31,TERRY HIE HIE,751790,COURALLIE,17.534,23.1109,22.5453,0.0069,2
2026-08-31,BUCCAMBONE,751849,COWPER,41.4609,58.9913,56.6616,0.1831,4
2026-08-31,CURRAWYNNIA,751857,COWPER,37.515,59.788,53.0681,0.1602,4
2026-08-31,DELATITE,751861,COWPER,39.5944,56.3559,53.6803,0.1824,4
2026-08-31,DROUIN,751865,COWPER,30.7976,52.2072,46.2432,0.1313,4
2026-08-31,EDGEROI,751869,COWPER,26.6646,52.9395,41.6682,0.1278,3
2026-08-31,MIENDETTA,751906,COWPER,39.8052,56.6833,54.9104,0.1858,4
2026-08-31,OLIVER,751922,COWPER,30.7875,54.3903,46.1904,0.1646,4
2026-08-31,TUBBA,751946,COWPER,21.0954,43.6606,33.7583,0.0907,3
2026-08-31,HARDIE,751988,CULGOA,54.8797,72.1897,65.7265,0.2019,5
2026-08-31,BARWON,752231,DENHAM,26.7056,40.721,36.967,0.0416,3
2026-08-31,TERRIBIE,752267,DENHAM,27.5209,46.2086,37.297,0.0542,3
2026-08-31,WARRAGUBOGRA,752303,DENISON,52.2804,55.4238,48.6595,0.1424,4
2026-08-31,AVENEL,752603,FARNELL,97.1329,98.1854,97.0436,0.0444,5
2026-08-31,FLOODS CREEK,752619,FARNELL,96.9436,94.4183,94.8656,0.0302,5
2026-08-31,GOULD,752623,FARNELL,97.1941,98.5379,97.1438,0.0386,5
2026-08-31,TUNGO,752799,FITZGERALD,83.3339,92.2066,91.5593,0.1347,5
2026-08-31,OBERON,752901,FLINDERS,36.0596,59.9684,52.1434,0.1682,4
2026-08-31,BUNDABURRAH,752933,FORBES,66.5709,68.1056,57.6631,0.3041,5
2026-08-31,BELLATHERIE,752965,FRANKLIN,43.8084,44.9815,44.1739,0.1398,4
2026-08-31,CLUTHA,752969,FRANKLIN,42.9157,47.6401,48.178,0.1156,4
2026-08-31,INI,752977,FRANKLIN,38.2587,43.7854,42.1059,0.122,4
2026-08-31,NELLYWANNA,752989,FRANKLIN,40.6537,40.3037,39.6729,0.1356,4
2026-08-31,GORTON,753172,GLOUCESTER,3.0693,5.3455,8.1606,-0.6027,1
2026-08-31,BLAIR HILL,753265,GOUGH,3.4787,13.6054,10.0951,-0.0801,1
2026-08-31,MAROWAN,753294,GOUGH,3.827,12.9228,11.1012,-0.0659,1
2026-08-31,JERRA JERRA,753344,GOULBURN,59.299,59.9149,68.8649,0.1491,5
2026-08-31,MURRAY,753352,GOULBURN,56.8753,54.2638,68.2542,0.1392,5
2026-08-31,MUMBLEBONE,753476,GREGORY,24.6325,47.8246,35.3954,0.0703,3
2026-08-31,SPRINGBROOK,753533,GRESHAM,4.6125,17.5645,14.1843,-0.0535,1
2026-08-31,TULLY,753583,GUNDERBOOKA,43.5171,58.6062,56.3324,0.1781,4
2026-08-31,WOMMERA,753587,GUNDERBOOKA,45.4715,64.4868,60.8785,0.1816,4
2026-08-31,COOPLACURRIPA,753690,HAWES,10.1715,17.2593,22.8634,-0.5204,2
2026-08-31,WARD,753718,HAWES,29.0722,42.24,45.8572,-0.4116,2
2026-08-31,GORDON,753738,HUME,56.6305,56.8882,54.5685,0.1106,5
2026-08-31,KEKEELBON,753790,HUNTER,5.4874,19.8078,16.6234,-0.1672,2
2026-08-31,GENANAGUY,753988,KENNEDY,49.1342,58.4803,48.3875,0.1777,4
2026-08-31,CHARLTON,754053,KILLARA,84.6001,89.7275,90.664,0.0855,5
2026-08-31,TALLANDRA,754085,KILLARA,79.8057,87.2395,88.0747,0.0466,5
2026-08-31,PRESTON,754139,KING,38.1999,43.0347,53.3811,0.0472,4
2026-08-31,ULARBIE,754259,LEICHHARDT,24.961,50.6764,37.6975,0.081,3
2026-08-31,NARRAN,754323,LINCOLN,17.319,28.2158,22.5097,0.0399,2
2026-08-31,NOONTHORANGEE,754639,MOOTWINGEE,91.1906,91.4829,93.0502,0.066,5
2026-08-31,WOONUNGA,754656,MOOTWINGEE,85.3047,86.237,85.3773,0.0685,5
2026-08-31,GUNNAGIA,754685,MOSSGIEL,47.5418,47.9356,49.0032,0.1451,4
2026-08-31,YANKO,754814,MOURAMBA,60.3113,62.6039,64.2617,0.1798,5
2026-08-31,CARODA,754822,MURCHISON,15.1384,22.844,21.7357,-0.0175,2
2026-08-31,BUNNAWANNA,755011,NARRAN,38.6273,55.1545,52.4038,0.1616,4
2026-08-31,ZARA,755087,NARRAN,39.7189,55.6057,51.17,0.1519,4
2026-08-31,GOOLGOWI,755163,NICHOLSON,30.7322,33.3478,31.4086,0.1267,4
2026-08-31,GARFIELD,755291,OXLEY,35.9594,61.3084,48.4019,0.1518,4
2026-08-31,COOLCALWIN,755423,PHILLIP,10.5755,21.9543,16.4489,-0.0809,2
2026-08-31,WALLA WALLA,755527,POTTINGER,17.4529,35.0759,24.6204,0.0179,2
2026-08-31,BELMORE,755535,RALEIGH,5.2424,34.451,30.6194,-0.357,2
2026-08-31,BILBO,755567,RANKIN,53.8877,69.3684,70.9415,0.136,5
2026-08-31,BULLA BULLA,755571,RANKIN,55.6977,67.9188,69.3661,0.136,5
2026-08-31,WELTIE,755680,ROBINSON,54.3997,66.6328,62.4276,0.1567,5
2026-08-31,MOGOOD,755947,ST VINCENT,3.2164,11.5557,19.3157,-0.4874,1
2026-08-31,BLUE NOBBY,755979,STAPYLTON,9.0185,13.7524,12.6718,-0.0074,2
2026-08-31,COOK,755991,STAPYLTON,11.8304,21.8502,19.764,0.018,2
2026-08-31,MUNGLE,756015,STAPYLTON,12.2125,21.0912,21.7528,0.0289,2
2026-08-31,WONGA,756031,STAPYLTON,12.4967,22.137,20.7478,0.0301,2
2026-08-31,WIVEON,756071,STURT,25.6206,34.8051,29.16,0.1118,3
2026-08-31,HERBERT,756123,TANDORA,81.462,86.0952,84.3383,0.0732,5
2026-08-31,BRASSI,756259,TOWNSEND,59.9184,61.3315,52.2029,0.1554,5
2026-08-31,WERKENBERGAL,756343,TOWNSEND,45.6433,47.1333,40.4162,0.1351,4
2026-08-31,YALOKE,756355,TOWNSEND,61.4628,62.6616,51.3355,0.1484,5
2026-08-31,FINLAY,756416,URANA,62.3941,61.6344,68.9989,0.1154,5
2026-08-31,TOOLMAH,756585,WAKOOL,88.5284,77.1825,68.7707,0.1461,5
2026-08-31,BRASSBUTT,756613,WALJEERS,57.2116,49.4148,50.0711,0.0718,4
2026-08-31,SEBASTOPOL,756649,WALJEERS,65.4978,73.0277,71.3907,0.1919,5
2026-08-31,ADDICUMBENE,756669,WALLACE,63.6875,74.8644,82.6375,0.0278,5
2026-08-31,GRANT,756753,WARADGERY,45.8426,42.5633,44.8569,0.1088,4
2026-08-31,SWATCHFIELD,757072,WESTMORELAND,61.8791,68.3023,91.4167,-0.0613,5
2026-08-31,SANDY,757205,WOORE,70.8334,78.3724,78.9818,0.1483,5
2026-08-31,DUTZON,757225,WYNYARD,31.959,40.7944,60.8152,0.1148,4
2026-08-31,OBERNE,757245,WYNYARD,31.3903,32.1339,51.3086,0.087,4
2026-08-31,DHOON,757277,YANCOWINNA,87.4792,88.882,82.1583,0.0739,5
2026-08-31,TIGERALBA,757362,YANDA,46.5823,63.597,60.8743,0.2008,4
2026-08-31,BOOLIGURRA,757378,YANTARA,96.47,99.0405,98.8818,0.1436,5
2026-08-31,TAKEIWA,757398,YANTARA,95.7705,99.4316,98.6195,0.1453,5
2026-08-31,GOORPOOKA,757520,KILLARA,81.3866,90.554,90.1424,0.1155,5
2026-08-31,CAMPBELL,750081,ARRAWATTA,4.9782,9.8802,8.8288,-0.0355,1
2026-08-31,GREENAWAY,750469,BENARBA,19.7718,23.4839,27.0956,0.0229,2
2026-08-31,BULLANAMANG,750529,BERESFORD,21.6752,53.0316,56.8896,-0.1276,2
2026-08-31,MATAKANA,750686,BLAXLAND,53.2936,49.2192,49.1956,0.1389,4
2026-08-31,ROTO,750702,BLAXLAND,45.9059,43.8589,43.1385,0.15,4
2026-08-31,WARUNG,750775,BLIGH,10.326,17.3918,10.4642,-0.0453,2
2026-08-31,CONGROU,750787,BOOROONDARRA,54.5821,63.2211,64.5203,0.1624,5
2026-08-31,TUBBO,750903,BOYD,29.5181,34.5653,36.3287,0.1128,3
2026-08-31,HALSCOT,750931,BRISBANE,6.1928,16.56,11.8643,-0.1423,2
2026-08-31,STUART,751133,BURNETT,9.2762,14.9582,16.2565,-0.0178,2
2026-08-31,COREEN,751310,CANBELEGO,23.3074,52.4631,41.7345,0.108,3
2026-08-31,WARREGO,751350,CANBELEGO,26.8918,49.0058,41.5577,0.1137,3
2026-08-31,MITTA MITTA,751419,CLARENDON,44.756,41.3481,55.2572,0.1492,4
2026-08-31,FALLS,751453,CLARKE,9.3497,31.6455,25.1225,-0.2417,2
2026-08-31,CAPERTEE,751630,COOK,6.8107,30.5426,29.314,-0.1905,2
2026-08-31,GOVETT SOUTH,751642,COOK,8.4316,32.3347,26.9754,-0.218,2
2026-08-31,MOUIN,751659,COOK,36.7311,53.0776,60.9403,-0.2777,5
2026-08-31,NARRANGULLEN,751826,COWLEY,50.373,50.2481,57.8274,0.0922,5
2026-08-31,HOWQUA,751883,COWPER,25.4349,49.484,38.5572,0.1334,3
2026-08-31,JARARA,751887,COWPER,26.6974,51.6271,42.0808,0.1175,3
2026-08-31,YARRAMAN,751960,COWPER,21.3246,43.8017,33.0275,0.0818,3
2026-08-31,BELALIE,751964,CULGOA,55.121,72.3248,69.9033,0.217,5
2026-08-31,ELLERSLIE,752086,CUNNINGHAM,31.2317,53.4493,43.2115,0.1369,4
2026-08-31,COONDELLA,752138,DAMPIER,6.1018,12.921,19.8294,-0.4873,2
2026-08-31,CATOMBAL,752211,DELALAH,92.223,96.612,97.7158,0.1563,5
2026-08-31,MURKADOOL,752256,DENHAM,25.5823,36.5274,36.5448,0.0439,3
2026-08-31,WALMAR,752272,DENHAM,28.004,51.2634,42.913,0.0749,3
2026-08-31,BOOTOOWA,752310,DOWLING,32.9877,33.3729,33.295,0.139,4
2026-08-31,RUTLAND,752344,DOWLING,32.6282,30.2955,30.6804,0.1185,4
2026-08-31,HASSAN,752379,DRAKE,10.678,37.4944,27.1932,-0.0235,2
2026-08-31,COBBOCO,752568,EWENMAR,25.0124,34.8998,26.7372,0.1099,3
2026-08-31,MERYON,752588,EWENMAR,22.1111,43.1814,31.7971,0.0806,3
2026-08-31,UROBULA,752596,EWENMAR,22.327,42.4172,31.6343,0.0815,3
2026-08-31,PINPIRA,752629,FARNELL,96.9389,97.4762,96.2762,0.0482,5
2026-08-31,YENTABANGE,752804,FITZGERALD,82.4313,91.0335,90.9064,0.1298,5
2026-08-31,BEBRI,752858,FLINDERS,35.2954,56.6366,49.8445,0.1691,4
2026-08-31,COWAL,753084,GIPPS,67.9029,64.2197,64.2332,0.2546,5
2026-08-31,KALINGAN,753096,GIPPS,53.9483,46.0488,52.2584,0.2148,4
2026-08-31,STRATHORN,753249,GORDON,45.4596,38.8207,29.6493,0.166,3
2026-08-31,BALUMBRIDAL,753365,GOWEN,16.3158,21.3681,19.677,0.0356,2
2026-08-31,BELAR,753417,GREGORY,20.1355,46.3761,31.0848,0.0563,3
2026-08-31,WAUGHANDRY,753497,GREGORY,20.3605,47.0537,33.7365,0.0615,3
2026-08-31,HENRY,753522,GRESHAM,4.3893,15.4483,12.547,-0.0613,1
2026-08-31,WILLY,753539,GRESHAM,3.3438,17.2328,14.7773,-0.1035,1
2026-08-31,COURALLIE,753551,GUNDERBOOKA,47.461,65.646,60.9452,0.178,4
2026-08-31,TOBIN,753580,GUNDERBOOKA,48.319,65.9413,61.2712,0.1796,5
2026-08-31,CHIGWELL,753649,HARDINGE,2.7398,10.1235,8.0539,-0.0944,1
2026-08-31,MAHONGA,753747,HUME,62.4728,62.0868,67.3443,0.1248,5
2026-08-31,SIX BROTHERS,753811,HUNTER,4.8124,15.0606,17.7239,-0.2577,1
2026-08-31,BRIGALOW,753909,JAMISON,26.937,42.4066,43.736,0.037,2
2026-08-31,BRAALGHY,753973,KENNEDY,32.3816,59.234,51.3511,0.1573,4
2026-08-31,DELTA,754156,LANDSBOROUGH,57.6884,75.1834,76.0692,0.1969,5
2026-08-31,COONAMOONA,754200,LEICHHARDT,21.956,38.587,29.1404,0.1101,3
2026-08-31,GOORIANAWA,754216,LEICHHARDT,14.8843,21.9263,20.1528,0.0609,3
2026-08-31,BICKANBEENIE,754288,LINCOLN,24.5109,30.5053,23.6605,0.0945,3
2026-08-31,COVENEY,754356,LIVINGSTONE,79.662,82.8465,86.2761,0.0589,5
2026-08-31,MYALL,754439,MACQUARIE,24.9894,56.3423,61.4672,-0.436,2
2026-08-31,YHOUL,754503,MANARA,76.8329,82.7416,80.8789,0.0957,5
2026-08-31,BIMPIA,754614,MOOTWINGEE,93.1411,93.7741,93.9392,0.0649,5
2026-08-31,ELIE,754682,MOSSGIEL,55.1383,62.1154,63.4335,0.1558,5
2026-08-31,ALBYN,754751,MOURAMBA,60.0691,62.3377,61.8598,0.1819,5
2026-08-31,BOOTH,754755,MOURAMBA,60.9122,62.375,63.0911,0.1798,5
2026-08-31,YOUYANG,754815,MOURAMBA,62.6912,63.9841,67.4695,0.1543,5
2026-08-31,HORTON,754843,MURCHISON,9.4176,19.4537,18.0507,-0.0483,2
2026-08-31,JINERO,754886,MURRAY,12.6665,45.5435,46.1908,-0.3176,2
2026-08-31,KRAWARREE,754890,MURRAY,5.5084,25.7465,34.6677,-0.3981,2
2026-08-31,MALCOLM,754970,NAPIER,16.7594,27.3585,20.8977,0.0162,2
2026-08-31,BUNYIP,755012,NARRAN,37.6869,56.8973,50.8412,0.1185,4
2026-08-31,TYRIE,755128,NARROMINE,38.1679,66.4433,54.4726,0.1467,4
2026-08-31,MULLA MULLA,755184,NICHOLSON,39.967,44.6,46.8632,0.1077,4
2026-08-31,COSGROVE,755220,NORTHUMBERLAND,4.2507,11.4338,13.9908,-0.263,1
2026-08-31,RUGBY,755256,NORTHUMBERLAND,21.665,29.0312,34.7303,-0.3997,2
2026-08-31,GLENSTAL,755368,PERRY,86.4234,87.8398,86.1373,0.0985,5
2026-08-31,KELGOOLA,755436,PHILLIP,9.8354,24.1574,15.995,-0.1357,2
2026-08-31,WIDDEN,755452,PHILLIP,5.6867,19.3242,15.8339,-0.1111,2
2026-08-31,RALEIGH,755556,RALEIGH,10.1691,55.5477,49.8379,-0.3343,2
2026-08-31,CLARKE,755572,RANKIN,56.1117,68.6356,70.8458,0.1283,5
2026-08-31,BUSBY,755604,RICHMOND,20.5297,48.9602,47.8054,-0.0549,2
2026-08-31,DOBIE,755608,RICHMOND,17.366,46.0629,44.9008,-0.0261,2
2026-08-31,NYNGAN,755673,ROBINSON,50.1274,66.1504,59.9717,0.1531,5
2026-08-31,GENEVA,755709,ROUS,34.1596,66.832,61.5174,-0.028,5
2026-08-31,BRUINBUN,755761,ROXBURGH,19.2474,24.4147,24.5664,0.0187,2
2026-08-31,BUDDONG,755856,SELWYN,33.5009,51.9367,66.3583,0.1303,4
2026-08-31,DURRAN DURRA,755932,ST VINCENT,20.9446,47.3513,51.5325,-0.473,2
2026-08-31,ETTREMA,755936,ST VINCENT,18.0928,26.9422,38.6756,-0.4845,2
2026-08-31,BERAWINIA,756200,THOULCANNA,86.5354,95.1468,95.0749,0.1639,5
2026-08-31,BUNDURE,756397,URANA,46.0291,49.3673,50.1438,0.1592,4
2026-08-31,MUCRA,756433,URANA,56.9895,53.6814,60.2881,0.1049,5
2026-08-31,STYX,756498,VERNON,11.9546,29.1599,31.9399,-0.3683,2
2026-08-31,WANDARADGET,756590,WAKOOL,83.1539,73.6945,63.0699,0.1647,5
2026-08-31,TONGAROO,756726,WALLACE,12.4073,9.8661,20.7527,-0.2115,2
2026-08-31,JUMBUCK,756762,WARADGERY,46.9875,45.1291,45.9389,0.0802,4
2026-08-31,WARADGERY,756802,WARADGERY,49.1133,42.3456,41.8309,0.0952,4
2026-08-31,WEAR,756919,WELLINGTON,14.5504,21.3141,15.4382,0.0363,2
2026-08-31,CHIRNSIDE,757001,WERUNDA,78.2414,81.1273,84.8827,0.0611,5
2026-08-31,DUNOON,757009,WERUNDA,80.7481,86.5186,87.5756,0.0403,5
2026-08-31,KEISS,757013,WERUNDA,79.5268,86.093,86.4494,0.0506,5
2026-08-31,POOPELLOE,757021,WERUNDA,70.3881,77.1329,80.7785,0.0844,5
2026-08-31,WEATHERLEY,757025,WERUNDA,77.2751,81.7337,85.4779,0.0585,5
2026-08-31,THURAT,757077,WESTMORELAND,42.0187,55.2674,67.7266,-0.28,5
2026-08-31,LOFTUS,757110,WHITE,14.6201,25.4947,20.2211,0.0312,2
2026-08-31,RUNKER,757359,YANDA,38.7735,61.087,54.8714,0.1569,4
2026-08-31,MILTARA,757391,YANTARA,91.4647,95.6744,97.6656,0.1323,5
2026-08-31,DAUBENY,757431,YOUNG,86.7969,89.2397,90.0315,0.0511,5
2026-08-31,SUTHERLAND,757459,YOUNG,83.5945,86.3209,89.0705,0.0389,5
2026-08-31,GAMBOOL,757481,YUNGNULGRA,86.4728,87.77,90.9899,0.0462,5
2026-08-31,TARLO,750048,ARGYLE,39.4471,57.6379,77.1356,-0.2564,5
2026-08-31,MURGA,750174,ASHBURNHAM,55.2226,40.0464,46.0126,0.2457,4
2026-08-31,KOKOBOREEKA,750214,AUCKLAND,7.0656,11.345,17.6244,-0.3891,2
2026-08-31,MOKOREEKA,750218,AUCKLAND,8.6606,10.8479,16.8719,-0.375,2
2026-08-31,STURT,750230,AUCKLAND,4.1611,3.7194,33.338,-0.3626,1
2026-08-31,COX,750262,BARADINE,29.4189,50.5194,38.6228,0.0777,3
2026-08-31,DUNCAN,750538,BERESFORD,56.9227,66.3999,72.4973,0.0199,5
2026-08-31,MORANGARELL,750614,BLAND,72.5433,62.4748,65.4981,0.1835,5
2026-08-31,WALLANDRA,750723,BLAXLAND,44.9195,42.5796,41.8523,0.1555,4
2026-08-31,COOKAMILERIE,750788,BOOROONDARRA,61.5174,68.8347,71.2964,0.1487,5
2026-08-31,BURT,750876,BOYD,35.0906,37.6002,40.9524,0.1156,4
2026-08-31,WEBIMBLE,750961,BRISBANE,6.5329,16.6253,13.0744,-0.0911,2
2026-08-31,GRENFELL,751017,BUCKLAND,6.0825,13.4462,11.3381,-0.0461,2
2026-08-31,GINEROI,751102,BURNETT,10.1961,17.8383,19.0102,-0.0313,2
2026-08-31,WEIMBY,751238,CAIRA,89.48,83.5156,74.0069,0.2564,5
2026-08-31,MERRI,751331,CANBELEGO,23.4405,45.0843,34.0658,0.1017,3
2026-08-31,ULANDRA,751428,CLARENDON,49.8537,48.4989,63.3346,0.1557,4
2026-08-31,COVENTRY,751446,CLARKE,4.3782,15.8146,13.9539,-0.0952,1
2026-08-31,CAVENDISH,751503,CLIVE,11.9837,32.6302,22.5344,-0.1014,2
2026-08-31,BLOWAN,751550,CLYDE,24.0018,44.5418,36.2727,0.0815,3
2026-08-31,UKI,751602,CLYDE,20.7643,44.618,32.5198,0.0725,3
2026-08-31,YAREA,751622,CLYDE,21.0989,43.0591,32.5207,0.0473,3
2026-08-31,KOLKILBERTOO SOUTH,751712,COOPER,30.5303,31.9417,30.0946,0.1035,3
2026-08-31,BOMBELL,751752,COURALLIE,19.5882,26.9458,26.6969,0.0078,2
2026-08-31,THURLAGOONA,752003,CULGOA,56.447,72.7883,69.4265,0.2146,5
2026-08-31,DOLONDUNDALE,752143,DAMPIER,5.7644,15.8215,27.9029,-0.3835,2
2026-08-31,CONNULPIE,752212,DELALAH,96.9329,99.3686,98.013,0.1372,5
2026-08-31,CURRAWONG,752319,DOWLING,31.2665,29.0356,29.7557,0.1194,3
2026-08-31,DOWLING,752323,DOWLING,31.2004,30.4875,30.6716,0.1292,4
2026-08-31,MOLOGONE,752337,DOWLING,30.3164,29.1494,29.5236,0.1193,3
2026-08-31,TUGGERABACH,752349,DOWLING,34.4309,32.7785,31.1466,0.1346,4
2026-08-31,YANCARRAMAN,752545,EVELYN,97.2522,99.1233,98.0742,0.0457,5
2026-08-31,HADYN,752975,FRANKLIN,41.2832,42.5111,41.0982,0.1307,4
2026-08-31,ABERCROMBIE,753007,GEORGIANA,37.0053,40.4457,48.7475,0.0292,4
2026-08-31,WAGSTAFF,753254,GORDON,42.4383,37.5299,32.1948,0.1578,4
2026-08-31,DUMARESQ,753275,GOUGH,4.5484,10.7708,10.1457,-0.0944,1
2026-08-31,FOREST CREEK,753338,GOULBURN,56.0355,54.2994,66.6262,0.1397,5
2026-08-31,BULGALA,753430,GREGORY,22.0653,50.1555,34.1913,0.0679,3
2026-08-31,EMBIE,753442,GREGORY,19.817,43.0991,30.5896,0.0537,3
2026-08-31,NIDGERIE,753569,GUNDERBOOKA,45.3762,63.0374,59.6168,0.1841,4
2026-08-31,BUNDARRA,753646,HARDINGE,2.93,8.9222,9.0863,-0.1017,1
2026-08-31,MACKENZIE,753663,HARDINGE,4.0367,12.7174,8.5154,-0.066,1
2026-08-31,HALL,753696,HAWES,13.0925,20.4239,18.333,-0.5029,2
2026-08-31,GIBSON,753736,HUME,66.3216,66.051,68.855,0.1458,5
2026-08-31,MAHONGA FOREST,753748,HUME,60.1207,61.1915,63.0611,0.1127,5
2026-08-31,WALLA WALLA,753764,HUME,64.7309,65.6318,70.6131,0.1694,5
2026-08-31,IVORY,753788,HUNTER,5.0042,13.7573,16.0421,-0.3079,2
2026-08-31,CONGI,753836,INGLIS,11.8848,14.3836,13.1027,-0.185,2
2026-08-31,MARKHAM,753942,JAMISON,22.0508,36.5435,36.9077,0.0264,2
2026-08-31,UNDELCARRA,754091,KILLARA,71.5832,83.9778,85.3376,0.1367,5
2026-08-31,NALTICOMEBEE,754165,LANDSBOROUGH,54.193,71.5964,71.8094,0.2114,5
2026-08-31,WILSON,754173,LANDSBOROUGH,59.2214,76.657,76.6623,0.2068,5
2026-08-31,ELLIS,754205,LEICHHARDT,20.2415,36.1947,26.7476,0.1149,3
2026-08-31,URAWILKIE,754261,LEICHHARDT,20.8092,37.4066,27.8729,0.0967,3
2026-08-31,BULLADORAN,754297,LINCOLN,21.9614,30.4925,23.2479,0.0774,3
2026-08-31,BOOTHINGALLA,754349,LIVINGSTONE,80.9885,82.9278,86.6157,0.0841,5
2026-08-31,CLIFFORD,754353,LIVINGSTONE,81.1529,84.803,87.4512,0.0523,5
2026-08-31,WILLANDRA,754500,MANARA,78.316,83.4431,81.7441,0.1089,5
2026-08-31,CUDDELL,754548,MITCHELL,45.9674,43.777,52.1199,0.1126,4
2026-08-31,STURTS MEADOWS,754646,MOOTWINGEE,94.3764,91.5697,90.9505,0.055,5
2026-08-31,MAREA,754699,MOSSGIEL,61.9826,70.4686,70.9391,0.1837,5
2026-08-31,TINKOH,754723,MOSSGIEL,56.9373,55.0351,60.0807,0.1591,5
2026-08-31,UROLIE,754808,MOURAMBA,60.3469,62.2219,64.7026,0.1792,5
2026-08-31,VICKERY,754951,NANDEWAR,14.7806,22.9411,21.5288,-0.027,2
2026-08-31,SYNNOT,755193,NICHOLSON,32.4693,37.7166,36.812,0.1094,4
2026-08-31,ELENGERAH,755289,OXLEY,31.695,49.5754,41.1076,0.1011,4
2026-08-31,CUMBO,755425,PHILLIP,7.9652,19.8003,18.4806,-0.0387,2
2026-08-31,GRAWLIN,755657,ROBINSON,57.9478,66.4138,67.6879,0.1682,5
2026-08-31,WENTWORTH,755848,SANDON,6.897,15.4436,13.6069,-0.1354,2
2026-08-31,BOGANDYERA,755853,SELWYN,50.4197,61.1695,71.9133,0.1011,5
2026-08-31,WELUMBA,755897,SELWYN,48.2234,59.7861,72.0301,0.084,5
2026-08-31,WEST NELLIGEN,755969,ST VINCENT,3.7893,13.3075,21.3199,-0.4471,1
2026-08-31,WARWILLAH,756341,TOWNSEND,49.549,48.5876,42.9326,0.1312,4
2026-08-31,COLKMANNAN,756406,URANA,42.0951,44.1801,48.6873,0.1362,4
2026-08-31,GOOLGUMBLA,756418,URANA,42.0288,44.6595,43.2057,0.163,4
2026-08-31,CAROONBOON,756523,WAKOOL,65.8913,64.2154,53.1419,0.127,5
2026-08-31,ARRAWATTA,756607,WALJEERS,61.6783,70.1957,69.7725,0.1721,5
2026-08-31,INGEBIRAH,756699,WALLACE,70.8958,81.3028,95.5166,-0.0835,5
2026-08-31,CALCOO,756998,WERUNDA,81.008,85.9252,87.1578,0.041,5
2026-08-31,IREDALE,757107,WHITE,14.2198,24.9161,19.6491,0.0284,2
2026-08-31,BLUEBUSH,757137,WINDEYER,91.217,91.1728,90.5037,0.0312,5
2026-08-31,NALIM,757157,WINDEYER,90.6083,88.3061,87.3453,0.0591,5
2026-08-31,POWER,757165,WINDEYER,89.7277,88.2946,86.677,0.0827,5
2026-08-31,EMERALD,757191,WOORE,65.7288,71.6374,73.9735,0.14,5
2026-08-31,MURRAGULDRIE,757243,WYNYARD,49.0497,47.5182,64.3699,0.1441,4
2026-08-31,MOMBLE,757348,YANDA,53.7834,68.2392,65.032,0.2073,5
2026-08-31,PULPULLA,757356,YANDA,53.6395,66.6456,63.3605,0.2129,5
2026-08-31,WINBAR,757368,YANDA,54.208,70.1757,69.1617,0.2201,5
2026-08-31,TEPERAGO,757400,YANTARA,93.4179,98.4649,98.0783,0.0892,5
2026-08-31,CUTHOWARA,757428,YOUNG,84.3824,88.5697,88.3937,0.058,5
2026-08-31,INVERARY,750020,ARGYLE,32.7152,48.7872,60.8296,-0.3924,5
2026-08-31,TROUBALGIE,750183,ASHBURNHAM,60.0995,55.7257,49.2248,0.2908,4
2026-08-31,BOYD,750195,AUCKLAND,3.8276,7.6047,22.9731,-0.326,1
2026-08-31,DUBBO,750271,BARADINE,27.6189,41.3812,33.4687,0.0719,3
2026-08-31,WORIGAL,750319,BARADINE,13.0556,23.5389,18.3031,0.0538,3
2026-08-31,BYJERK,750327,BARRONA,85.1109,93.7184,92.2457,0.1528,5
2026-08-31,UTEEARA,750347,BARRONA,45.881,65.5808,63.9224,0.1841,4
2026-08-31,BELUBULA,750359,BATHURST,56.1395,43.318,57.9089,0.1128,4
2026-08-31,PEARSE,750495,BENARBA,19.5133,22.7574,24.1523,0.0165,2
2026-08-31,KYDRA,750547,BERESFORD,10.6376,15.1217,38.2062,-0.4025,2
2026-08-31,TINDERRY,750563,BERESFORD,28.6604,48.2646,57.7847,-0.1395,2
2026-08-31,WEEDALLION,750632,BLAND,71.3399,66.0229,67.2267,0.1633,5
2026-08-31,GILGUNNIA,750664,BLAXLAND,60.5298,57.2519,59.4314,0.1765,5
2026-08-31,MORDIE,750692,BLAXLAND,54.7164,50.6369,53.33,0.1454,5
2026-08-31,WILGA,750728,BLAXLAND,45.3789,43.6039,42.4052,0.166,4
2026-08-31,ALBINIA,750781,BOOROONDARRA,59.3938,63.2169,66.1181,0.1642,5
2026-08-31,MALEY,750893,BOYD,36.8878,38.7531,40.1006,0.1578,4
2026-08-31,WANDEWOI,750958,BRISBANE,15.5214,21.0769,11.7265,-0.5245,2
2026-08-31,BUNGONGO,750978,BUCCLEUCH,44.383,43.8457,57.9488,0.1228,4
2026-08-31,COWRAJAGO,750982,BUCCLEUCH,47.1719,51.7554,70.5298,0.1196,5
2026-08-31,CARROLL,751051,BULLER,9.0958,21.5592,10.5558,-0.0851,2
2026-08-31,TYSON,751235,CAIRA,83.0313,81.1851,75.6452,0.1661,5
2026-08-31,TOORAM,751344,CANBELEGO,28.9605,49.0545,40.5708,0.1129,3
2026-08-31,BEEMERY,751547,CLYDE,38.9517,54.6628,52.0739,0.1683,4
2026-08-31,WILLARY,751611,CLYDE,21.2982,44.1372,34.3846,0.0953,3
2026-08-31,BRINGAN,751681,COOPER,27.0386,34.127,33.9675,0.1088,3
2026-08-31,CUBA,751693,COOPER,27.1614,33.2291,32.0532,0.1169,3
2026-08-31,GAROOLGAN,751701,COOPER,29.9117,31.9573,30.8131,0.1029,3
2026-08-31,MOURA,751717,COOPER,26.9665,31.6985,30.626,0.1004,3
2026-08-31,EAST GOODRADIGBEE,751814,COWLEY,50.7522,50.9169,61.8994,0.0918,5
2026-08-31,MULLION,751823,COWLEY,51.379,52.0968,73.5411,0.0853,5
2026-08-31,BOURKE,751848,COWPER,43.6348,58.6013,57.2113,0.1942,4
2026-08-31,LISSINGTON,751991,CULGOA,50.0129,65.9699,60.2821,0.1767,5
2026-08-31,CURMULEE,752140,DAMPIER,5.8442,14.7025,23.9023,-0.4635,2
2026-08-31,DARLING,752177,DARLING,5.0309,13.5311,9.7643,-0.0873,2
2026-08-31,CORRIWELPIE,752213,DELALAH,97.0825,97.1035,97.729,0.1209,5
2026-08-31,TORYWEEWHA,752270,DENHAM,28.2708,49.4885,40.6237,0.0662,3
2026-08-31,GUNUNAH,752514,EVELYN,96.0865,99.4485,98.401,0.0975,5
2026-08-31,WONOMINTA,752542,EVELYN,95.1893,98.8202,98.2634,0.0941,5
2026-08-31,MOONPAR,752835,FITZROY,8.6581,43.6271,34.794,-0.1723,2
2026-08-31,WALLAH WALLAH,752956,FORBES,69.3701,60.015,59.2447,0.2255,5
2026-08-31,IDERAWAY,752976,FRANKLIN,43.0122,46.9513,48.6421,0.1144,4
2026-08-31,ROETA,752992,FRANKLIN,46.5599,49.0639,50.5039,0.1337,4
2026-08-31,TOOLOOR,752996,FRANKLIN,43.8814,45.7716,45.7788,0.1399,4
2026-08-31,BALLYROE,753008,GEORGIANA,33.6526,43.9233,56.1253,-0.1058,4
2026-08-31,BIBBIJOLEE,753070,GIPPS,44.9419,36.8664,41.8706,0.1824,4
2026-08-31,KYLE,753183,GLOUCESTER,3.7001,7.1432,6.9989,-0.6031,1
2026-08-31,BOYBEN,753371,GOWEN,20.4206,29.4845,24.0029,0.0704,3
2026-08-31,BOONUN,753427,GREGORY,23.1141,52.5096,33.5398,0.0883,3
2026-08-31,GOOLAGOOLA,753455,GREGORY,21.2097,47.4509,33.9462,0.0566,3
2026-08-31,COWAN,753516,GRESHAM,3.9959,18.3789,15.1578,-0.0467,1
2026-08-31,NORTH BOURKE,753570,GUNDERBOOKA,43.8042,59.3399,57.1043,0.1907,4
2026-08-31,SUTHERLAND,753578,GUNDERBOOKA,46.2451,64.3937,60.6245,0.1875,4
2026-08-31,CHILDOWLA,753598,HARDEN,50.6279,48.1143,59.9605,0.098,4
2026-08-31,MERNOT,753701,HAWES,16.0626,25.0474,22.0858,-0.5128,2
2026-08-31,PARKES,753709,HAWES,12.0829,14.532,9.561,-0.4518,2
2026-08-31,GOOMBARGANA,753737,HUME,66.6633,65.584,66.7536,0.1533,5
2026-08-31,EDGEROI,753931,JAMISON,23.1117,37.7646,35.5857,0.0317,2
2026-08-31,QUEERBRI,753955,JAMISON,33.0208,47.3318,43.204,0.0299,4
2026-08-31,WEETA WAA,753963,JAMISON,31.8426,44.4288,40.6394,0.044,4
2026-08-31,STEWART,754084,KILLARA,67.4741,81.7621,83.3058,0.1185,5
2026-08-31,DEVON,754202,LEICHHARDT,23.3444,45.7605,33.853,0.0578,3
2026-08-31,MUNDARE,754230,LEICHHARDT,22.721,40.2579,28.7191,0.1174,3
2026-08-31,NARRATIGAH,754234,LEICHHARDT,16.5216,29.7109,22.8882,0.0772,3
2026-08-31,ELONG ELONG,754310,LINCOLN,17.8878,27.9186,23.6194,0.0421,3
2026-08-31,MARLE,754370,LIVINGSTONE,79.0278,82.1289,85.6317,0.0546,5
2026-08-31,STEEL,754381,LIVINGSTONE,81.9463,85.5957,84.4901,0.0912,5
2026-08-31,BURNABY,754465,MANARA,77.042,83.7603,82.2816,0.1142,5
2026-08-31,MUNYE,754638,MOOTWINGEE,85.8605,88.5663,86.2818,0.0633,5
2026-08-31,BELOURA,754753,MOURAMBA,50.5602,61.6544,51.7354,0.2193,5
2026-08-31,HATHAWAY,754781,MOURAMBA,53.2917,61.1494,52.5123,0.2236,5
2026-08-31,BYERAWERING,755014,NARRAN,45.7472,65.7223,52.0072,0.1384,5
2026-08-31,BARTON,755090,NARROMINE,38.6415,61.0428,48.1027,0.113,4
2026-08-31,BUNDA EAST,755150,NICHOLSON,31.0727,34.0214,31.6155,0.13,4
2026-08-31,MEA MIA SOUTH,755178,NICHOLSON,34.4174,39.8852,39.083,0.1211,4
2026-08-31,TAMBALANA,755194,NICHOLSON,43.6406,42.8748,48.9735,0.1022,4
2026-08-31,CALLAGHAN,755322,PARRY,9.4356,11.7948,7.8049,-0.3477,2
2026-08-31,DUDLEY,755542,RALEIGH,5.1369,35.9662,32.7284,-0.3179,2
2026-08-31,HILLSTON,755658,ROBINSON,57.8947,66.1355,65.9242,0.1543,5
2026-08-31,SHERWOOD,755735,ROUS,32.3598,49.431,49.4152,-0.0141,4
2026-08-31,TOOMA,755890,SELWYN,37.6578,52.7822,64.4737,0.0678,4
2026-08-31,COGHILL,755922,ST VINCENT,11.7366,36.5943,40.5987,-0.5011,2
2026-08-31,CARRATHOOL,756042,STURT,31.1667,37.5303,35.146,0.1256,4
2026-08-31,WARBURN,756070,STURT,20.9164,30.7626,26.3476,0.0845,3
2026-08-31,MUNDONAH,756102,TAILA,85.5999,79.5743,76.5636,0.153,5
2026-08-31,BARRATTA,756246,TOWNSEND,59.7589,55.749,46.2906,0.1405,4
2026-08-31,BIRGANBIGIL,756250,TOWNSEND,50.6166,58.6738,50.4494,0.176,5
2026-08-31,WILLARA,756383,ULARARA,93.498,97.7153,97.5212,0.167,5
2026-08-31,GILL,756480,VERNON,10.4361,21.4433,18.1938,-0.304,2
2026-08-31,WINTERBOURNE,756504,VERNON,17.2139,23.189,21.5639,-0.3202,2
2026-08-31,TURORA,756588,WAKOOL,90.5407,80.7729,73.4775,0.2375,5
2026-08-31,INGEEGOODBEE,756700,WALLACE,28.0824,17.8077,59.3795,-0.1796,2
2026-08-31,OXLEY,756776,WARADGERY,70.9028,68.2307,63.6088,0.1134,5
2026-08-31,BYADBO,756824,WELLESLEY,31.7128,33.53,70.4473,-0.1874,5
2026-08-31,LAWSON,756840,WELLESLEY,9.338,6.4441,45.0403,-0.3427,2
2026-08-31,CALTIGEENAA,756999,WERUNDA,76.833,81.8565,85.6357,0.0573,5
2026-08-31,NACKI NACKI,757244,WYNYARD,28.3029,39.72,59.9227,0.108,3
2026-08-31,BOLAIRA,757268,YANCOWINNA,80.4654,85.6742,78.9601,0.0536,5
2026-08-31,COONBARALLA,757276,YANCOWINNA,81.3955,80.7628,80.5504,0.0555,5
2026-08-31,DOOTHEBOY,757329,YANDA,54.274,69.7391,69.1882,0.2043,5
2026-08-31,GELLABUDDA,757333,YANDA,49.5826,65.7908,63.9229,0.2177,5
2026-08-31,MERRERE,757345,YANDA,40.9193,62.1061,57.4474,0.157,4
2026-08-31,RAMSAY,757357,YANDA,37.1839,60.3553,53.5135,0.1547,4
2026-08-31,TERRAWINDA,757401,YANTARA,95.0892,99.4156,98.6845,0.1027,5
2026-08-31,WAYO,750054,ARGYLE,39.2881,51.1116,69.7397,-0.1877,5
2026-08-31,ADOWA,750060,ARRAWATTA,4.248,9.4859,8.5408,-0.0753,1
2026-08-31,MANDOE,750108,ARRAWATTA,4.5724,8.9123,7.7833,-0.0382,1
2026-08-31,NORTH NULLAMANNA,750112,ARRAWATTA,4.1318,7.2021,12.0615,-0.111,1
2026-08-31,TERIDGERIE,750308,BARADINE,19.0599,33.5244,23.7366,0.0823,3
2026-08-31,KULKYNE,750336,BARRONA,71.776,85.0602,86.3513,0.2055,5
2026-08-31,WALLI,750416,BATHURST,52.9557,37.9193,50.7158,0.1761,4
2026-08-31,BUNARBA,750436,BENARBA,17.3144,20.4545,23.2305,-0.0033,2
2026-08-31,PIALLY,750496,BENARBA,20.4297,25.8903,30.2524,0.0294,2
2026-08-31,BUNDURE,750649,BLAXLAND,54.5361,50.3846,53.225,0.1481,5
2026-08-31,YACKERBOON,750729,BLAXLAND,61.4631,58.348,61.622,0.1746,5
2026-08-31,BARNETO,750782,BOOROONDARRA,55.8998,66.9431,67.9901,0.1462,5
2026-08-31,MOOLAMANDA,750802,BOOROONDARRA,62.4919,65.2784,68.4045,0.1544,5
2026-08-31,CURRABUBULA,751011,BUCKLAND,8.1033,14.6273,11.4205,-0.0696,2
2026-08-31,BOOMI,751044,BULLER,30.4446,51.7798,50.6471,-0.0405,4
2026-08-31,GIRARD,751064,BULLER,12.3015,35.4694,25.9502,-0.1075,2
2026-08-31,KINGI,751196,CAIRA,92.2299,84.9804,76.9886,0.238,5
2026-08-31,PYBOLEE,751220,CAIRA,82.2273,77.5322,72.3336,0.1646,5
2026-08-31,KING,751325,CANBELEGO,29.8875,51.3083,43.116,0.1228,3
2026-08-31,TENANDRA,751426,CLARENDON,32.6189,32.9739,47.9699,0.0909,4
2026-08-31,EASTERN WATER,751510,CLIVE,6.6113,17.3577,13.5892,-0.0999,2
2026-08-31,COWGA,751564,CLYDE,24.5055,45.3151,36.2754,0.121,3
2026-08-31,EDON,751698,COOPER,32.0042,34.5382,35.1191,0.1132,4
2026-08-31,BURRAWONG,752077,CUNNINGHAM,40.8345,54.5527,43.2706,0.1875,4
2026-08-31,GULGO,752093,CUNNINGHAM,22.5307,32.5932,32.1287,0.0884,3
2026-08-31,CALOOLA,752210,DELALAH,90.4802,95.4333,97.0938,0.1808,5
2026-08-31,OMURA,752222,DELALAH,97.0347,100,98.1926,0.1497,5
2026-08-31,MUNGERARRA,752255,DENHAM,27.3471,45.0861,41.4163,0.0526,3
2026-08-31,CURRIKABAKH,752321,DOWLING,31.75,30.2768,30.2762,0.1104,4
2026-08-31,COOMBADJHA,752370,DRAKE,3.9749,21.8699,12.9548,-0.0371,1
2026-08-31,TIMBARRA,752398,DRAKE,21.9258,46.3128,47.5027,-0.1017,2
2026-08-31,STUART,752427,DUDLEY,5.5848,32.2693,24.5709,-0.3779,2
2026-08-31,BUNDOBERING,752563,EWENMAR,20.3745,34.7894,26.4634,0.0981,3
2026-08-31,TABLE TOP,752633,FARNELL,96.9954,94.8996,95.3593,0.0407,5
2026-08-31,MONOLON,752782,FITZGERALD,89.3425,95.713,96.4656,0.1585,5
2026-08-31,BOSTOBRICK,752815,FITZROY,9.918,47.8157,39.4132,-0.1867,2
2026-08-31,MOGILLE,752893,FLINDERS,40.1861,59.7413,49.7165,0.176,4
2026-08-31,WALTON,752913,FLINDERS,45.6014,61.0174,47.7597,0.191,4
2026-08-31,WIRRINGA,753001,FRANKLIN,49.7064,51.8854,54.8524,0.1407,5
2026-08-31,KNOWLA,753180,GLOUCESTER,6.8427,12.8496,15.3268,-0.5346,2
2026-08-31,LLANGOTHLIN,753290,GOUGH,3.8975,12.0165,7.3272,-0.055,1
2026-08-31,BELAR,753368,GOWEN,18.5384,27.8298,20.787,0.0369,2
2026-08-31,QUILBONE,753488,GREGORY,22.2653,43.847,33.8798,0.0276,2
2026-08-31,CUNGLEBUNG,753517,GRESHAM,4.561,19.3849,15.9696,-0.0454,1
2026-08-31,MARARA,753525,GRESHAM,5.8548,20.244,16.9367,-0.0802,2
2026-08-31,FORDS BRIDGE,753555,GUNDERBOOKA,47.071,67.1872,62.9289,0.187,4
2026-08-31,DARBYSLEIGH,753656,HARDINGE,3.1386,10.54,10.1514,-0.1014,1
2026-08-31,HAWES,753698,HAWES,31.2211,47.2796,48.0809,-0.3946,4
2026-08-31,HUNTER,753786,HUNTER,4.0625,18.2079,16.8215,-0.1307,1
2026-08-31,MELLONG,753798,HUNTER,6.812,16.8423,22.6742,-0.3263,2
2026-08-31,WOLLEMI,753826,HUNTER,4.3591,13.3822,15.0412,-0.2328,1
2026-08-31,BURDEKIN,753834,INGLIS,7.7891,11.5124,12.1483,-0.1001,2
2026-08-31,MULUERINDIE,753842,INGLIS,10.4281,13.2626,12.5014,-0.1468,2
2026-08-31,MERAH,753944,JAMISON,30.8621,43.4742,39.7658,0.0607,4
2026-08-31,TARLEE,753956,JAMISON,28.8069,44.387,40.6211,0.0534,3
2026-08-31,MERYULA,754000,KENNEDY,32.6669,62.3224,49.8343,0.1554,4
2026-08-31,KAMBULA,754065,KILLARA,77.8025,86.1102,87.3792,0.0608,5
2026-08-31,WAROOK,754093,KILLARA,78.5237,88.336,88.2115,0.0936,5
2026-08-31,GRAHAM,754116,KING,39.2843,38.9701,53.5807,0.1072,4
2026-08-31,MUNGERY,754231,LEICHHARDT,18.5123,33.4062,25.6807,0.0967,3
2026-08-31,CONOLLY,754355,LIVINGSTONE,83.1164,85.8826,85.4875,0.0848,5
2026-08-31,MINDEN,754371,LIVINGSTONE,79.1211,81.3169,85.0837,0.0747,5
2026-08-31,GRAEME,754414,MACQUARIE,51.7265,69.0544,73.8738,-0.3061,5
2026-08-31,MORTON,754438,MACQUARIE,32.3884,68.6211,68.9524,-0.373,4
2026-08-31,BUCKALOW,754506,MENINDEE,90.4303,87.8776,85.4506,0.0499,5
2026-08-31,KEIRA,754786,MOURAMBA,47.9504,61.165,51.8365,0.1945,4
2026-08-31,DINOGA,754830,MURCHISON,8.8762,17.2202,17.4549,-0.0622,2
2026-08-31,DENMAN,755027,NARRAN,45.6519,63.5369,48.1149,0.1298,5
2026-08-31,TURRIBUNG,755127,NARROMINE,40.3155,65.6021,52.6934,0.146,4
2026-08-31,IVANHOE,755171,NICHOLSON,34.1102,36.3269,36.9055,0.1242,4
2026-08-31,THE PLAINS,755311,OXLEY,23.3666,55.352,41.1901,0.1238,3
2026-08-31,MOOROWARA,755331,PARRY,12.8072,20.9282,18.6118,-0.0634,2
2026-08-31,MURRUMBO,755443,PHILLIP,4.8384,15.3146,17.3264,-0.0803,1
2026-08-31,COOGAL,755487,POTTINGER,14.3131,30.6793,20.7256,0.017,2
2026-08-31,LAWSON,755507,POTTINGER,9.5024,22.2562,15.1733,-0.0127,2
2026-08-31,MILLPILLBURY,755587,RANKIN,61.2605,74.4381,77.4918,0.1041,5
2026-08-31,SALTASH,755837,SANDON,5.3274,12.525,11.2249,-0.1179,2
2026-08-31,HYDE PARK,756051,STURT,26.2269,35.3981,29.1866,0.1116,3
2026-08-31,TERRAPEE,756067,STURT,30.6183,37.9735,33.896,0.1163,4
2026-08-31,MANIE,756095,TAILA,87.8579,82.8769,73.2586,0.2591,5
2026-08-31,ORMOND,756107,TAILA,85.8162,82.434,78.6421,0.1364,5
2026-08-31,CONNULPIE,756227,TONGOWOKO,97.2522,98.8694,99.1997,0.0936,5
2026-08-31,DERRULAMAN,756275,TOWNSEND,55.3084,62.2693,54.5098,0.1665,5
2026-08-31,STANAFORTH,756327,TOWNSEND,59.5558,55.1319,47.9825,0.1353,4
2026-08-31,OSACA,756372,ULARARA,94.7604,99.7835,98.8022,0.1601,5
2026-08-31,BARRABU,756509,WAKOOL,72.3895,69.9032,58.7078,0.1468,5
2026-08-31,WOOROOMA,756597,WAKOOL,75.4784,71.6321,63.4322,0.1482,5
2026-08-31,YALOO,756665,WALJEERS,47.6723,46.5598,52.2811,0.0965,4
2026-08-31,LARA,756765,WARADGERY,47.6226,42.6069,44.2167,0.0753,4
2026-08-31,MAUDE,756769,WARADGERY,61.236,50.9553,48.9315,0.0842,4
2026-08-31,FORBES,756881,WELLINGTON,21.9443,25.1764,22.6567,0.0414,3
2026-08-31,HARGRAVES,756885,WELLINGTON,9.9644,17.6056,11.867,0.0087,2
2026-08-31,DONALD,757008,WERUNDA,67.9695,76.1856,79.3447,0.1061,5
2026-08-31,LODER,757109,WHITE,30.3636,41.9435,39.5113,0.0457,4
2026-08-31,SPINIFEX,757168,WINDEYER,91.2709,89.1783,89.4858,0.0364,5
2026-08-31,ALDBOROUGH,757265,YANCOWINNA,84.051,83.2038,81.7057,0.0696,5
2026-08-31,CLAYTON,757422,YOUNG,84.0359,88.2556,88.029,0.0629,5
2026-08-31,MITCHELL,757446,YOUNG,85.5185,89.3903,89.674,0.0454,5
2026-08-31,ROBINSON,757458,YOUNG,83.8207,86.7748,88.8965,0.0473,5
2026-08-31,ALPINE,750061,ARRAWATTA,4.161,9.6636,8.8002,-0.0785,1
2026-08-31,MANDAGERY,750165,ASHBURNHAM,57.3071,42.4122,47.4594,0.2319,4
2026-08-31,MILCHOMI,750293,BARADINE,30.5664,47.1307,37.8368,0.0798,4
2026-08-31,GLEENA,750333,BARRONA,79.975,88.8952,89.0956,0.1918,5
2026-08-31,TILLALOO,750501,BENARBA,14.7696,22.8609,24.714,0.0041,2
2026-08-31,NUMERALLA,750553,BERESFORD,10.9322,27.0736,38.8978,-0.288,2
2026-08-31,THE BROTHERS,750561,BERESFORD,18.7265,33.1633,56.0569,-0.3333,2
2026-08-31,ROTHERWOOD,750763,BLIGH,10.5337,21.0279,16.839,-0.0315,2
2026-08-31,TURILL,750771,BLIGH,9.1585,18.578,16.9316,-0.0238,2
2026-08-31,ELLON,750839,BOURKE,71.2041,56.1684,60.3581,0.2068,5
2026-08-31,METHUL,750855,BOURKE,59.1186,49.6233,62.6035,0.1669,4
2026-08-31,MULBURRUGA,750895,BOYD,34.1497,37.779,37.9792,0.1376,4
2026-08-31,LINCOLN,750935,BRISBANE,12.7772,18.911,8.1255,-0.289,2
2026-08-31,BEAURY,751041,BULLER,25.0394,40.6965,36.6628,-0.1126,2
2026-08-31,BULLALA,751093,BURNETT,12.1159,17.0373,17.0283,0.0065,2
2026-08-31,PEPPERBOX,751125,BURNETT,7.76,13.1369,13.9874,-0.0134,2
2026-08-31,QUIANDERRY,751221,CAIRA,79.3142,77.847,72.2271,0.1404,5
2026-08-31,TELFORD,751229,CAIRA,80.4429,76.6503,71.5331,0.1605,5
2026-08-31,LAGUNE,751461,CLARKE,7.1983,16.8544,13.8572,-0.1506,2
2026-08-31,GRANDOONBONE,751581,CLYDE,21.3942,43.901,34.4354,0.098,3
2026-08-31,ARIAH,751671,COOPER,42.3493,36.1921,39.3915,0.1369,4
2026-08-31,LEE,751895,COWPER,35.5244,57.577,50.0084,0.1609,4
2026-08-31,STUART,751939,COWPER,22.648,42.6819,33.9156,0.0973,3
2026-08-31,TARPOLY,752199,DARLING,8.1364,13.1913,14.0895,-0.111,2
2026-08-31,KILLEN,752219,DELALAH,95.1381,97.5933,98.2938,0.165,5
2026-08-31,PAGAN,752260,DENHAM,27.3038,43.6856,37.0228,0.0475,3
2026-08-31,ALBERT,752363,DRAKE,6.2048,26.9216,19.75,-0.0666,2
2026-08-31,BRONTE,752448,DURHAM,30.2796,26.6884,34.3242,-0.4508,2
2026-08-31,BURGESS,752508,EVELYN,96.7868,99.895,98.6187,0.0966,5
2026-08-31,GAYER,752512,EVELYN,94.6122,98.1147,97.635,0.0876,5
2026-08-31,MILRING,752520,EVELYN,97.5127,99.7918,98.7906,0.0747,5
2026-08-31,PIDGERIE,752528,EVELYN,97.6723,100,98.6944,0.0366,5
2026-08-31,HARRIS,752624,FARNELL,96.1432,93.0083,92.5041,0.111,5
2026-08-31,MELDRUM DOWNS,752833,FITZROY,22.5741,60.1274,50.1465,-0.1978,2
2026-08-31,WAIHOU,752849,FITZROY,19.4908,42.0008,38.4735,-0.1388,2
2026-08-31,MAROWIE,752982,FRANKLIN,39.2403,40.3183,39.9135,0.1308,4
2026-08-31,FLADBURY,753278,GOUGH,2.8418,10.7556,7.9079,-0.077,1
2026-08-31,MITCHELL,753295,GOUGH,5.0386,15.3941,13.6433,-0.0981,2
2026-08-31,BIBBEJIBBERY,753421,GREGORY,19.1393,44.131,30.0494,0.0302,2
2026-08-31,TERRIGAL,753493,GREGORY,20.123,44.2383,32.0555,0.0255,2
2026-08-31,MOORAMIA,753564,GUNDERBOOKA,44.86,61.9907,58.3172,0.1853,4
2026-08-31,ABINGTON,753635,HARDINGE,3.0536,10.2438,7.3666,-0.0991,1
2026-08-31,RAND,753755,HUME,60.1752,59.0063,61.7284,0.1087,5
2026-08-31,KINDARUN,753791,HUNTER,3.4283,13.4304,13.5756,-0.1647,1
2026-08-31,MCLEAN,753795,HUNTER,6.5055,24.0686,21.2489,-0.1563,2
2026-08-31,HARTINGTON,753993,KENNEDY,34.5684,61.2718,53.4078,0.1618,4
2026-08-31,EUOLA,754058,KILLARA,73.3197,84.6629,86.4867,0.1163,5
2026-08-31,KILLARA,754066,KILLARA,62.1269,77.947,78.697,0.1459,5
2026-08-31,MUNTAWA,754072,KILLARA,82.8161,89.4702,89.7363,0.0955,5
2026-08-31,WOLSELEY,754095,KILLARA,64.6653,80.2949,81.4671,0.1277,5
2026-08-31,BURRY GURRY,754152,LANDSBOROUGH,52.5145,71.683,70.7821,0.2052,5
2026-08-31,NEDGERA,754236,LEICHHARDT,23.6533,45.6508,33.5203,0.0526,3
2026-08-31,PARMIDUAN,754244,LEICHHARDT,14.9702,21.061,20.4063,0.0518,3
2026-08-31,BONUNA,754463,MANARA,62.0048,76.3153,75.1409,0.1775,5
2026-08-31,DOON,754515,MENINDEE,88.1363,87.7216,84.083,0.0496,5
2026-08-31,NOOTUMBULLA,754640,MOOTWINGEE,88.3464,89.4066,89.786,0.0585,5
2026-08-31,BURRENYINAH,754670,MOSSGIEL,64.2924,61.8602,67.1664,0.1667,5
2026-08-31,TICEHURST,754722,MOSSGIEL,56.9673,70.9016,69.7556,0.1772,5
2026-08-31,FLINDERS,754775,MOURAMBA,46.8431,60.885,49.742,0.2012,4
2026-08-31,WYNDHAM,754864,MURCHISON,10.1861,17.208,18.816,-0.0464,2
2026-08-31,PALERANG,754904,MURRAY,26.3438,47.1946,55.5966,-0.2571,2
2026-08-31,MIHI,754942,NANDEWAR,14.0539,22.5669,17.8521,-0.034,2
2026-08-31,TERRAWINDA,754982,NAPIER,19.2209,27.6457,22.8524,0.0302,2
2026-08-31,GOOLGOWI SOUTH,755164,NICHOLSON,27.9032,33.2187,30.7542,0.108,3
2026-08-31,LACHLAN,755172,NICHOLSON,30.9894,32.3207,29.9018,0.1307,3
2026-08-31,MULLA,755332,PARRY,6.8531,10.6625,9.2838,-0.1363,2
2026-08-31,NEVER NEVER,755444,PHILLIP,10.0543,23.2406,15.9547,-0.1116,2
2026-08-31,RUMKER,755448,PHILLIP,9.9751,20.9082,15.3702,-0.0598,2
2026-08-31,TINDARA,755468,POOLE,99.4635,100,99.7794,0.0152,5
2026-08-31,HOWES HILL,755504,POTTINGER,9.4948,21.7858,15.6917,-0.0135,2
2026-08-31,WALLANDRA,755596,RANKIN,59.0667,75.0098,75.6317,0.1732,5
2026-08-31,NURENMERENMONG,755884,SELWYN,54.3604,66.0979,78.7032,0.1388,5
2026-08-31,TALLOWAL,755960,ST VINCENT,18.8463,27.6374,41.8815,-0.4748,2
2026-08-31,ADAMS,755976,STAPYLTON,20.1659,32.7153,30.7088,0.0492,3
2026-08-31,MYLATCHIE,756104,TAILA,87.4088,79.4279,75.5962,0.22,5
2026-08-31,CALATHUNDA,756224,TONGOWOKO,97.1586,99.462,99.0842,0.1082,5
2026-08-31,PEPPIN,756316,TOWNSEND,53.0468,57.4006,52.5593,0.1584,5
2026-08-31,TARRABANDRA,756377,ULARARA,95.5621,99.6525,98.5007,0.157,5
2026-08-31,NOWRANIE,756437,URANA,52.6274,56.5936,53.9499,0.1344,5
2026-08-31,COCKRAN,756526,WAKOOL,64.936,60.4496,46.9659,0.1484,4
2026-08-31,TOOLON,756586,WAKOOL,78.3489,69.733,58.871,0.1564,5
2026-08-31,WINDOURAN,756594,WAKOOL,72.1232,71.02,62.8181,0.137,5
2026-08-31,YARREIN,756602,WAKOOL,88.0672,78.2218,69.6493,0.2125,5
2026-08-31,BUCKONYONG,756614,WALJEERS,70.548,69.046,65.1268,0.1157,5
2026-08-31,MURNIA,756642,WALJEERS,51.9907,55.1512,58.2765,0.1366,5
2026-08-31,WILSON,756730,WALLACE,35.7076,46.2063,73.5437,-0.2018,5
2026-08-31,EUROLIE,756750,WARADGERY,46.7095,42.473,41.3461,0.1468,4
2026-08-31,TOOGIMBIE,756794,WARADGERY,58.2145,46.5604,42.8777,0.0927,4
2026-08-31,PETERS,756850,WELLESLEY,12.0997,11.756,21.8937,-0.2299,2
2026-08-31,COWARY,757005,WERUNDA,78.2022,80.8128,84.9074,0.0683,5
2026-08-31,COORMORE,757094,WHITE,15.2337,23.147,20.452,0.0423,3
2026-08-31,GALLOWAY,757102,WHITE,15.959,27.5372,21.9019,0.0336,2
2026-08-31,HUMPHREY,757106,WHITE,15.0894,23.1487,20.2401,0.0354,2
2026-08-31,KUDGEE,757148,WINDEYER,90.321,88.2189,87.4057,0.0473,5
2026-08-31,YANCOWINNA NORTH,757314,YANCOWINNA,83.2355,88.1389,83.4311,0.0522,5
2026-08-31,BUONA,757379,YANTARA,93.8043,98.8392,98.4015,0.1258,5
2026-08-31,ULLOLLIE,757503,YUNGNULGRA,84.5495,89.44,90.3349,0.0618,5
2026-08-31,COOKBUNDOON,750009,ARGYLE,37.4843,50.5028,71.2882,-0.2849,5
2026-08-31,MULLENGULLENGA,750032,ARGYLE,29.1104,51.983,65.4981,-0.3219,2
2026-08-31,BUNDILL,750254,BARADINE,24.1187,38.6628,28.566,0.0687,3
2026-08-31,CURROTHA,750454,BENARBA,18.9383,23.5163,28.0684,0.0178,2
2026-08-31,COLLIEBLUE,750744,BLIGH,12.6414,24.0127,19.9223,-0.0086,2
2026-08-31,WYNDUC,750816,BOOROONDARRA,52.8035,62.8629,62.8832,0.1644,5
2026-08-31,JILLETT,750844,BOURKE,60.2867,48.433,52.5449,0.1715,4
2026-08-31,YARRAMAN,750969,BRISBANE,4.7983,17.9127,16.6317,-0.094,1
2026-08-31,BUNUMBURT,751178,CAIRA,80.8784,79.0975,76.3971,0.1462,5
2026-08-31,VEGA,751347,CANBELEGO,22.6772,42.0682,33.7113,0.0955,3
2026-08-31,NANEGAI,751379,CLARENCE,25.4537,59.9446,59.3297,-0.0826,2
2026-08-31,ESPERANCE,751570,CLYDE,21.29,42.9141,32.9483,0.0617,3
2026-08-31,BURTON,751851,COWPER,26.2476,52.1617,40.8525,0.122,3
2026-08-31,KAIWILTA,751888,COWPER,32.5904,55.2271,46.8094,0.149,4
2026-08-31,OAKLEIGH,751920,COWPER,37.1212,53.2492,51.4285,0.1724,4
2026-08-31,BRENDA,751969,CULGOA,46.3017,67.0645,53.2505,0.137,5
2026-08-31,CARROBOBLIN,752079,CUNNINGHAM,52.1862,63.6733,52.6615,0.2537,5
2026-08-31,KARS,752099,CUNNINGHAM,34.6939,53.4862,44.021,0.166,4
2026-08-31,MORUYA,752151,DAMPIER,3.059,8.3543,12.9743,-0.3891,1
2026-08-31,URELLA,752228,DELALAH,96.9713,99.7742,98.8,0.1534,5
2026-08-31,BULL PLAIN,752277,DENISON,54.9072,54.0973,48.7453,0.1112,4
2026-08-31,ALICE,752364,DRAKE,20.0038,42.8773,43.5861,-0.0621,2
2026-08-31,CHAUVEL,752368,DRAKE,21.4397,47.9698,47.1841,-0.0881,2
2026-08-31,HONGKONG,752380,DRAKE,11.3115,36.6593,28.609,-0.0856,2
2026-08-31,WOBADUCK,752541,EVELYN,97.2553,98.8055,98.1489,0.037,5
2026-08-31,EUROMBEDAH,752581,EWENMAR,31.4848,47.0202,35.1906,0.1091,4
2026-08-31,CHAMBERLAIN,752613,FARNELL,96.9209,94.0469,93.1656,0.0903,5
2026-08-31,MOGIL MOGUL,752726,FINCH,20.1652,25.5849,29.2533,0.0412,3
2026-08-31,WIRIRI,752851,FITZROY,7.9835,38.3791,32.4104,-0.1568,2
2026-08-31,BABINDA,752855,FLINDERS,45.6657,59.837,48.2983,0.1994,4
2026-08-31,MULGOWRIE,753048,GEORGIANA,24.3424,30.7842,44.7655,0.0153,2
2026-08-31,TIRRANNA,753117,GIPPS,69.4608,66.941,64.6126,0.2567,5
2026-08-31,BERRICO,753145,GLOUCESTER,6.7177,16.9448,22.0858,-0.5475,2
2026-08-31,THE BROTHERS,753318,GOUGH,4.3451,15.1604,13.3875,-0.0782,1
2026-08-31,ERINGANERIN,753382,GOWEN,18.7738,32.3523,23.8749,0.0959,3
2026-08-31,GERAR,753450,GREGORY,23.1317,51.4626,33.8249,0.081,3
2026-08-31,STANHOPE,753490,GREGORY,21.7357,49.4206,33.92,0.0588,3
2026-08-31,CHANDLER,753514,GRESHAM,7.5217,24.5054,22.1061,-0.1295,2
2026-08-31,CUMBOOKA,753552,GUNDERBOOKA,42.7531,58.1413,54.9524,0.1733,4
2026-08-31,GRAY,753740,HUME,53.4365,54.564,48.3191,0.1119,4
2026-08-31,GLEN ALICE,753780,HUNTER,8.102,29.4073,23.9848,-0.1261,2
2026-08-31,MEDHURST,753796,HUNTER,4.0805,16.1779,15.9015,-0.1717,1
2026-08-31,BLOOMFIELD,753832,INGLIS,10.9006,16.852,15.3578,-0.0829,2
2026-08-31,ARDFERT,753852,IRRARA,69.8,83.6146,85.9945,0.2164,5
2026-08-31,GIBSON,753864,IRRARA,49.8057,68.8867,65.3685,0.183,5
2026-08-31,BURREN,753914,JAMISON,24.8502,37.1332,37.7096,0.051,3
2026-08-31,ALBERT,753966,KENNEDY,37.8111,63.1266,51.4762,0.1687,4
2026-08-31,WERIDGERY,754023,KENNEDY,51.5755,58.8581,49.8967,0.2249,4
2026-08-31,GUNNING,754118,KING,42.7546,50.9893,63.7026,0.0093,5
2026-08-31,NARRAWA,754131,KING,27.2649,31.3643,45.426,0.0326,2
2026-08-31,CAMPAMOOKA,754153,LANDSBOROUGH,61.3674,77.7612,79.693,0.1735,5
2026-08-31,NEINBY,754237,LEICHHARDT,21.1949,43.3718,31.1543,0.0621,3
2026-08-31,PIER PIER,754245,LEICHHARDT,23.8704,45.7926,33.9845,0.0415,3
2026-08-31,ASHBOURNE,754337,LIVINGSTONE,78.5953,79.7608,85.2931,0.0865,5
2026-08-31,TERYAWINYA,754384,LIVINGSTONE,78.3697,81.9118,85.4485,0.112,5
2026-08-31,WEATHERLY,754392,LIVINGSTONE,80.3887,83.0454,87.2897,0.067,5
2026-08-31,VERNON,754452,MACQUARIE,55.7347,74.4284,78.5752,-0.2718,5
2026-08-31,BURKETT NORTH,754464,MANARA,80.1689,84.1319,80.9262,0.0989,5
2026-08-31,GOL GOL,754472,MANARA,79.7183,83.3019,81.0282,0.1023,5
2026-08-31,BUCKALOW WEST,754508,MENINDEE,90.6198,88.4918,87.2194,0.0492,5
2026-08-31,MURRINGO NORTH,754599,MONTEAGLE,60.3347,55.6581,66.0991,0.1447,5
2026-08-31,FORREST,754623,MOOTWINGEE,96.5348,93.6519,93.6349,0.0202,5
2026-08-31,PEPPORA,754642,MOOTWINGEE,94.7668,93.3999,93.5768,0.056,5
2026-08-31,AMUNGULA,754865,MURRAY,47.7343,58.1642,65.2312,0.0114,5
2026-08-31,WARROO,754917,MURRAY,51.1868,55.0252,59.0013,0.0923,5
2026-08-31,COOBEINDA,755021,NARRAN,45.538,63.2716,49.1004,0.1291,5
2026-08-31,BELALEY,755137,NICHOLSON,41.4888,42.5998,45.6167,0.1063,4
2026-08-31,GOOLGOWI WEST,755165,NICHOLSON,31.5655,34.893,33.4273,0.1243,4
2026-08-31,BARRARA,755353,PERRY,86.368,85.5918,84.436,0.1016,5
2026-08-31,SIMPSON,755449,PHILLIP,5.9188,19.1828,13.5941,-0.1175,2
2026-08-31,CHURRIGA,755457,POOLE,99.1794,100,99.6237,0.019,5
2026-08-31,TABBIMOBLE,755629,RICHMOND,21.0822,59.9977,56.0129,-0.0798,2
2026-08-31,AMPHITHEATRE,755637,ROBINSON,55.9557,64.9096,66.2109,0.1693,5
2026-08-31,COCO,755766,ROXBURGH,16.1196,36.1681,30.2392,-0.099,2
2026-08-31,ARALUEN,755901,ST VINCENT,6.2879,24.943,34.1896,-0.4392,2
2026-08-31,CURROCK,755929,ST VINCENT,4.5121,15.38,23.6534,-0.5131,1
2026-08-31,PRUNGLE,756109,TAILA,84.3524,78.0389,75.7131,0.1737,5
2026-08-31,BOONOKE,756253,TOWNSEND,52.1097,61.3526,51.9369,0.1686,5
2026-08-31,WILLURAH,756345,TOWNSEND,42.4247,43.9374,38.1758,0.1358,4
2026-08-31,ENFIELD,756475,VERNON,53.9095,58.4799,71.5303,-0.3025,5
2026-08-31,NORTON,756491,VERNON,36.9585,35.8638,37.341,-0.3432,4
2026-08-31,MOORONGATTA,756563,WAKOOL,86.732,76.6034,65.2003,0.1433,5
2026-08-31,BACKALUM,756671,WALLACE,39.336,66.1395,69.251,-0.1138,5
2026-08-31,BUCKENDERRA,756679,WALLACE,64.2124,74.9434,80.6888,-0.0628,5
2026-08-31,EUCUMBENE,756691,WALLACE,70.6811,76.0267,82.943,-0.0177,5
2026-08-31,DOWLING,756747,WARADGERY,57.1064,45.7262,46.1066,0.0655,4
2026-08-31,DANGAR,757099,WHITE,17.4795,28.3619,23.1291,0.045,3
2026-08-31,COOMBAH,757141,WINDEYER,91.2282,88.2678,87.8575,0.0491,5
2026-08-31,BERANGABAH,757183,WOORE,71.2537,77.9577,78.7893,0.1584,5
2026-08-31,LANTY,757199,WOORE,70.995,78.1676,79.2928,0.1488,5
2026-08-31,MAHARATTA,757287,YANCOWINNA,81.322,82.6307,80.9462,0.0522,5
2026-08-31,TARA,757307,YANCOWINNA,81.0734,84.0634,79.5927,0.0537,5
2026-08-31,WAUKEROO,757311,YANCOWINNA,84.2801,89.3797,84.9342,0.0598,5
2026-08-31,GOONIE,757336,YANDA,47.3299,63.6641,60.5312,0.2019,4
2026-08-31,UNCANA,757404,YANTARA,91.8553,95.4881,97.5659,0.1188,5
2026-08-31,WUNAWUNTY,757408,YANTARA,94.7594,99.2801,98.5168,0.0951,5
2026-08-31,CAMERON,757420,YOUNG,85.9254,89.2097,90.376,0.0388,5
2026-08-31,COMARTO,757424,YOUNG,84.9539,89.1535,88.9053,0.0524,5
2026-08-31,YARRALAW,750059,ARGYLE,34.6977,56.367,71.3636,-0.3629,5
2026-08-31,WEEAN,750127,ARRAWATTA,4.7561,8.2646,11.704,-0.1019,1
2026-08-31,MALONGULLI,750395,BATHURST,51.9457,37.7226,45.2977,0.1844,4
2026-08-31,BURRAGILLO,750439,BENARBA,17.7818,21.5123,25.2727,0.006,2
2026-08-31,NEKARBOO,750805,BOOROONDARRA,64.4039,69.1063,72.458,0.1445,5
2026-08-31,ELLERSTON,750925,BRISBANE,15.7731,20.3698,8.6524,-0.509,2
2026-08-31,GUNDY GUNDY,750929,BRISBANE,4.7801,17.9152,10.6239,-0.2371,1
2026-08-31,BULLER,751047,BULLER,29.5323,51.0604,54.1729,-0.0705,2
2026-08-31,BELAIMONG,751171,CAIRA,83.0958,82.587,80.7759,0.1513,5
2026-08-31,BLUFF,751175,CAIRA,77.0536,76.5107,70.2876,0.1503,5
2026-08-31,DUMARESQ,751509,CLIVE,2.7646,8.3021,5.8124,-0.0619,1
2026-08-31,MINGOOLA,751529,CLIVE,2.9596,8.3494,7.2598,-0.0632,1
2026-08-31,YARRAWIN,751623,CLYDE,25.0564,45.6368,37.1373,0.1255,3
2026-08-31,COLO,751632,COOK,12.9133,29.5436,39.6662,-0.3789,2
2026-08-31,DEDERANG,751860,COWPER,29.3834,52.6546,44.5728,0.1357,3
2026-08-31,RUNNYMEDE,751933,COWPER,22.5381,42.4735,33.6206,0.0953,3
2026-08-31,BARATTA,752068,CUNNINGHAM,23.7983,34.1696,33.3653,0.0901,3
2026-08-31,BOMOBBIN,752072,CUNNINGHAM,30.6035,44.7891,41.3201,0.131,4
2026-08-31,BUNDABURRA,752076,CUNNINGHAM,26.8333,44.1042,38.9371,0.1108,3
2026-08-31,WADBILLIGA,752160,DAMPIER,4.6895,10.36,15.1158,-0.2993,1
2026-08-31,HALL,752185,DARLING,7.7707,11.4665,9.7697,-0.0944,2
2026-08-31,JEREEL,752250,DENHAM,29.7691,50.1176,44.1042,0.0611,3
2026-08-31,CARLYLE,752278,DENISON,52.4612,50.3058,43.8421,0.1083,4
2026-08-31,SARGOOD,752294,DENISON,51.7158,56.6437,51.4791,0.1588,5
2026-08-31,WHOYEO,752355,DOWLING,38.4059,39.5721,39.8178,0.1642,4
2026-08-31,STURT,752632,FARNELL,97.1782,94.0082,93.0563,0.0321,5
2026-08-31,SHANNON,752839,FITZROY,7.5932,21.8266,15.8675,-0.1017,2
2026-08-31,CUMBIJOWA,752936,FORBES,60.4258,55.167,48.8025,0.2933,4
2026-08-31,GOLGOTHRIE,752972,FRANKLIN,43.1735,48.4366,48.6742,0.1157,4
2026-08-31,WYUNA,753004,FRANKLIN,44.8235,46.6559,46.6614,0.1381,4
2026-08-31,BOMBAH,753016,GEORGIANA,38.2395,44.2874,50.4348,-0.0022,4
2026-08-31,MARKDALE,753045,GEORGIANA,24.4877,33.3975,47.211,-0.0007,2
2026-08-31,YOUNGAREEN,753138,GIPPS,41.8173,35.4963,38.0954,0.167,4
2026-08-31,EDEN,753276,GOUGH,2.0855,6.35,6.3951,-0.0711,1
2026-08-31,GARDINER,753447,GREGORY,20.5411,43.4259,30.7796,0.0444,3
2026-08-31,INGLEGA,753463,GREGORY,21.9279,47.7636,34.7186,0.0597,3
2026-08-31,MARINEBONE,753467,GREGORY,23.8464,56.0837,36.8047,0.0801,3
2026-08-31,NEINBY,753479,GREGORY,20.3733,44.3552,32.0665,0.0503,3
2026-08-31,PENTAGON,753483,GREGORY,21.5224,48.6807,35.068,0.0634,3
2026-08-31,TONGAMBA,753495,GREGORY,20.6262,45.7802,33.1337,0.0593,3
2026-08-31,BOYONG,753545,GUNDERBOOKA,43.1133,60.1305,58.2873,0.1838,4
2026-08-31,ASTON,753637,HARDINGE,2.9463,10.2513,11.1472,-0.0965,1
2026-08-31,SANDY CREEK,753672,HARDINGE,3.9647,12.1299,9.305,-0.1003,1
2026-08-31,BARRY,753685,HAWES,12.5941,17.5711,7.8022,-0.4777,2
2026-08-31,PAROO PLAINS,753885,IRRARA,74.1786,87.2325,87.7877,0.1989,5
2026-08-31,MELLBURRA,753943,JAMISON,20.9569,30.9699,29.8799,0.0198,2
2026-08-31,NOWLEY,753951,JAMISON,25.2249,41.5492,40.3754,0.0393,2
2026-08-31,VICKERY,753959,JAMISON,25.1775,40.3777,39.3736,0.0417,3
2026-08-31,BURDENDA,753975,KENNEDY,30.197,64.2707,43.1005,0.1348,4
2026-08-31,STANLEY,754015,KENNEDY,41.6449,61.3892,52.7494,0.1823,4
2026-08-31,GIGEL,754060,KILLARA,76.8608,85.1849,85.6643,0.0621,5
2026-08-31,TOBIN,754254,LEICHHARDT,27.9453,51.1899,35.2498,0.0957,3
2026-08-31,WADDIWONG,754262,LEICHHARDT,24.2785,46.9731,36.6825,0.075,3
2026-08-31,BERANGABAH,754338,LIVINGSTONE,76.1634,80.4804,83.5028,0.1353,5
2026-08-31,LIDDELL,754366,LIVINGSTONE,82.2357,84.5529,85.6814,0.09,5
2026-08-31,ITA,754517,MENINDEE,90.8484,87.9114,86.1217,0.0369,5
2026-08-31,TANDOU,754529,MENINDEE,85.4988,87.0455,85.8543,0.0709,5
2026-08-31,LANGAWIRRA,754633,MOOTWINGEE,86.8632,88.1108,86.8212,0.0583,5
2026-08-31,BILLABAH,754664,MOSSGIEL,59.8829,58.6017,63.5948,0.1594,5
2026-08-31,BROUGHAM,754668,MOSSGIEL,66.0728,68.7754,72.0692,0.1832,5
2026-08-31,GUNNABONNA,754684,MOSSGIEL,54.7266,56.9979,60.1538,0.1586,5
2026-08-31,WAIKO,754728,MOSSGIEL,58.3262,69.3474,69.4446,0.1784,5
2026-08-31,WARRANARY,754733,MOSSGIEL,46.8302,47.4937,49.0695,0.1467,4
2026-08-31,YUGARUREE,754749,MOSSGIEL,62.3211,61.2586,66.4536,0.1609,5
2026-08-31,GILGUNNIA,754777,MOURAMBA,60.9431,58.9888,60.0511,0.1762,5
2026-08-31,RESTDOWN,754801,MOURAMBA,48.355,62.3382,53.4006,0.1837,5
2026-08-31,MYALL,754853,MURCHISON,9.9603,16.4926,18.9902,-0.0725,2
2026-08-31,BYAR,754932,NANDEWAR,15.4605,23.9567,20.6822,-0.0159,2
2026-08-31,BANNOCKBURN,754988,NARRAN,41.1084,60.5291,52.4806,0.1255,4
2026-08-31,BOGIA,755142,NICHOLSON,32.6583,33.7899,31.9805,0.1357,4
2026-08-31,AUBURN,755206,NORTHUMBERLAND,9.6189,16.9268,24.2126,-0.3935,2
2026-08-31,BEABLEBAR,755274,OXLEY,27.9058,60.217,41.5413,0.1208,3
2026-08-31,ANNA,755318,PARRY,6.9069,11.0136,8.7134,-0.1514,2
2026-08-31,YENDA,755410,PERRY,85.3632,87.4241,86.0421,0.0828,5
2026-08-31,TATHAM,755630,RICHMOND,28.5602,70.4931,62.9787,-0.0579,2
2026-08-31,DEVON,755816,SANDON,6.598,12.6482,11.477,-0.1282,2
2026-08-31,LAWRENCE,755832,SANDON,11.4879,17.2507,16.7295,-0.2783,2
2026-08-31,MAIDEN,756126,TANDORA,81.4191,85.884,84.3374,0.0769,5
2026-08-31,STURT,756138,TANDORA,83.0983,85.6191,84.8335,0.0826,5
2026-08-31,COLAINE,756202,THOULCANNA,90.4944,96.922,97.1903,0.1591,5
2026-08-31,TORRENS,756238,TONGOWOKO,97.8204,100,99.55,0.0539,5
2026-08-31,EUROPAMBELA,756476,VERNON,20.4984,23.3586,20.6102,-0.3442,2
2026-08-31,TIARA,756500,VERNON,46.3585,48.851,53.713,-0.3201,5
2026-08-31,COONOON,756744,WARADGERY,56.3581,44.2563,42.3415,0.0856,4
2026-08-31,WAYMEA,756804,WARADGERY,54.9282,42.9713,43.2326,0.0744,4
2026-08-31,WINGECARRIBEE,757079,WESTMORELAND,36.6917,49.2123,60.2487,-0.3291,5
2026-08-31,BOHENA,757084,WHITE,24.4596,39.6212,35.9481,0.0546,3
2026-08-31,MALLARA,757200,WOORE,70.7828,74.9514,80.2996,0.1195,5
2026-08-31,CARRINGTON,757272,YANCOWINNA,88.4748,90.116,87.5242,0.0768,5
2026-08-31,COOKADINI,757325,YANDA,53.7849,66.4418,65.1388,0.1967,5
2026-08-31,TRETHELLA,757365,YANDA,47.0512,63.4424,61.0283,0.1971,4
2026-08-31,WINDERRA,757369,YANDA,49.39,65.6178,63.521,0.217,5
2026-08-31,KOOTOOLOOMONDOO,757389,YANTARA,92.6904,97.4686,98.2383,0.1491,5
2026-08-31,MOONAMURTIE,757492,YUNGNULGRA,85.453,89.4276,90.6339,0.0511,5
2026-08-31,STRATHAIRD,750046,ARGYLE,26.1162,45.0217,67.1972,-0.3167,2
2026-08-31,MERINGO,750216,AUCKLAND,7.0046,11.6763,21.6874,-0.3043,2
2026-08-31,BALLYCASTLE,750324,BARRONA,56.2114,74.4373,74.6067,0.2033,5
2026-08-31,WANDOONA,750508,BENARBA,15.6041,20.851,23.7462,-0.0003,2
2026-08-31,BULGUNDRAMINE,750528,BERESFORD,13.0673,21.0701,40.5369,-0.3969,2
2026-08-31,LUCAS,750548,BERESFORD,7.5978,19.9471,37.4307,-0.3722,2
2026-08-31,BERRIGAN,750577,BLAND,70.0684,68.6627,66.8024,0.2293,5
2026-08-31,EURABBA,750599,BLAND,72.2538,65.6667,66.1598,0.1789,5
2026-08-31,MAHURANGI EAST,750681,BLAXLAND,51.4503,47.3676,47.4601,0.1377,4
2026-08-31,FINLEY,750794,BOOROONDARRA,61.863,66.0551,69.0651,0.1535,5
2026-08-31,SPRINGFIELD,750810,BOOROONDARRA,52.3279,63.6221,63.9271,0.1611,5
2026-08-31,COTTEE,750830,BOURKE,53.5206,55.3693,66.8197,0.1033,5
2026-08-31,CRAWNEY,750922,BRISBANE,11.7985,19.4223,8.2994,-0.4169,2
2026-08-31,WALLABADAH,751031,BUCKLAND,9.5049,19.7267,10.6355,-0.1133,2
2026-08-31,CATARACT,751052,BULLER,19.4984,39.1398,35.5453,-0.1339,2
2026-08-31,CORRY,751056,BULLER,11.7727,25.8755,14.6021,-0.126,2
2026-08-31,BLEDGER,751088,BURNETT,11.5869,17.402,17.7888,-0.0016,2
2026-08-31,SINGAPOORA,751128,BURNETT,10.2098,17.8275,19.3694,-0.018,2
2026-08-31,MAREMLEY,751204,CAIRA,89.6658,85.0339,77.7563,0.2076,5
2026-08-31,PENARIE,751216,CAIRA,91.0894,85.4162,78.8715,0.2145,5
2026-08-31,TINTIN,751232,CAIRA,89.228,85.475,80.3311,0.1911,5
2026-08-31,CARO,751309,CANBELEGO,24.1001,50.7963,36.634,0.1035,3
2026-08-31,MULGA,751333,CANBELEGO,36.4748,59.4407,50.7069,0.1355,4
2026-08-31,GOOLAMANGER,751518,CLIVE,6.3966,19.116,12.1707,-0.0904,2
2026-08-31,MOOGEM,751530,CLIVE,6.3797,21.9953,16.8214,-0.0704,2
2026-08-31,GRANDOOL,751580,CLYDE,24.9617,43.5316,37.7005,0.0764,3
2026-08-31,CAMAROOKA,751686,COOPER,21.6735,31.3761,28.9815,0.0917,3
2026-08-31,YENDA,751746,COOPER,21.3425,29.7396,27.4712,0.0722,3
2026-08-31,BINIGUY,751750,COURALLIE,16.4611,21.1035,20.9055,0.0246,2
2026-08-31,MACKAY,751898,COWPER,40.1472,56.6318,54.788,0.1862,4
2026-08-31,JINDEN,752149,DAMPIER,4.275,20.9449,30.1737,-0.4012,1
2026-08-31,ALBERT,752206,DELALAH,97.1557,98.0605,98.9565,0.1483,5
2026-08-31,BLAIRGOWRIE,752308,DOWLING,35.586,31.6797,33.6061,0.1281,4
2026-08-31,GARRYOWEN,752325,DOWLING,31.6483,29.885,30.2343,0.128,3
2026-08-31,PUHOI,752390,DRAKE,4.9873,20.1758,17.0903,-0.0635,1
2026-08-31,GOTHA,752463,DURHAM,0.9071,10.2165,4.036,-0.4431,1
2026-08-31,TUDOR,752495,DURHAM,3.6924,13.8049,6.1655,-0.4524,1
2026-08-31,MUNGUNDI,752786,FITZGERALD,87.3813,95.414,94.2942,0.151,5
2026-08-31,BARROW,752857,FLINDERS,41.9618,57.7022,49.6766,0.1934,4
2026-08-31,LALLAL,752981,FRANKLIN,49.1719,53.4979,56.4381,0.1197,5
2026-08-31,BEEMARANG,753009,GEORGIANA,61.2887,68.0874,92.1324,-0.0845,5
2026-08-31,HILLAS,753034,GEORGIANA,29.0412,42.7945,63.7008,-0.2324,2
2026-08-31,WILBERTROY,753131,GIPPS,57.3446,60.499,53.9176,0.2589,5
2026-08-31,ROCKY PONDS,753248,GORDON,49.3322,39.9699,37.7643,0.1968,4
2026-08-31,GILGOEN,753452,GREGORY,23.2718,54.127,35.5539,0.0712,3
2026-08-31,PULLINGARWARINA,753484,GREGORY,20.0405,43.0709,30.8952,0.0329,2
2026-08-31,YARRAWELL,753504,GREGORY,20.1224,46.0399,30.9988,0.0403,3
2026-08-31,CAMELBACK,753512,GRESHAM,5.4229,27.9144,20.4676,-0.0329,2
2026-08-31,BOOKHAM,753595,HARDEN,52.7424,51.114,66.3597,0.1102,5
2026-08-31,GOORAMMA,753617,HARDEN,55.3652,55.6436,64.7221,0.1171,5
2026-08-31,BROCK,753686,HAWES,41.8024,46.4908,48.2998,-0.361,5
2026-08-31,ANGORAWA,753766,HUNTER,9.1508,19.7072,30.0934,-0.3433,2
2026-08-31,WARENG,753818,HUNTER,3.0697,10.46,11.2471,-0.144,1
2026-08-31,WILPEN,753822,HUNTER,5.454,17.7447,19.1686,-0.0936,2
2026-08-31,BANTRY,753854,IRRARA,57.6272,74.313,73.0249,0.2146,5
2026-08-31,LISMORE SOUTH,753874,IRRARA,63.9858,78.9823,80.6678,0.2455,5
2026-08-31,MUKUDJEROO,753882,IRRARA,64.8199,79.4474,82.5772,0.2401,5
2026-08-31,HOUSTON,753996,KENNEDY,53.2288,43.5888,38.2425,0.1925,4
2026-08-31,DOLORA,754057,KILLARA,74.0953,82.712,84.6143,0.0877,5
2026-08-31,COLMIA,754195,LEICHHARDT,24.6848,46.5783,36.3891,0.0715,3
2026-08-31,TOLOORA,754255,LEICHHARDT,25.2481,50.513,40.8122,0.0793,3
2026-08-31,LINCOLN,754315,LINCOLN,21.6668,30.2958,24.531,0.0916,3
2026-08-31,TENANDRA,754327,LINCOLN,21.3234,28.2449,24.2704,0.0567,3
2026-08-31,COOLEGONG,754586,MONTEAGLE,71.1941,66.9986,64.6759,0.1652,5
2026-08-31,ROBINSON,754802,MOURAMBA,59.6793,62.8073,64.4947,0.179,5
2026-08-31,TERAN,754806,MOURAMBA,50.5239,60.5306,51.5541,0.2165,5
2026-08-31,LOWE,754969,NAPIER,11.9419,18.91,15.5988,-0.0243,2
2026-08-31,QUEENSBOROUGH,754981,NAPIER,16.1992,25.4685,20.7393,0.0087,2
2026-08-31,WILSON,755079,NARRAN,38.3608,58.264,47.9268,0.1064,4
2026-08-31,BELLINGERAMBIL EAST,755139,NICHOLSON,36.3066,38.2677,36.2343,0.137,4
2026-08-31,BUNDA NORTH,755151,NICHOLSON,34.3811,36.8677,34.2509,0.1348,4
2026-08-31,BUDDABADAH,755279,OXLEY,26.6241,57.5735,44.5759,0.1277,3
2026-08-31,BECTIVE,755319,PARRY,10.8589,17.2983,15.8849,-0.098,2
2026-08-31,NUNDLE,755335,PARRY,10.9116,14.8996,7.8118,-0.2617,2
2026-08-31,NANTOMOKO,755463,POOLE,99.4711,100,99.897,0.0141,5
2026-08-31,BRIGALOW,755479,POTTINGER,13.0427,24.6064,19.6583,0.0208,2
2026-08-31,MEDLOW,755547,RALEIGH,7.4099,35.6849,27.331,-0.4536,2
2026-08-31,DARKE,755607,RICHMOND,20.4896,63.0143,57.5011,-0.0671,2
2026-08-31,CANBELEGO,755647,ROBINSON,40.8824,62.7246,53.3153,0.1394,4
2026-08-31,SCOTT,755887,SELWYN,60.0329,80.2356,91.8169,0.0558,5
2026-08-31,QUIERA,755955,ST VINCENT,25.2863,34.2287,52.0813,-0.4606,2
2026-08-31,TALLAGANDA,755959,ST VINCENT,6.2258,25.3871,32.6698,-0.417,2
2026-08-31,MILLS,756059,STURT,36.1236,40.3491,40.1093,0.1131,4
2026-08-31,MEILMAN,756099,TAILA,84.6177,76.5158,69.8458,0.2446,5
2026-08-31,WANPAH,756239,TONGOWOKO,97.8757,99.3813,99.2441,0.0594,5
2026-08-31,THURGOON,756331,TOWNSEND,51.1932,59.9434,49.5187,0.1736,4
2026-08-31,BEREMEGAD,756513,WAKOOL,81.7295,72.1679,59.8604,0.1595,5
2026-08-31,JIMARINGLE,756545,WAKOOL,79.3636,71.784,59.6971,0.156,5
2026-08-31,BUNGARRY,756617,WALJEERS,64.4967,60.7171,60.4514,0.1048,5
2026-08-31,GOONA WARRA,756625,WALJEERS,48.9675,47.3055,52.0107,0.0812,4
2026-08-31,NATUE,756645,WALJEERS,49.0849,50.9646,55.2036,0.1075,4
2026-08-31,TARTOO,756653,WALJEERS,53.502,59.6269,63.4293,0.1223,5
2026-08-31,RANKIN,756785,WARADGERY,51.2092,45.7402,42.6148,0.1214,4
2026-08-31,CHANCE,757000,WERUNDA,70.5297,78.7655,82.7793,0.0806,5
2026-08-31,COONOOLCRA,757004,WERUNDA,80.227,84.9429,86.6984,0.0452,5
2026-08-31,ARRAROWNIE,757081,WHITE,17.365,28.5972,23.0693,0.0528,3
2026-08-31,CATHCART,757273,YANCOWINNA,81.6608,86.5733,82.0613,0.0546,5
2026-08-31,MEUTHERRA,757346,YANDA,50.8192,66.0658,62.7857,0.1927,5
2026-08-31,PANGUNYA,757354,YANDA,52.3456,67.5659,64.7838,0.1978,5
2026-08-31,TYNGIN,757366,YANDA,49.2393,65.1204,62.3144,0.2023,5
2026-08-31,YANTARA,757410,YANTARA,94.1665,99.2603,98.5587,0.0977,5
2026-08-31,BOOLMUCKLEDI,750425,BENARBA,17.1349,19.5039,22.7532,-0.0052,2
2026-08-31,COLLYMONGLE,750445,BENARBA,20.0311,24.3273,28.9876,0.0344,2
2026-08-31,NANDOURA,750759,BLIGH,11.1697,21.1686,19.717,-0.0119,2
2026-08-31,YARRAGAL,750779,BLIGH,15.912,23.8542,20.6262,0.0411,3
2026-08-31,GILL,751101,BURNETT,9.8256,15.7878,16.5457,0.0045,2
2026-08-31,TOORONG,751233,CAIRA,76.3622,75.5292,70.5418,0.1255,5
2026-08-31,BILLABUNG,751398,CLARENDON,47.3086,46.6073,58.4212,0.1485,4
2026-08-31,SILENT GROVE,751537,CLIVE,2.5182,8.6968,4.9512,-0.0409,1
2026-08-31,WOMMERA,751617,CLYDE,33.6415,51.3781,44.1869,0.1698,4
2026-08-31,DWYER,751866,COWPER,33.0439,54.2818,47.629,0.1702,4
2026-08-31,SCOTT,752536,EVELYN,97.0012,99.9371,99.0817,0.0726,5
2026-08-31,MOOLLAWOOLKA,752783,FITZGERALD,82.4854,91.5867,91.1907,0.1316,5
2026-08-31,COOLIBAH,752870,FLINDERS,31.5566,57.0591,50.0274,0.1567,4
2026-08-31,THURUNGLE,752954,FORBES,66.6042,66.2046,57.3108,0.2761,5
2026-08-31,SOUTH BORAMBIL,753112,GIPPS,26.9358,38.7584,36.4637,0.1086,3
2026-08-31,WILGA,753132,GIPPS,35.4903,34.9716,35.8966,0.1528,4
2026-08-31,IRRALONG,753177,GLOUCESTER,10.8607,26.938,29.753,-0.5326,2
2026-08-31,DILLY,753381,GOWEN,18.3502,29.0708,22.9815,0.064,3
2026-08-31,GRADDELL,753457,GREGORY,22.61,49.816,34.0451,0.0727,3
2026-08-31,YHABABONG,753505,GREGORY,23.1386,52.9425,33.4446,0.0889,3
2026-08-31,STANLEY,753534,GRESHAM,7.5518,26.33,24.7737,-0.1598,2
2026-08-31,COOK,753775,HUNTER,7.2913,21.1539,26.8922,-0.2797,2
2026-08-31,TONGA,753815,HUNTER,3.418,15.0486,13.9989,-0.1684,1
2026-08-31,DRILDOOL,753929,JAMISON,30.9137,45.4929,43.0489,0.0731,4
2026-08-31,MORGAN,753949,JAMISON,24.7028,37.458,37.7947,0.045,3
2026-08-31,NUMBY,754134,KING,34.1939,34.7069,47.1428,0.0769,4
2026-08-31,BOLIVA,754344,LIVINGSTONE,82.692,85.6802,85.6316,0.1009,5
2026-08-31,BELLANGRY,754399,MACQUARIE,17.4588,41.4796,45.301,-0.4539,2
2026-08-31,BENELKAY,754459,MANARA,74.2847,80.3317,78.765,0.1198,5
2026-08-31,MANARA,754483,MANARA,69.294,78.8714,79.1865,0.15,5
2026-08-31,NETTLEGOE,754523,MENINDEE,85.6414,87.0203,85.3273,0.0693,5
2026-08-31,WANGA,754531,MENINDEE,90.114,87.769,85.3523,0.0413,5
2026-08-31,KOORNINGBIRRY,754631,MOOTWINGEE,90.3926,94.3835,94.8643,0.0734,5
2026-08-31,CONOBLE,754678,MOSSGIEL,57.6775,63.4086,66.1203,0.1701,5
2026-08-31,KIAMBA,754787,MOURAMBA,59.724,62.3902,64.6863,0.1778,5
2026-08-31,KRUGE,754791,MOURAMBA,56.5138,58.4824,55.8854,0.1901,5
2026-08-31,BINGARA,754819,MURCHISON,10.2891,17.2634,18.6486,-0.0632,2
2026-08-31,TULCUMBA,754950,NANDEWAR,14.2746,21.7194,18.1927,-0.0508,2
2026-08-31,GIDGIER,755032,NARRAN,46.4416,68.6002,55.2275,0.1357,5
2026-08-31,MILROY,755052,NARRAN,39.1801,56.5397,52.0399,0.1331,4
2026-08-31,BOOLIGAL,755144,NICHOLSON,42.9634,45.0237,49.7182,0.1063,4
2026-08-31,EURUGABAH,755160,NICHOLSON,43.0265,43.1314,48.3604,0.101,4
2026-08-31,WERONG,755268,NORTHUMBERLAND,4.3977,13.9364,15.8386,-0.328,1
2026-08-31,LOFTUS,755328,PARRY,6.5181,10.9241,7.0338,-0.147,2
2026-08-31,DUNGEREE,755428,PHILLIP,8.68,21.2489,16.6141,-0.0362,2
2026-08-31,GROWEE,755432,PHILLIP,7.2233,20.4383,15.2526,-0.0735,2
2026-08-31,MOREDEVIL,755512,POTTINGER,9.274,17.5469,12.5091,-0.0451,2
2026-08-31,BERWICK,755685,ROUS,27.3616,67.0664,50.8472,0.0277,3
2026-08-31,DUMARESQ,755818,SANDON,5.9105,14.0137,12.5544,-0.1341,2
2026-08-31,SPRINGMOUNT,755843,SANDON,6.6704,15.2193,13.27,-0.1427,2
2026-08-31,BUCKLEY,756040,STURT,30.2147,37.8201,33.3515,0.1102,4
2026-08-31,MALTA,756128,TANDORA,79.8317,82.6215,81.4239,0.0509,5
2026-08-31,WORUNGIL,756144,TANDORA,83.8764,86.8075,86.4582,0.0794,5
2026-08-31,DAVIS,756204,THOULCANNA,85.8975,94.4929,94.829,0.1862,5
2026-08-31,BOOABULA,756252,TOWNSEND,48.3591,53.0467,46.5469,0.1403,4
2026-08-31,MONIMAIL,756296,TOWNSEND,54.6784,59.1433,52.7035,0.1646,5
2026-08-31,DERIRINGA,756360,ULARARA,90.405,96.682,97.1455,0.1673,5
2026-08-31,MOMBA,756364,ULARARA,88.4642,95.8539,94.6902,0.1555,5
2026-08-31,PAROOINGEE,756373,ULARARA,90.9788,96.9388,96.7658,0.1633,5
2026-08-31,COCKETGEDONG,756405,URANA,50.5212,55.3965,53.8025,0.1355,5
2026-08-31,CRACKENBACK,756690,WALLACE,63.9776,79.2589,84.5776,-0.079,5
2026-08-31,WILGAH,756806,WARADGERY,50.094,43.7108,42.7001,0.1445,4
2026-08-31,BILLILLA,756997,WERUNDA,79.0244,83.0023,86.3231,0.0541,5
2026-08-31,TARTARUS,757073,WESTMORELAND,33.9798,48.4519,61.8209,-0.3224,5
2026-08-31,CONOLLY,757140,WINDEYER,90.7481,87.5452,87.8808,0.0415,5
2026-08-31,LEWIS,757286,YANCOWINNA,84.5217,89.9626,83.3035,0.0662,5
2026-08-31,NADBUCK,757294,YANCOWINNA,81.5206,87.4815,78.5678,0.0571,5
2026-08-31,MULGA,757351,YANDA,49.6237,65.5471,64.5673,0.2154,5
2026-08-31,ARDENNES,757411,YOUNG,85.4096,88.4246,88.383,0.0562,5
2026-08-31,EVELYN,757435,YOUNG,84.5712,88.6461,90.1482,0.0367,5
2026-08-31,WOYTCHUGGA,757468,YOUNG,85.3534,87.9629,90.139,0.039,5
2026-08-31,DAWES,757477,YUNGNULGRA,86.7839,89.7244,90.8761,0.0472,5
2026-08-31,MENAMURTEE,757490,YUNGNULGRA,86.4629,89.0581,90.701,0.0423,5
2026-08-31,WILLDRILLI,757507,YUNGNULGRA,87.3937,91.6977,92.4857,0.0534,5
2026-08-31,BOURKE,750005,ARGYLE,30.239,45.6403,63.2196,-0.37,5
2026-08-31,BUNAL,750078,ARRAWATTA,4.8951,9.9721,9.1875,-0.0333,1
2026-08-31,HETHERINGTON,750098,ARRAWATTA,3.9374,9.2213,7.3167,-0.0489,1
2026-08-31,CURRAGH,750330,BARRONA,50.2805,69.0708,69.2911,0.1939,5
2026-08-31,NUMMO,750342,BARRONA,82.1913,91.5226,90.6365,0.1509,5
2026-08-31,WINNALABRINNA,750350,BARRONA,47.6203,67.7853,65.4216,0.1843,4
2026-08-31,CADOGAN,750366,BATHURST,48.9779,42.7468,49.8533,0.0763,4
2026-08-31,KEELO,750474,BENARBA,19.4616,23.3574,26.2719,0.026,2
2026-08-31,COMBANING,750592,BLAND,63.5945,54.5897,64.3342,0.1437,5
2026-08-31,ROUSE,750764,BLIGH,12.9591,22.5783,20.457,0.0084,2
2026-08-31,WEEJASPER,751001,BUCCLEUCH,46.9725,51.5662,70.7578,0.1053,5
2026-08-31,YARRIMANBAH,751038,BUCKLAND,4.6501,13.9442,10.9615,-0.089,1
2026-08-31,KIA,751194,CAIRA,89.7469,84.297,74.6143,0.2206,5
2026-08-31,TUYERUNBY,751234,CAIRA,79.078,76.3733,71.2011,0.1472,5
2026-08-31,WEELI,751606,CLYDE,18.7765,43.2221,32.3435,0.0746,3
2026-08-31,DALLAS,751696,COOPER,31.5416,36.5685,39.111,0.1119,4
2026-08-31,BARTON,751748,COURALLIE,18.8869,27.9446,28.5591,0.0156,2
2026-08-31,WHITTAKER,751796,COURALLIE,14.8454,29.0061,25.341,0.0188,2
2026-08-31,BOURINAWARRINA,751847,COWPER,39.5303,54.95,52.5161,0.1761,4
2026-08-31,DONALD,751863,COWPER,36.5023,57.4578,51.4435,0.1627,4
2026-08-31,TARCOON,751940,COWPER,30.6904,51.8471,42.6726,0.1691,4
2026-08-31,BERI,751965,CULGOA,50.294,68.4521,56.7774,0.1569,5
2026-08-31,PAYERA,751999,CULGOA,50.81,68.9404,56.9143,0.1814,5
2026-08-31,IRONBARK,752188,DARLING,5.0089,14.5268,11.7155,-0.1059,2
2026-08-31,MUNDOWEY,752192,DARLING,7.5505,11.9966,11.0913,-0.096,2
2026-08-31,NEWRY,752196,DARLING,7.5608,13.3119,14.0811,-0.1209,2
2026-08-31,PEARSE,752261,DENHAM,26.4198,39.9069,39.6063,0.0465,3
2026-08-31,BIMBALINGEL,752306,DOWLING,37.0121,37.4038,36.8254,0.1549,4
2026-08-31,BORAPINE,752311,DOWLING,33.3538,34.4287,32.7565,0.1421,4
2026-08-31,CARILLA,752315,DOWLING,35.6004,35.5163,38.4393,0.1566,4
2026-08-31,MOOLOOK,752521,EVELYN,97.8726,100,98.8329,0.0217,5
2026-08-31,YOOLTOO,752805,FITZGERALD,87.1746,92.4623,93.6634,0.1094,5
2026-08-31,ROSS,752838,FITZROY,4.6254,24.0488,18.163,-0.0576,1
2026-08-31,WHARFDALE,752915,FLINDERS,35.0374,60.2253,51.3858,0.1663,4
2026-08-31,BUNDUNGLONG,752967,FRANKLIN,45.6466,46.2235,46.7122,0.1442,4
2026-08-31,MYAMYN,752987,FRANKLIN,44.4129,47.1889,48.6886,0.1265,4
2026-08-31,POLI,752991,FRANKLIN,44.1397,49.1081,49.3311,0.1185,4
2026-08-31,GIBRIGAL,753089,GIPPS,61.2621,62.5673,57.0459,0.2751,5
2026-08-31,BEARDY PLAINS,753262,GOUGH,4.9649,14.6394,12.171,-0.0879,1
2026-08-31,CAIGAN,753374,GOWEN,17.5092,28.5961,21.8347,0.0269,2
2026-08-31,WOORUT,753410,GOWEN,14.6871,19.5122,16.9724,0.0266,2
2026-08-31,BELARBONE,753418,GREGORY,23.9555,51.0099,34.6144,0.0816,3
2026-08-31,MELROSE,753470,GREGORY,21.5966,46.9964,35.0321,0.0648,3
2026-08-31,TOORALE,753581,GUNDERBOOKA,45.7391,64.0643,62.0703,0.1885,4
2026-08-31,TIENGA,753680,HARDINGE,2.6956,9.1074,10.2614,-0.0918,1
2026-08-31,BROCKLESBY,753724,HUME,69.0929,66.3313,69.9315,0.1771,5
2026-08-31,TUPA,753816,HUNTER,4.1632,14.412,15.8819,-0.1844,1
2026-08-31,WIRRABA,753824,HUNTER,4.5532,16.0793,17.0156,-0.1989,1
2026-08-31,MYALL HOLLOW,753950,JAMISON,21.9874,35.4635,33.541,0.0278,2
2026-08-31,GILLENBINE,753990,KENNEDY,39.7751,59.7371,49.953,0.1897,4
2026-08-31,HASTINGS,753994,KENNEDY,43.8317,65.993,53.6192,0.1577,4
2026-08-31,MICKIMILL,754002,KENNEDY,35.4693,59.3579,50.6296,0.1667,4
2026-08-31,YAMARANIE,754096,KILLARA,80.4799,90.7385,89.7322,0.1376,5
2026-08-31,WARREN DOWNS,754269,LEICHHARDT,23.6411,44.0032,35.2698,0.0616,3
2026-08-31,KILFERA,754480,MANARA,66.0282,78.2869,78.1325,0.172,5
2026-08-31,MANDELLMAN,754484,MANARA,79.1042,82.9826,80.977,0.1103,5
2026-08-31,CAROWRA,754675,MOSSGIEL,65.9007,64.6646,70.3567,0.1704,5
2026-08-31,WANGAROA,754731,MOSSGIEL,51.7009,51.2686,55.066,0.1491,5
2026-08-31,PRIORY PLAINS,754800,MOURAMBA,53.5419,61.9151,55.0515,0.2145,5
2026-08-31,DUMBOY,754832,MURCHISON,10.2801,15.4907,20.2835,-0.0623,2
2026-08-31,MACINTYRE,754848,MURCHISON,5.9943,12.8589,13.3162,-0.081,2
2026-08-31,BOAMBOLO,754869,MURRAY,54.4382,56.2742,64.5592,0.0856,5
2026-08-31,PAPPERTON,755065,NARRAN,46.9084,70.5965,55.6185,0.1417,5
2026-08-31,OBLEY,755121,NARROMINE,36.6006,46.4056,36.7022,0.1307,4
2026-08-31,GAROO,755325,PARRY,8.3411,15.3155,10.985,-0.1481,2
2026-08-31,TAMARANG,755341,PARRY,8.3342,15.5485,10.9628,-0.1195,2
2026-08-31,MCDONALD,755441,PHILLIP,5.4462,16.649,18.1816,-0.0879,2
2026-08-31,NULLO,755445,PHILLIP,8.484,21.2407,15.0279,-0.1028,2
2026-08-31,CLARKE,755485,POTTINGER,11.9913,23.815,16.6332,-0.0074,2
2026-08-31,COOMOO COOMOO,755489,POTTINGER,5.7666,15.5916,12.2524,-0.0472,2
2026-08-31,PRIORY,755674,ROBINSON,57.537,64.3621,64.5599,0.1575,5
2026-08-31,RUNNYMEDE,755734,ROUS,40.2127,73.7963,68.2147,-0.0291,5
2026-08-31,ALLEYNE,756033,STURT,30.752,37.9715,35.0754,0.1224,4
2026-08-31,CAJALDURA,756041,STURT,28.0206,36.6969,32.0902,0.1165,3
2026-08-31,HERVEY,756049,STURT,24.8023,33.2723,28.3151,0.1045,3
2026-08-31,MUNRO,756061,STURT,22.9234,31.5647,28.5383,0.0864,3
2026-08-31,TOONCURRIE,756237,TONGOWOKO,97.2176,100,99.1023,0.0666,5
2026-08-31,BROOKONG,756394,URANA,60.1129,57.3347,66.6817,0.0994,5
2026-08-31,DOUGLAS,756414,URANA,46.4671,48.1521,50.9939,0.1489,4
2026-08-31,GERABBIT,756539,WAKOOL,71.243,70.1433,59.3206,0.1398,5
2026-08-31,TYSON,756659,WALJEERS,65.3027,70.6393,68.7018,0.1487,5
2026-08-31,BLOOMFIELD,756675,WALLACE,83.1941,88.1407,94.9294,-0.0248,5
2026-08-31,WAHWOON,756799,WARADGERY,49.0496,44.2946,44.1839,0.1289,4
2026-08-31,BURRIMBUCCO,756823,WELLESLEY,10.6686,5.5094,35.6565,-0.3698,2
2026-08-31,GULGIN,756835,WELLESLEY,9.8612,5.3799,28.3657,-0.3711,2
2026-08-31,MALLALLEE,757111,WHITE,15.9213,25.6911,21.7313,0.0426,3
2026-08-31,BULALGEE,757219,WYNYARD,47.2258,47.332,64.0304,0.1198,4
2026-08-31,TOBURRA,757364,YANDA,44.4382,62.8621,59.9248,0.1748,4
2026-08-31,KOOLTOO,757388,YANTARA,92.8893,98.5798,98.2977,0.1004,5
2026-08-31,MOORGUINNIA,757448,YOUNG,86.1704,89.6696,90.1943,0.0433,5
2026-08-31,WILLIAMS,757508,YUNGNULGRA,88.6306,91.0635,91.8015,0.0593,5
2026-08-31,HOGARTH,750099,ARRAWATTA,3.4078,8.5507,9.4374,-0.0891,1
2026-08-31,MACINTYRE,750107,ARRAWATTA,4.8286,8.5946,8.2891,-0.0521,1
2026-08-31,MYALL,750111,ARRAWATTA,4.1715,9.1957,7.7087,-0.0565,1
2026-08-31,MOURA,750171,ASHBURNHAM,55.3306,41.5169,45.7712,0.2628,4
2026-08-31,MATAGANAH,750215,AUCKLAND,4.3578,4.6018,17.1752,-0.3066,1
2026-08-31,BILLILINGRA,750523,BERESFORD,15.024,40.1106,52.5943,-0.1779,2
2026-08-31,MONTAGU,750551,BERESFORD,10.6688,25.5402,37.2341,-0.3207,2
2026-08-31,MANDAMAH,750607,BLAND,73.8384,61.0935,69.2851,0.2035,5
2026-08-31,COLLIER,750745,BLIGH,12.5985,23.9234,20.0807,-0.0065,2
2026-08-31,COOLIBAH,750789,BOOROONDARRA,51.204,63.6645,63.6771,0.1864,5
2026-08-31,HOWELL,750889,BOYD,39.9552,41.8692,45.4215,0.1273,4
2026-08-31,GUNNADILLY,751018,BUCKLAND,3.6869,11.8324,9.9724,-0.0329,1
2026-08-31,TOWARRI,751030,BUCKLAND,6.3298,15.79,8.5788,-0.1021,2
2026-08-31,BURRUMBURY,751143,CADELL,82.9353,68.9563,61.5829,0.1563,5
2026-08-31,TATAILA,751159,CADELL,81.7157,63.8769,62.08,0.1626,5
2026-08-31,LINCOLN,751199,CAIRA,77.4054,73.1008,68.9417,0.1403,5
2026-08-31,NEILEY,751336,CANBELEGO,23.8915,48.0772,36.4756,0.0878,3
2026-08-31,WAVENEY,751352,CANBELEGO,23.4155,45.3966,36.1575,0.1037,3
2026-08-31,GILL,751455,CLARKE,7.3328,19.424,17.6025,-0.2189,2
2026-08-31,NEVER NEVER,751467,CLARKE,5.0871,21.1984,17.0733,-0.1988,2
2026-08-31,DERRI DERRI,751567,CLYDE,20.304,44.0343,33.2207,0.0658,3
2026-08-31,LYNCH,751587,CLYDE,33.5984,51.8983,46.7243,0.1738,4
2026-08-31,KEDUMBA,751648,COOK,30.5272,49.6599,56.7476,-0.3084,4
2026-08-31,ROCK HILL,751661,COOK,11.8899,35.8116,28.5685,-0.2207,2
2026-08-31,WOLLEMI,751669,COOK,8.1547,27.175,26.467,-0.2622,2
2026-08-31,BOGOLONG,751677,COOPER,58.4272,47.6967,59.5079,0.0864,4
2026-08-31,DOWLING,751697,COOPER,34.883,34.0496,33.6508,0.1169,4
2026-08-31,LEWES,751713,COOPER,44.8709,36.637,41.2714,0.1515,4
2026-08-31,NAUNTON,751721,COOPER,25.1058,33.07,31.3266,0.1092,3
2026-08-31,HAZELWOOD,751881,COWPER,24.5958,49.335,37.82,0.1243,3
2026-08-31,ANDERSON,751962,CULGOA,58.0745,74.2818,66.5582,0.2141,5
2026-08-31,EMU HILL,751983,CULGOA,54.8719,70.5875,66.3847,0.202,5
2026-08-31,NAMOI,752193,DARLING,13.9432,23.0176,18.9852,-0.0597,2
2026-08-31,BULLOO,752209,DELALAH,97.2138,98.2458,99.0051,0.1299,5
2026-08-31,THURLOW,752225,DELALAH,91.7323,96.2903,97.562,0.1707,5
2026-08-31,TAREELA,752266,DENHAM,31.1965,49.6919,46.9489,0.0649,4
2026-08-31,TURRAMIA,752298,DENISON,51.2015,46.0427,42.3949,0.1032,4
2026-08-31,GAINBILL,752324,DOWLING,35.4242,35.6733,33.3987,0.1472,4
2026-08-31,TOORONGA,752346,DOWLING,36.7066,36.3405,35.1177,0.1599,4
2026-08-31,TABULAM,752397,DRAKE,23.1002,49.5422,47.3337,-0.0921,2
2026-08-31,DUDLEY,752413,DUDLEY,17.9947,50.7132,54.2364,-0.4322,2
2026-08-31,PARADISE,752526,EVELYN,99.1481,100,99.6805,0.0173,5
2026-08-31,BUNDILLA,752562,EWENMAR,21.6582,40.8298,30.5905,0.0818,3
2026-08-31,GRAHWAY,753459,GREGORY,20.3652,45.6342,31.2324,0.0466,3
2026-08-31,BUCCARUMBI,753511,GRESHAM,5.03,21.2142,17.9035,-0.0673,2
2026-08-31,GOLDSON,753558,GUNDERBOOKA,45.2825,59.8996,57.6942,0.1787,4
2026-08-31,PINEY RANGE,753753,HUME,66.6152,66.045,71.0383,0.1683,5
2026-08-31,BLACKWATER,753769,HUNTER,6.1433,19.2617,15.7567,-0.1459,2
2026-08-31,POPPONG,753809,HUNTER,2.9876,13.5463,13.7473,-0.1888,1
2026-08-31,WOLGAN,753825,HUNTER,5.7515,23.0948,24.6543,-0.1967,2
2026-08-31,MUCRUSS,753881,IRRARA,65.3094,80.5995,83.3505,0.2388,5
2026-08-31,BOLCAROL,753907,JAMISON,29.9916,45.5997,45.432,0.0431,3
2026-08-31,KEERA,753939,JAMISON,27.2089,41.964,39.2316,0.0467,3
2026-08-31,MILLIE,753947,JAMISON,21.2735,34.206,35.5743,0.0281,2
2026-08-31,ARABI,754044,KILLARA,64.151,79.8008,81.0251,0.1539,5
2026-08-31,MARRA,754069,KILLARA,63.3209,78.5974,79.5557,0.1281,5
2026-08-31,PAROO,754079,KILLARA,80.1604,90.4249,89.623,0.1384,5
2026-08-31,OPTON,754136,KING,45.3103,42.9585,57.8405,0.0921,4
2026-08-31,BARONNE,754178,LEICHHARDT,17.4742,29.8811,23.6587,0.0907,3
2026-08-31,GUNGALMAN NORTH,754218,LEICHHARDT,24.1031,46.9153,36.0249,0.0606,3
2026-08-31,TINTINALOGY,754385,LIVINGSTONE,80.9829,82.6362,87.0845,0.0771,5
2026-08-31,COONALHUGGA,754513,MENINDEE,86.8194,88.0531,86.6344,0.0785,5
2026-08-31,YUNDOO,754612,MONTEAGLE,52.0642,50.9269,56.0064,0.1339,5
2026-08-31,WOODSTOCK,754655,MOOTWINGEE,92.0592,91.4436,90.997,0.0632,5
2026-08-31,CALYTRIA,754672,MOSSGIEL,61.3306,56.8284,62.4542,0.1696,5
2026-08-31,SCHOLEFIELD,754716,MOSSGIEL,49.2718,49.9933,51.3987,0.1484,4
2026-08-31,WEENIGOOTA,754737,MOSSGIEL,63.1973,61.2622,67.0853,0.1649,5
2026-08-31,NYMAGEE,754797,MOURAMBA,53.523,62.1253,54.5005,0.2017,5
2026-08-31,GUNDAMULDA,754841,MURCHISON,4.6084,13.3355,13.29,-0.0898,1
2026-08-31,THURRALILLY,754910,MURRAY,27.9097,47.8773,55.4743,-0.2166,2
2026-08-31,GUNDARE,754968,NAPIER,13.0754,21.9793,17.5429,-0.0127,2
2026-08-31,BOONDERRA,755000,NARRAN,39.1281,55.2275,52.4554,0.1564,4
2026-08-31,NARDOO,755062,NARRAN,44.8807,67.9578,54.3984,0.1281,5
2026-08-31,YARKIETA,755086,NARRAN,45.7443,62.4979,54.9574,0.1523,5
2026-08-31,CARILLA,755154,NICHOLSON,37.0386,36.7532,35.8867,0.156,4
2026-08-31,ROYINN,755338,PARRY,7.5038,11.599,4.9231,-0.2255,1
2026-08-31,BAYLY,755414,PHILLIP,9.7214,20.6287,16.9148,-0.0173,2
2026-08-31,BRENNAN,755478,POTTINGER,11.3356,19.9889,14.6946,-0.0268,2
2026-08-31,RANKIN,755590,RANKIN,52.7732,68.2506,67.6496,0.176,5
2026-08-31,CAPERTEE,755763,ROXBURGH,10.3924,29.1014,20.2335,-0.0516,2
2026-08-31,GANGUDDY,755775,ROXBURGH,10.5821,25.9097,17.1796,-0.1072,2
2026-08-31,CARROBY,755990,STAPYLTON,10.4495,19.7244,16.3379,0.0261,2
2026-08-31,LEARMONTH,756054,STURT,23.4366,32.1001,27.4443,0.1026,3
2026-08-31,WERAI,756342,TOWNSEND,61.5413,57.8652,45.173,0.1451,4
2026-08-31,YALLAKOOL,756354,TOWNSEND,63.9859,59.8532,48.292,0.1457,4
2026-08-31,MACLEAY,756488,VERNON,9.4032,23.2539,23.145,-0.3604,2
2026-08-31,BURRAWANG,756520,WAKOOL,88.7383,79.4617,73.9597,0.2176,5
2026-08-31,LYLE,756552,WAKOOL,82.144,77.243,67.2672,0.1925,5
2026-08-31,WOOD,756596,WAKOOL,79.0657,76.2901,67.0493,0.1687,5
2026-08-31,YADCHOW,756600,WAKOOL,88.1414,77.3951,71.2993,0.1985,5
2026-08-31,CORRONG,756620,WALJEERS,52.0422,44.977,46.0634,0.0577,4
2026-08-31,LARNACA,756632,WALJEERS,57.4041,63.5024,65.9742,0.144,5
2026-08-31,MOYANGUL,756712,WALLACE,32.5733,21.0221,70.0905,-0.1681,2
2026-08-31,WALLGROVE,756728,WALLACE,65.8339,72.7609,79.1084,0.0279,5
2026-08-31,THE PEAKS,757075,WESTMORELAND,33.7776,42.0902,56.1463,-0.3351,5
2026-08-31,NUABLE,757117,WHITE,20.5898,36.4454,27.8041,0.0529,3
2026-08-31,CALIFAT,757220,WYNYARD,22.3553,22.7244,47.0177,0.0759,3
2026-08-31,GUMHALL,757337,YANDA,41.4063,61.4317,57.596,0.1626,4
2026-08-31,YANDA,757373,YANDA,42.3093,59.8797,56.7302,0.1826,4
2026-08-31,CAMPBELL,757421,YOUNG,86.6719,88.9152,88.8955,0.0575,5
2026-08-31,KAMBULA,757441,YOUNG,82.8369,88.3207,89.9525,0.0443,5
2026-08-31,WOORE,757466,YOUNG,82.3968,88.053,89.8703,0.0391,5
2026-08-31,LIMESTONE,750104,ARRAWATTA,4.534,8.446,7.8047,-0.0626,1
2026-08-31,EDINBURGH,750156,ASHBURNHAM,50.0106,41.55,57.7177,0.1149,4
2026-08-31,MILPOSE,750168,ASHBURNHAM,52.4713,60.4394,49.7198,0.2393,4
2026-08-31,COOLANGUBRA,750204,AUCKLAND,5.8176,4.2672,21.1497,-0.3456,1
2026-08-31,CARLO,750256,BARADINE,15.6795,22.418,20.478,0.0418,3
2026-08-31,MIDGEE,750292,BARADINE,29.8875,45.1331,36.2837,0.0837,3
2026-08-31,TINTERN,750412,BATHURST,52.0527,37.8052,49.4764,0.1465,4
2026-08-31,BALLALLA,750420,BENARBA,15.9418,20.0661,22.9054,-0.0046,2
2026-08-31,MEERO,750480,BENARBA,16.4281,22.1655,25.1056,0.0043,2
2026-08-31,GLADSTONE,750540,BERESFORD,17.1492,30.9096,53.4876,-0.3659,2
2026-08-31,RIVERS,750556,BERESFORD,9.6333,20.2955,36.9549,-0.3744,2
2026-08-31,BUNGABA,750742,BLIGH,12.0472,26.3351,20.2129,0.0036,2
2026-08-31,OXLEY,750947,BRISBANE,4.8045,14.125,10.8407,-0.0922,1
2026-08-31,GOOBARRALONG,750987,BUCCLEUCH,42.2717,43.6774,56.4324,0.1203,4
2026-08-31,FERRIER,751015,BUCKLAND,6.5812,12.8615,11.6678,-0.0335,2
2026-08-31,TELFORD,751027,BUCKLAND,2.7106,10.5466,8.7006,-0.0298,1
2026-08-31,BOYANGA,751092,BURNETT,11.7282,16.8547,18.2068,0.0162,2
2026-08-31,BELAR,751172,CAIRA,90.7004,84.1123,74.2828,0.229,5
2026-08-31,WILLILBAH,751240,CAIRA,86.9977,84.9988,82.7021,0.1456,5
2026-08-31,MEESON,751329,CANBELEGO,24.1868,46.1305,37.1582,0.1062,3
2026-08-31,MITCHELL,751464,CLARKE,3.6963,15.8261,12.8794,-0.1001,1
2026-08-31,NOWLAND,751468,CLARKE,5.9098,18.9952,17.427,-0.156,2
2026-08-31,ROMNEY,751536,CLIVE,2.5632,10.0397,5.416,-0.0631,1
2026-08-31,WAMMERAWA,751604,CLYDE,23.3398,42.1793,35.1756,0.0693,3
2026-08-31,GOVETT,751641,COOK,7.0168,25.3823,26.8575,-0.2149,2
2026-08-31,KOLKILBERTOO,751710,COOPER,32.5869,32.2029,30.7193,0.1076,4
2026-08-31,GARFIELD,751874,COWPER,21.1969,44.0726,32.7896,0.0789,3
2026-08-31,TOBIN,751942,COWPER,28.3078,51.2951,42.7839,0.1551,3
2026-08-31,LOXTON,751992,CULGOA,54.3865,70.7672,68.1662,0.2055,5
2026-08-31,REGENT,752343,DOWLING,34.8838,31.8042,34.0099,0.1494,4
2026-08-31,PICARBIN,752386,DRAKE,21.2205,46.8515,47.5266,-0.0808,2
2026-08-31,BOONABILLA,752447,DURHAM,8.2706,19.707,19.1053,-0.5381,2
2026-08-31,OMADALE,752479,DURHAM,12.4233,19.0504,12.5034,-0.5339,2
2026-08-31,HAYNES,752515,EVELYN,97.394,98.9646,98.3048,0.0324,5
2026-08-31,MILPARINKA,752519,EVELYN,97.2139,99.9508,99.1114,0.0664,5
2026-08-31,WHITTY,752539,EVELYN,97.7318,100,98.653,0.0239,5
2026-08-31,YANDAMINTA,752547,EVELYN,98.6513,100,99.4865,0.0476,5
2026-08-31,PATTERSON,752628,FARNELL,97.0884,94.2586,93.3992,0.0493,5
2026-08-31,JARDINE,752827,FITZROY,7.5252,23.3756,17.0773,-0.1378,2
2026-08-31,CONDON,752869,FLINDERS,36.7459,56.7692,50.3874,0.1698,4
2026-08-31,CORRINGLE,753083,GIPPS,65.4742,63.9795,61.3789,0.2683,5
2026-08-31,EUGLO,753087,GIPPS,36.5231,37.0055,40.4402,0.1631,4
2026-08-31,WALLAROI,753123,GIPPS,25.04,31.6958,30.5218,0.0999,3
2026-08-31,DIEHARD,753273,GOUGH,4.8499,15.102,12.6138,-0.0693,1
2026-08-31,CURRAJONG,753336,GOULBURN,47.2366,57.3663,69.2094,0.1265,5
2026-08-31,WINDURONG,753408,GOWEN,17.2242,32.1595,22.879,0.0829,3
2026-08-31,YARRAGRIN,753412,GOWEN,18.9832,30.1109,24.3848,0.0402,3
2026-08-31,WINGEBAR,753500,GREGORY,20.2204,43.9396,32.2049,0.0597,3
2026-08-31,NEWTON BOYD,753529,GRESHAM,4.3669,14.468,12.1712,-0.0587,1
2026-08-31,NULLO,753802,HUNTER,7.3427,22.6896,15.6345,-0.1528,2
2026-08-31,SCOTT,753846,INGLIS,12.1765,14.5226,13.3406,-0.2121,2
2026-08-31,BUNGADOOL,754049,KILLARA,69.2801,82.8149,84.1975,0.1225,5
2026-08-31,PULACARRA,754081,KILLARA,75.5624,88.1412,87.8428,0.1329,5
2026-08-31,BALA,754098,KING,41.9569,40.6559,52.4284,0.1227,4
2026-08-31,BILLILLA,754339,LIVINGSTONE,80.9555,84.8301,87.1195,0.0488,5
2026-08-31,BOONDITTI,754347,LIVINGSTONE,82.3407,83.4455,86.4124,0.1005,5
2026-08-31,BRUNKER,754351,LIVINGSTONE,81.1635,83.6168,87.4557,0.0596,5
2026-08-31,LEWIS,754430,MACQUARIE,13.8788,36.8995,40.7952,-0.5811,2
2026-08-31,MATHESON,754486,MANARA,58.7809,74.3353,72.593,0.181,5
2026-08-31,THUMULAH,754494,MANARA,69.3754,80.0066,79.334,0.1648,5
2026-08-31,PINNELCO,754526,MENINDEE,85.764,87.3311,86.2658,0.0753,5
2026-08-31,MILBRULONG,754558,MITCHELL,60.0984,65.7086,69.1953,0.095,5
2026-08-31,OSBORNE,754562,MITCHELL,60.7986,61.9138,68.93,0.071,5
2026-08-31,BENGORO,754613,MOOTWINGEE,93.301,92.2932,92.2773,0.0668,5
2026-08-31,CHAUCER,754762,MOURAMBA,60.0482,62.3291,64.9651,0.1744,5
2026-08-31,ELLERSLIE,754770,MOURAMBA,59.7489,61.4471,63.6261,0.1707,5
2026-08-31,GOOLD,754778,MOURAMBA,58.2666,63.5851,63.9723,0.1794,5
2026-08-31,MEHI,754850,MURCHISON,3.1547,10.8668,10.8944,-0.1069,1
2026-08-31,BRAGLA,755003,NARRAN,40.2569,58.2718,53.1279,0.1266,4
2026-08-31,SAWERS,755067,NARRAN,40.2747,59.3789,51.8212,0.1125,4
2026-08-31,YURDYILLA,755203,NICHOLSON,44.1935,42.3945,47.9341,0.0987,4
2026-08-31,WYONG,755271,NORTHUMBERLAND,30.9509,48.7969,41.1604,-0.3309,4
2026-08-31,BEARDINA,755275,OXLEY,26.2072,47.755,37.6722,0.0778,3
2026-08-31,NARROMINE,755303,OXLEY,35.2199,55.5318,44.0583,0.1142,4
2026-08-31,RUTLEDGE,755307,OXLEY,29.3447,62.0111,43.4377,0.1285,3
2026-08-31,BURRUMBELONG,755419,PHILLIP,5.6313,16.4466,17.6989,-0.0809,2
2026-08-31,WAVERLEY,755563,RALEIGH,7.4349,41.243,37.8223,-0.2746,2
2026-08-31,KYOGLE,755716,ROUS,35.1258,74.9998,71.9313,-0.0585,5
2026-08-31,FERRYMAN,755825,SANDON,8.1755,19.0086,15.7845,-0.2598,2
2026-08-31,TOUGAROO,755891,SELWYN,66.7282,75.2602,86.487,-0.0175,5
2026-08-31,BOONANGA,755983,STAPYLTON,11.5465,19.1018,18.6951,0.0064,2
2026-08-31,LETHINGTON,756055,STURT,33.1298,39.3108,36.6308,0.1172,4
2026-08-31,GRANT,756087,TAILA,85.0002,77.0784,75.1523,0.1713,5
2026-08-31,SILVA,756235,TONGOWOKO,97.5215,98.3181,99.1202,0.0723,5
2026-08-31,CARROONBOON,756263,TOWNSEND,57.5381,53.4333,46.2379,0.1305,4
2026-08-31,MALLEE,756295,TOWNSEND,51.7399,54.1999,48.6834,0.1476,4
2026-08-31,CROOMBIMBIE,756359,ULARARA,94.0139,98.458,98.3382,0.1734,5
2026-08-31,NORTH GUNAMBILL,756436,URANA,55.7142,54.2349,57.1724,0.1093,5
2026-08-31,PARQUIN,756573,WAKOOL,79.7847,76.5566,66.2992,0.1767,5
2026-08-31,BENANIMIE,756609,WALJEERS,45.674,46.7026,51.4548,0.1054,4
2026-08-31,BEURINA,756673,WALLACE,75.0688,89.0882,94.8291,-0.0615,5
2026-08-31,JIMENBUEN,756701,WALLACE,12.7232,15.0119,33.4483,-0.2434,2
2026-08-31,BERESFORD,756737,WARADGERY,53.1737,45.0373,40.9523,0.1072,4
2026-08-31,BURRABOGIE,756741,WARADGERY,46.6068,41.2207,42.4,0.1516,4
2026-08-31,PALMER,756777,WARADGERY,57.7307,45.8775,45.0348,0.0697,4
2026-08-31,BUNGEE,756821,WELLESLEY,13.4297,16.92,26.6926,-0.3201,2
2026-08-31,TINGARINGI,756857,WELLESLEY,15.0393,10.9118,55.1509,-0.2247,2
2026-08-31,PARADISE,757020,WERUNDA,75.6646,78.7872,83.4515,0.0791,5
2026-08-31,WARWICK,757024,WERUNDA,73.4008,76.552,82.2143,0.0851,5
2026-08-31,CAPP,757089,WHITE,27.5993,40.6278,34.6191,0.0513,3
2026-08-31,GURLEIGH,757105,WHITE,32.0615,43.7824,41.9159,0.0339,4
2026-08-31,YANCOWINNA EAST,757313,YANCOWINNA,82.8985,86.3585,83.7651,0.054,5
2026-08-31,RANKIN,757358,YANDA,55.4374,71.0692,70.6818,0.214,5
2026-08-31,TILTABRINNA,757402,YANTARA,96.5185,100,98.8287,0.1554,5
2026-08-31,KING,757442,YOUNG,81.9525,85.0909,87.7871,0.0585,5
2026-08-31,NETALLIE,757454,YOUNG,82.9092,86.2645,88.2866,0.0331,5
2026-08-31,BEEFWOOD,757472,YUNGNULGRA,86.2248,89.1746,90.5425,0.0434,5
2026-08-31,ASHFORD,750065,ARRAWATTA,4.0799,8.2857,8.4014,-0.0746,1
2026-08-31,YAMBULLA,750241,AUCKLAND,4.7574,3.9965,30.667,-0.3824,1
2026-08-31,YARREN,750321,BARADINE,29.0856,44.0239,34.6723,0.0828,3
2026-08-31,MERRITA WEST,750341,BARRONA,60.9525,78.0643,78.9986,0.2256,5
2026-08-31,CURRAH,750453,BENARBA,13.9272,19.1548,21.8553,0.0016,2
2026-08-31,WANGRAH,750565,BERESFORD,14.6299,46.8277,50.5523,-0.2739,2
2026-08-31,BRYMUR,750586,BLAND,70.899,69.2612,68.7131,0.2201,5
2026-08-31,TUMBLETON,750626,BLAND,64.9067,64.6056,68.1801,0.141,5
2026-08-31,YIDDAH,750638,BLAND,77.1049,67.723,72.1319,0.1917,5
2026-08-31,COWABBIE,750831,BOURKE,60.3186,49.2886,61.3882,0.1492,4
2026-08-31,CLIVE,750980,BUCCLEUCH,43.4098,52.6701,70.5297,0.1059,5
2026-08-31,DARBALARA,750984,BUCCLEUCH,37.0542,38.0637,52.6548,0.1118,4
2026-08-31,CLIFT,751008,BUCKLAND,6.6558,14.6077,13.2011,-0.0518,2
2026-08-31,LINDSAY,751069,BULLER,28.7765,49.9933,49.4874,-0.0938,2
2026-08-31,NUNGA NUNGA,751121,BURNETT,13.049,18.8861,18.4757,0.012,2
2026-08-31,BUDGERIE,751177,CAIRA,88.0794,85.3137,82.2663,0.1677,5
2026-08-31,IMPIMI,751189,CAIRA,89.3436,82.7669,73.7068,0.2233,5
2026-08-31,KERRISH,751193,CAIRA,86.9956,85.8832,80.6134,0.1875,5
2026-08-31,LAWRENCE,751197,CAIRA,90.9159,84.6972,77.8528,0.2299,5
2026-08-31,THE BROTHERS,751342,CANBELEGO,22.6887,44.2795,33.7133,0.0954,3
2026-08-31,CLARIS,751402,CLARENDON,39.3009,39.6359,55.0721,0.1335,4
2026-08-31,HEBDEN,751707,COOPER,27.7122,34.0861,32.8641,0.1098,3
2026-08-31,WYANGAN,751743,COOPER,17.1736,27.7223,24.7294,0.0547,3
2026-08-31,COREE,751811,COWLEY,44.5966,52.6751,69.1242,0.1137,5
2026-08-31,COOLIBAR,751854,COWPER,21.7351,44.3094,33.5229,0.0891,3
2026-08-31,EUROA,751870,COWPER,36.6234,55.1676,51.7702,0.1732,4
2026-08-31,KIALLA,751891,COWPER,25.6499,49.4722,39.4608,0.1331,3
2026-08-31,NARRAGAN,751915,COWPER,32.6444,55.2237,48.1384,0.1443,4
2026-08-31,WANGOOM,751952,COWPER,23.5619,45.3691,35.3369,0.1069,3
2026-08-31,WHAKOO,751956,COWPER,35.2185,56.0452,48.8767,0.1736,4
2026-08-31,TANJA,752158,DAMPIER,6.1536,9.8504,18.1642,-0.3351,2
2026-08-31,JIMBEROO,752330,DOWLING,29.362,28.804,29.9865,0.1143,3
2026-08-31,WARRAMUTTY,752800,FITZGERALD,83.52,93.0249,92.0315,0.1311,5
2026-08-31,BAGAWA,752808,FITZROY,12.8859,42.9891,41.0775,-0.1787,2
2026-08-31,KOUKANDOWIE,752828,FITZROY,10.463,27.9922,24.3337,-0.1502,2
2026-08-31,TOWALLUM,752845,FITZROY,10.9567,29.9756,26.4636,-0.1656,2
2026-08-31,PANGEE,752902,FLINDERS,38.7937,57.6133,50.7375,0.172,4
2026-08-31,WONGAJONG,752962,FORBES,63.602,61.5557,54.8524,0.3083,5
2026-08-31,BEREMAGAA,752966,FRANKLIN,44.6862,45.1674,43.6538,0.1422,4
2026-08-31,KORNGA,753181,GLOUCESTER,17.6038,30.5743,34.1466,-0.5058,2
2026-08-31,GULLENGAMBEL,753237,GORDON,34.0593,32.3229,28.153,0.1322,3
2026-08-31,DORA DORA,753337,GOULBURN,54.8176,66.9291,73.9286,0.178,5
2026-08-31,WOOLAGOOLA,753501,GREGORY,21.2621,49.2937,33.4392,0.0613,3
2026-08-31,CHAELUNDI,753513,GRESHAM,5.2953,18.0668,15.4441,-0.1533,2
2026-08-31,BULLAMUNTA,753547,GUNDERBOOKA,42.8952,58.831,57.043,0.1877,4
2026-08-31,DRUMMOND,753657,HARDINGE,3.2365,11.0319,10.171,-0.0869,1
2026-08-31,SKINNER,753674,HARDINGE,3.7714,12.5125,8.1805,-0.082,1
2026-08-31,TOMALLA,753715,HAWES,33.1863,29.9066,48.0973,-0.4275,2
2026-08-31,SANDY RIDGES,753759,HUME,52.8892,52.4565,47.026,0.1134,4
2026-08-31,WALBUNDRIE,753763,HUME,67.1219,66.3696,70.6933,0.1579,5
2026-08-31,PALOMORANG,753803,HUNTER,3.2447,13.4405,13.3298,-0.1613,1
2026-08-31,HANING,753839,INGLIS,7.7407,11.8542,9.9742,-0.0952,2
2026-08-31,THALABA,753957,JAMISON,24.2118,40.9002,38.4405,0.0297,2
2026-08-31,WELLWOOD,754022,KENNEDY,43.6538,66.4234,56.9982,0.1683,4
2026-08-31,MULYAH,754164,LANDSBOROUGH,68.0668,81.5228,82.8659,0.1771,5
2026-08-31,MUNNA MUNNA,754232,LEICHHARDT,23.6332,44.9892,33.777,0.0465,3
2026-08-31,BILLITONG,754340,LIVINGSTONE,80.2798,82.2754,86.961,0.0748,5
2026-08-31,KINCHELA,754423,MACQUARIE,10.9146,33.317,36.4098,-0.4616,2
2026-08-31,TILL TILL,754495,MANARA,77.7462,83.6434,81.6139,0.1015,5
2026-08-31,BYNGNANO,754618,MOOTWINGEE,89.2804,90.4331,90.6326,0.0584,5
2026-08-31,YANDENBERRY,754657,MOOTWINGEE,91.1342,91.7789,91.3814,0.0689,5
2026-08-31,WOORE,754743,MOSSGIEL,65.7832,67.4174,71.718,0.1549,5
2026-08-31,GUNNENBEME,754938,NANDEWAR,14.4859,23.5371,20.6692,-0.049,2
2026-08-31,DICKENSON,755028,NARRAN,37.5371,57.3268,47.2094,0.1059,4
2026-08-31,HONUNA NORTH,755168,NICHOLSON,38.2453,42.4565,44.3105,0.112,4
2026-08-31,BYLONG,755420,PHILLIP,5.3139,15.8675,16.8344,-0.0891,2
2026-08-31,BLACKWOOD,755456,POOLE,99.258,100,99.8593,0.0163,5
2026-08-31,BROTHERS,755480,POTTINGER,8.9337,17.8261,15.0589,-0.0166,2
2026-08-31,PREMER,755516,POTTINGER,9.5702,23.1368,15.2711,-0.0089,2
2026-08-31,WHIPORIE,755632,RICHMOND,19.6264,57.8626,53.5911,-0.0542,2
2026-08-31,BEE,755640,ROBINSON,53.7954,65.2597,60.3002,0.164,5
2026-08-31,MULGA,755669,ROBINSON,54.1856,63.3985,64.8684,0.158,5
2026-08-31,WIANGAREE,755753,ROUS,35.6775,65.069,59.0871,-0.0054,5
2026-08-31,AIRLY,755757,ROXBURGH,12.5738,25.9967,21.339,-0.0814,2
2026-08-31,BEABULA,756036,STURT,42.5212,42.1094,44.7463,0.1204,4
2026-08-31,LIVINGSTONE,756056,STURT,27.6113,36.0784,31.6932,0.1044,3
2026-08-31,KERRANAKOON,756292,TOWNSEND,57.5839,61.3287,52.7911,0.1565,5
2026-08-31,RAUBELLE,756578,WAKOOL,68.6665,68.1243,57.7248,0.126,5
2026-08-31,NYANDA,756646,WALJEERS,49.455,53.802,56.1964,0.12,5
2026-08-31,ULONGA,756798,WARADGERY,48.5541,43.1953,45.0626,0.0662,4
2026-08-31,CATHCART,756826,WELLESLEY,9.7816,9.8133,25.4722,-0.3663,2
2026-08-31,BELMORE,757082,WHITE,28.3678,41.0488,35.3617,0.0619,3
2026-08-31,BORAL,757086,WHITE,27.4338,41.2917,37.3086,0.0535,3
2026-08-31,YARAMAN,757128,WHITE,18.6235,32.7185,24.4943,0.0469,3
2026-08-31,BARLOW,757132,WINDEYER,91.0824,87.6834,87.3974,0.0414,5
2026-08-31,MILANG,757152,WINDEYER,91.3684,88.3013,88.2451,0.0441,5
2026-08-31,FARMCOAT,757282,YANCOWINNA,81.9085,82.6386,79.0656,0.0551,5
2026-08-31,ALBERT,757375,YANTARA,93.2668,98.2851,98.2023,0.0939,5
2026-08-31,CULPAULIN,757427,YOUNG,82.0374,85.582,87.7816,0.0506,5
2026-08-31,KOPAGO,757443,YOUNG,84.6003,88.207,90.1311,0.0423,5
2026-08-31,UPPER TARLO,750052,ARGYLE,34.8777,42.1038,67.286,-0.2143,4
2026-08-31,ELLIS,750090,ARRAWATTA,4.3084,9.9735,8.178,-0.0441,1
2026-08-31,IMLAY,750210,AUCKLAND,3.6975,5.301,20.1226,-0.3228,1
2026-08-31,NEWMAN,750298,BARADINE,31.3281,47.5265,38.883,0.0781,4
2026-08-31,BOOMI,750426,BENARBA,9.6738,14.9864,17.7364,0.0049,2
2026-08-31,TURRAWAH,750502,BENARBA,19.0424,20.7884,23.8422,-0.0027,2
2026-08-31,YULINE,750639,BLAND,73.1361,68.0943,66.0628,0.2314,5
2026-08-31,CURRYALL,750748,BLIGH,11.0078,20.7679,19.4343,-0.014,2
2026-08-31,EVANS,751062,BULLER,25.44,50.5775,51.0469,-0.102,2
2026-08-31,BURNETT,751094,BURNETT,9.2327,13.4247,17.9124,-0.1085,2
2026-08-31,GOTHA,751146,CADELL,67.7027,62.9771,53.7296,0.1432,5
2026-08-31,NALLAM,751154,CADELL,67.0506,61.5005,55.269,0.1503,5
2026-08-31,MONKEM,751206,CAIRA,86.0582,83.9217,76.9625,0.1919,5
2026-08-31,GWYNNE,751408,CLARENDON,50.666,52.6371,62.7713,0.1598,5
2026-08-31,CHARLTON,751558,CLYDE,32.1112,50.1747,43.1982,0.1743,4
2026-08-31,COWABEE,751562,CLYDE,30.4636,47.4484,38.9511,0.164,4
2026-08-31,GEERA,751574,CLYDE,27.2421,43.7478,37.7513,0.1061,3
2026-08-31,NARRIAH,751720,COOPER,45.9313,36.5663,43.757,0.169,4
2026-08-31,WALLANDRY,751736,COOPER,51.6078,39.962,46.7651,0.1634,4
2026-08-31,FARNELL,751871,COWPER,39.3396,56.6578,54.2729,0.1801,4
2026-08-31,MOIRA,751908,COWPER,35.5697,53.9992,49.151,0.1719,4
2026-08-31,WADELL,751948,COWPER,28.9962,52.6011,45.4782,0.1617,3
2026-08-31,COWARD,751978,CULGOA,48.9813,65.6158,60.7647,0.1766,5
2026-08-31,ELSMORE,752087,CUNNINGHAM,31.1019,50.1992,40.6341,0.138,4
2026-08-31,WAMBAN,752163,DAMPIER,3.7158,9.664,15.3937,-0.4586,1
2026-08-31,DELALAH SOUTH,752216,DELALAH,96.2511,99.3085,98.6873,0.1507,5
2026-08-31,TONGABOO,752297,DENISON,51.8014,56.2304,51.0658,0.1681,5
2026-08-31,NARDEN,752341,DOWLING,35.7437,34.7039,33.8265,0.1486,4
2026-08-31,NEVILLE,752384,DRAKE,16.6532,42.8171,37.4088,-0.0087,2
2026-08-31,MOUNT ROYAL,752477,DURHAM,8.7453,18.0554,14.0728,-0.5295,2
2026-08-31,STEWART,752842,FITZROY,9.9878,52.611,41.3975,-0.1787,2
2026-08-31,BURRA,752867,FLINDERS,35.8367,58.9976,52.687,0.167,4
2026-08-31,ILGINDRIE,753093,GIPPS,28.3839,35.8268,35.6004,0.1161,3
2026-08-31,COONABARABRAN,753378,GOWEN,17.2302,24.0119,21.7424,0.04,3
2026-08-31,GOOBABONE,753454,GREGORY,23.3681,52.2099,34.0133,0.086,3
2026-08-31,HOLYBON,753462,GREGORY,25.4532,47.7124,36.3008,0.0736,3
2026-08-31,WULLAMGAMBONE,753502,GREGORY,19.102,42.7412,29.508,0.0338,2
2026-08-31,OAKWOOD,753531,GRESHAM,4.2632,16.9014,13.7712,-0.0855,1
2026-08-31,YURONGAN,753589,GUNDERBOOKA,45.7122,61.7514,57.6196,0.1757,4
2026-08-31,URIAMUKKI,753716,HAWES,38.3659,36.558,41.3487,-0.3648,5
2026-08-31,CAPERTEE,753772,HUNTER,6.9675,29.3435,26.3647,-0.1705,2
2026-08-31,TEKAARA,753893,IRRARA,54.6743,71.9205,69.6573,0.2099,5
2026-08-31,TALINGABOOLBA,754019,KENNEDY,33.6802,57.3502,47.4982,0.1536,4
2026-08-31,YRALLA,754027,KENNEDY,41.1348,61.3732,51.9092,0.18,4
2026-08-31,SERVICE,754083,KILLARA,71.0963,83.4495,84.9878,0.1449,5
2026-08-31,BOOLABOOLKA,754345,LIVINGSTONE,79.066,83.584,86.2636,0.109,5
2026-08-31,COWARY,754357,LIVINGSTONE,78.486,80.8506,84.6189,0.0669,5
2026-08-31,SPENCER,754492,MANARA,72.6315,79.513,78.329,0.1577,5
2026-08-31,CAWNDILLA,754512,MENINDEE,84.2326,85.7257,84.9557,0.0678,5
2026-08-31,MITTA,754520,MENINDEE,87.4922,87.8933,85.2831,0.0739,5
2026-08-31,CALOOLA,754619,MOOTWINGEE,96.1686,92.5818,91.8608,0.0435,5
2026-08-31,BEVAN,754663,MOSSGIEL,51.0997,49.9611,52.4822,0.1481,4
2026-08-31,BURRINYANNI,754671,MOSSGIEL,69.854,72.7918,74.81,0.1629,5
2026-08-31,WEEJUGALAH,754736,MOSSGIEL,51.37,52.9122,55.3307,0.1501,5
2026-08-31,WOOROOLA,754744,MOSSGIEL,51.9477,55.4799,57.4846,0.1475,5
2026-08-31,CROWL,754764,MOURAMBA,60.2737,59.0098,59.5019,0.1857,5
2026-08-31,BINNAWAY,754959,NAPIER,17.3296,28.704,21.7749,0.0267,2
2026-08-31,GRUIE,755037,NARRAN,40.3926,59.771,53.7874,0.1181,4
2026-08-31,DRAGGY,755101,NARROMINE,43.9403,60.5333,48.0733,0.1429,4
2026-08-31,ELLALONG,755225,NORTHUMBERLAND,14.5955,29.1721,30.3527,-0.436,2
2026-08-31,DAROUBLE,755285,OXLEY,23.6803,56.1195,38.7288,0.1091,3
2026-08-31,GOBABLA,755293,OXLEY,38.5906,59.8875,46.6863,0.1265,4
2026-08-31,AINSLEY,755317,PARRY,7.3261,11.1942,8.118,-0.185,2
2026-08-31,WESTON,755529,POTTINGER,4.1462,11.6396,10.0196,-0.0271,1
2026-08-31,BARRAWANGA,755601,RICHMOND,19.9244,60.9987,54.814,-0.0664,2
2026-08-31,ESK,755613,RICHMOND,23.466,61.4473,59.219,-0.094,2
2026-08-31,TUCKURIMBA,755746,ROUS,27.8534,68.4634,60.3524,-0.0545,2
2026-08-31,INDI,755869,SELWYN,40.4779,60.1934,71.1765,0.0446,5
2026-08-31,MANJAR,755877,SELWYN,54.7858,65.824,79.6363,0.1388,5
2026-08-31,OURNIE,755885,SELWYN,43.6613,59.4609,69.5358,0.0989,5
2026-08-31,BENGERANG,755977,STAPYLTON,15.2835,22.7322,24.2329,0.0048,2
2026-08-31,FINLEY,755997,STAPYLTON,16.4232,30.1119,26.6895,0.0428,3
2026-08-31,MAIDEN,756057,STURT,25.4734,33.0468,30.1502,0.097,3
2026-08-31,SILISTRIA,756137,TANDORA,79.8379,82.0096,81.4171,0.0503,5
2026-08-31,KOONYABOOTHIE,756229,TONGOWOKO,96.0936,99.6483,98.761,0.1004,5
2026-08-31,EUROKA,756281,TOWNSEND,44.0086,48.2399,42.7223,0.1557,4
2026-08-31,WATT,756451,URANA,52.1625,53.5937,54.8144,0.1207,5
2026-08-31,LINTOT,756551,WAKOOL,89.0864,81.608,73.4813,0.2232,5
2026-08-31,PEVENSEY,756575,WAKOOL,65.7227,61.1249,52.7027,0.122,5
2026-08-31,LORRAINE,756767,WARADGERY,48.0868,42.5618,43.967,0.0888,4
2026-08-31,MOUNT TROOPER,756847,WELLESLEY,19.0462,11.1124,33.8219,-0.2049,2
2026-08-31,SUTTOR,756903,WELLINGTON,12.5195,19.4629,12.0648,0.0255,2
2026-08-31,CULTOWA,757006,WERUNDA,72.7773,76.0415,81.3537,0.0862,5
2026-08-31,WEEYOOLA,757026,WERUNDA,70.5157,75.7698,80.3236,0.0918,5
2026-08-31,TERNI,757074,WESTMORELAND,37.9867,50.9771,61.2986,-0.3253,5
2026-08-31,PEARSON,757161,WINDEYER,90.9112,89.5292,87.9405,0.0415,5
2026-08-31,WALLARA,757170,WINDEYER,89.1155,88.2487,87.183,0.0792,5
2026-08-31,WILLOTIA,757174,WINDEYER,87.7814,88.428,87.2436,0.0835,5
2026-08-31,PURNAMOOTA,757299,YANCOWINNA,85.1383,90.1544,84.659,0.0669,5
2026-08-31,JENNINGS,757440,YOUNG,84.0661,87.4008,88.7059,0.052,5
2026-08-31,GRAMAN,750095,ARRAWATTA,8.3449,14.0055,17.0853,-0.0885,2
2026-08-31,COOMORE,750259,BARADINE,17.4777,31.2959,22.8439,0.0593,3
2026-08-31,OTAKO,750343,BARRONA,73.0145,85.2601,86.1592,0.2138,5
2026-08-31,BIBBLE,750423,BENARBA,20.673,23.1689,24.337,0.0185,2
2026-08-31,CALLAGHAN,750531,BERESFORD,13.0394,35.373,47.0909,-0.2505,2
2026-08-31,BURRABIJONG,750588,BLAND,74.9184,68.5038,71.3152,0.1951,5
2026-08-31,TOMIMBIL,750769,BLIGH,8.9943,18.7552,17.8129,-0.0361,2
2026-08-31,BRANGALGAN,750825,BOURKE,59.6255,49.0303,61.6785,0.1633,4
2026-08-31,BOGGIBRI,750913,BRISBANE,7.6034,17.7221,15.1969,-0.0803,2
2026-08-31,QUIRINDI,751026,BUCKLAND,8.3264,19.1333,11.3384,-0.091,2
2026-08-31,BOOKOOKOORARA,751043,BULLER,14.4465,29.4621,22.6177,-0.1784,2
2026-08-31,COLONGON,751055,BULLER,11.8336,30.8472,19.6883,-0.1098,2
2026-08-31,GOTHOG,751147,CADELL,63.8502,62.7595,53.9724,0.146,5
2026-08-31,DAVY,751183,CAIRA,86.1738,85.3447,82.4128,0.174,5
2026-08-31,CARNBILLY,751308,CANBELEGO,24.5909,49.3399,36.5039,0.1039,3
2026-08-31,JEOGLA,751459,CLARKE,11.7784,25.6921,25.2257,-0.2535,2
2026-08-31,ANGOPERRAN,751487,CLIVE,3.1177,12.2925,6.0161,-0.0798,1
2026-08-31,BLAIN,751495,CLIVE,2.7507,9.2453,5.8504,-0.0711,1
2026-08-31,BUCKINGUY,751555,CLYDE,25.6668,44.9699,37.8016,0.0859,3
2026-08-31,WALLANDRY NORTH,751737,COOPER,55.9724,44.7539,51.451,0.1955,4
2026-08-31,BANGA,751840,COWPER,41.9718,58.3957,56.992,0.1926,4
2026-08-31,KANIVA,751889,COWPER,27.4505,49.6254,39.7254,0.1461,3
2026-08-31,LOFTUS,751897,COWPER,34.4238,52.5309,46.2451,0.1742,4
2026-08-31,MIALORA,751905,COWPER,34.058,54.5152,50.0886,0.1712,4
2026-08-31,MOODANA,751909,COWPER,42.023,60.1134,57.5121,0.184,4
2026-08-31,THURMYLAE,752004,CULGOA,51.1948,69.3684,66.1118,0.1886,5
2026-08-31,WANDELLA,752164,DAMPIER,3.8142,9.642,13.1757,-0.3053,1
2026-08-31,DOWNS,752217,DELALAH,97.0946,98.3564,98.8553,0.1441,5
2026-08-31,NOCOTUNGA,752221,DELALAH,94.8401,98.355,98.0016,0.1524,5
2026-08-31,MERRYWINEBONE,752254,DENHAM,23.0417,31.9773,33.1014,0.044,3
2026-08-31,PIAN,752262,DENHAM,28.0311,50.5936,41.6647,0.0684,3
2026-08-31,DRY FOREST,752282,DENISON,52.5084,48.9871,44.9269,0.1067,4
2026-08-31,YANDAMA,752546,EVELYN,99.1025,100,99.7844,0.0219,5
2026-08-31,DERING,752618,FARNELL,91.5938,90.9343,89.5913,0.0757,5
2026-08-31,MORTON,752785,FITZGERALD,88.1721,95.2409,95.9323,0.1528,5
2026-08-31,ALLAN,752806,FITZROY,8.7141,44.5731,38.6791,-0.1668,2
2026-08-31,HONEYBUGLE,752884,FLINDERS,26.4011,54.2647,48.6228,0.1329,3
2026-08-31,MINALONG,752892,FLINDERS,34.2325,61.0138,52.5646,0.1615,4
2026-08-31,SOUTH GULGO,753114,GIPPS,23.3075,32.6841,31.7605,0.0918,3
2026-08-31,WOLLONGOUGH,753134,GIPPS,42.6861,36.7169,40.6965,0.1774,4
2026-08-31,ARVID,753259,GOUGH,2.7028,9.2298,7.2591,-0.0759,1
2026-08-31,MANN,753293,GOUGH,4.6399,14.7311,12.7507,-0.06,1
2026-08-31,PARKES,753302,GOUGH,4.8707,14.8204,9.8479,-0.0961,1
2026-08-31,BEARBONG,753367,GOWEN,18.7121,29.7577,23.0077,0.0647,3
2026-08-31,WUNDABUNGAY,753503,GREGORY,20.2585,44.9647,31.5399,0.0453,3
2026-08-31,CAMERON,753647,HARDINGE,3.4393,10.8836,11.3366,-0.091,1
2026-08-31,TORRYBURN,753681,HARDINGE,4.4027,11.6405,10.8082,-0.0962,1
2026-08-31,RETREAT,753845,INGLIS,6.556,12.166,11.6391,-0.0932,2
2026-08-31,TARA,753849,INGLIS,10.2743,13.1627,12.102,-0.1343,2
2026-08-31,DUNGARVAN,753861,IRRARA,67.8534,81.2385,84.3386,0.2329,5
2026-08-31,WILLYEROO,753899,IRRARA,49.1151,68.7555,65.7227,0.1981,5
2026-08-31,SAHARA EAST,754036,KILFERA,75.0808,74.8303,73.0646,0.1182,5
2026-08-31,RUGBY,754142,KING,34.3698,36.3435,51.2839,0.0726,4
2026-08-31,WHEEO,754146,KING,24.4597,30.8422,46.7948,0.0067,2
2026-08-31,BARCOOLA,754150,LANDSBOROUGH,49.9559,67.2553,67.0798,0.2085,5
2026-08-31,GOOLGUMBLA,754158,LANDSBOROUGH,77.8717,86.8066,87.9807,0.1721,5
2026-08-31,NEWFOUNDLAND,754166,LANDSBOROUGH,58.0867,75.0445,76.1467,0.1776,5
2026-08-31,TINDEANDA,754170,LANDSBOROUGH,78.0305,88.086,88.3015,0.1536,5
2026-08-31,COOEYAH WARRAH,754198,LEICHHARDT,27.7423,51.7467,39.1811,0.0885,3
2026-08-31,WARRENA,754270,LEICHHARDT,23.8107,41.2184,28.1919,0.1207,3
2026-08-31,BOBIN,754401,MACQUARIE,15.7935,37.6721,43.8639,-0.5432,2
2026-08-31,BINTULLIA,754505,MENINDEE,86.7426,87.8226,86.336,0.0737,5
2026-08-31,BRIBAREE,754577,MONTEAGLE,70.6456,67.3814,67.4238,0.1578,5
2026-08-31,BARRIGAN,754660,MOSSGIEL,62.4431,60.3959,66.1798,0.1646,5
2026-08-31,MALAGADERY,754696,MOSSGIEL,51.5451,49.177,50.4475,0.1527,4
2026-08-31,MIPARO,754704,MOSSGIEL,63.4816,74.7566,74.2696,0.1821,5
2026-08-31,CARLISLE,754761,MOURAMBA,59.0631,61.276,59.3928,0.1905,5
2026-08-31,YAMMA,754813,MOURAMBA,60.2199,62.2292,64.5963,0.1768,5
2026-08-31,AUSTEN,754817,MURCHISON,11.9207,20.8723,20.179,-0.0297,2
2026-08-31,KING,754845,MURCHISON,9.1066,20.2774,17.7651,-0.0572,2
2026-08-31,PURLEWAUGH,754980,NAPIER,16.2985,26.0183,20.5352,0.0292,2
2026-08-31,BRUCE,755006,NARRAN,43.5518,62.6091,52.274,0.132,5
2026-08-31,GNOMERY,755034,NARRAN,46.2344,63.2982,49.6903,0.1314,5
2026-08-31,LIGNUM,755046,NARRAN,39.5193,59.2826,51.416,0.1165,4
2026-08-31,LANGTREE,755174,NICHOLSON,36.1497,39.922,38.3851,0.13,4
2026-08-31,GILL,755326,PARRY,6.2364,10.8545,9.5219,-0.1416,2
2026-08-31,TIMBOON,755558,RALEIGH,8.7994,50.9124,47.4331,-0.3083,2
2026-08-31,THOURUMBLE,755594,RANKIN,53.1871,68.9961,68.6985,0.1825,5
2026-08-31,EVANS,755614,RICHMOND,22.8345,67.476,59.8483,-0.1,2
2026-08-31,POWERPA,755622,RICHMOND,19.6933,52.0449,51.4122,-0.0346,2
2026-08-31,UMBIELLA,755796,ROXBURGH,9.7607,28.4912,20.7669,-0.0865,2
2026-08-31,TIVERTON,755845,SANDON,7.3671,16.1112,13.4103,-0.193,2
2026-08-31,BRINGENBRONG,755854,SELWYN,38.8816,57.6638,66.9903,0.05,4
2026-08-31,BOONAL,755982,STAPYLTON,12.6707,19.7993,18.2523,0.0046,2
2026-08-31,BUNTIARA,756358,ULARARA,90.3783,96.5751,96.5356,0.1649,5
2026-08-31,NUNGO,756371,ULARARA,92.3445,97.8187,98.2426,0.1661,5
2026-08-31,JUNCTION,756484,VERNON,27.8713,45.4946,48.141,-0.3613,2
2026-08-31,BOYD,756516,WAKOOL,81.3892,73.7703,66.3477,0.1666,5
2026-08-31,TOOPRUCK,756656,WALJEERS,62.7151,57.3123,56.4775,0.0887,5
2026-08-31,GODFREY,756752,WARADGERY,57.0131,47.2532,41.3097,0.1029,4
2026-08-31,TINDALE,756792,WARADGERY,51.5571,46.039,43.0318,0.1254,4
2026-08-31,WANGELLIC,756860,WELLESLEY,12.617,15.6805,26.0994,-0.327,2
2026-08-31,MANARA,757015,WERUNDA,74.2901,80.3465,82.8795,0.0982,5
2026-08-31,ST COLUMBA,757071,WESTMORELAND,22.1008,42.7957,67.1277,-0.3225,2
2026-08-31,ROBERTSON,757121,WHITE,30.1401,41.5438,40.5241,0.0365,4
2026-08-31,CARRINGTON,757188,WOORE,65.4684,70.1666,73.657,0.1425,5
2026-08-31,EURUGABAH,757192,WOORE,70.0546,75.9733,78.0098,0.1498,5
2026-08-31,KEW,757196,WOORE,70.7632,77.1741,79.9821,0.1369,5
2026-08-31,NEKARBOO,757204,WOORE,68.578,75.1805,77.8029,0.1374,5
2026-08-31,ALBERT,757264,YANCOWINNA,86.3468,89.3733,82.5438,0.0719,5
2026-08-31,BROOKONG,757320,YANDA,47.8321,64.5948,62.0009,0.1789,5
2026-08-31,KERIE,757341,YANDA,50.1306,66.6251,65.0301,0.2195,5
2026-08-31,DICKENS,757433,YOUNG,84.6845,87.2493,89.4482,0.0443,5
2026-08-31,GNALTA,757483,YUNGNULGRA,87.6503,88.8931,90.5694,0.0533,5
2026-08-31,BLLOONBAH,750072,ARRAWATTA,3.0328,9.3859,9.1921,-0.0843,1
2026-08-31,HOLDFAST,750100,ARRAWATTA,10.0772,14.1512,13.2391,-0.0044,2
2026-08-31,WOLABLER,750188,ASHBURNHAM,51.3015,40.4155,45.0373,0.2056,4
2026-08-31,KANOONAH,750212,AUCKLAND,7.7581,5.3525,18.0071,-0.3531,2
2026-08-31,MERRITA SOUTH,750340,BARRONA,55.7078,72.2592,74.3049,0.2053,5
2026-08-31,ABERFOIL,750352,BATHURST,22.7318,26.1656,25.1125,0.0347,2
2026-08-31,YOUNG,750520,BENARBA,19.4612,20.9541,23.136,0.0018,2
2026-08-31,BRIBAREE,750585,BLAND,73.1295,68.6535,68.8996,0.1727,5
2026-08-31,TORCOBIL,750713,BLAXLAND,42.9697,42.2024,40.9649,0.165,4
2026-08-31,TUREE,750770,BLIGH,11.1111,22.583,20.1061,-0.0122,2
2026-08-31,PADDINGTON,750806,BOOROONDARRA,62.2145,64.538,67.1979,0.1537,5
2026-08-31,JURAMBULA,750890,BOYD,32.5891,36.5353,40.079,0.1113,4
2026-08-31,BOOCATHAN,751176,CAIRA,75.1903,74.6692,70.9129,0.1211,5
2026-08-31,CHILLICHILL,751180,CAIRA,80.1742,79.6959,77.5609,0.1343,5
2026-08-31,GLEN EMU,751188,CAIRA,87.0768,85.6367,82.0199,0.174,5
2026-08-31,KILLAWARRAH,751280,CAMDEN,38.8302,47.6733,62.4029,-0.3346,5
2026-08-31,COLDSTREAM,751365,CLARENCE,20.894,40.5205,32.0851,-0.138,2
2026-08-31,HARWOOD,751373,CLARENCE,23.4116,56.6226,47.0408,-0.0794,2
2026-08-31,DOORAL,751568,CLYDE,30.9257,46.7674,39.9884,0.1614,4
2026-08-31,GALAR,751572,CLYDE,29.6752,46.976,38.3652,0.1571,3
2026-08-31,WIRRIGURLDONGA,751798,COURALLIE,18.3329,28.2061,28.5415,0.0223,2
2026-08-31,COCKERMINIA,751853,COWPER,40.8137,56.6831,54.3491,0.1834,4
2026-08-31,GRALGA,751878,COWPER,27.4539,49.8159,39.7768,0.1452,3
2026-08-31,MULHOLLAND,751914,COWPER,30.3222,52.4848,45.3187,0.1647,4
2026-08-31,ENNGONIA,751984,CULGOA,49.1459,68.9031,66.0794,0.1805,5
2026-08-31,ST JAMES,752057,CUMBERLAND,21.4017,37.9147,40.0708,-0.3637,2
2026-08-31,DINAWIRINDI,752178,DARLING,9.0831,13.6655,13.8984,-0.0998,2
2026-08-31,NANDEWAR,752194,DARLING,11.0425,23.5971,18.4522,-0.0521,2
2026-08-31,TONGOWOKO,752226,DELALAH,97.1658,99.6824,98.98,0.1352,5
2026-08-31,BERIGAN,752275,DENISON,51.8562,57.4449,51.1921,0.1475,5
2026-08-31,BANDI BANDI,752402,DUDLEY,15.2237,44.8378,45.0555,-0.449,2
2026-08-31,ST JULIAN,752491,DURHAM,0.784,6.2514,2.492,-0.4875,1
2026-08-31,ESSIE,752511,EVELYN,98.6612,100,99.4298,0.0201,5
2026-08-31,WYDJAH,752543,EVELYN,97.2003,99.7096,98.6426,0.0767,5
2026-08-31,WAMMERRA,752637,FARNELL,97.1733,97.9478,96.3291,0.0373,5
2026-08-31,SOMERVILLE,752746,FINCH,28.0547,42.9388,34.8584,0.046,3
2026-08-31,SALISBURY,752795,FITZGERALD,88.2695,95.795,96.3447,0.1579,5
2026-08-31,BLAXLAND,752811,FITZROY,7.8976,24.432,20.3284,-0.1359,2
2026-08-31,COPE,752819,FITZROY,7.9695,31.3906,30.0447,-0.1612,2
2026-08-31,TOOTHILL,752844,FITZROY,6.989,33.929,24.6204,-0.1409,2
2026-08-31,SABURRA,752993,FRANKLIN,40.7654,45.8309,45.5944,0.1171,4
2026-08-31,BUBALAHLA,753017,GEORGIANA,25.8723,42.9672,62.3036,-0.2449,2
2026-08-31,PULLIGAL,753111,GIPPS,32.6801,34.051,33.1622,0.1383,4
2026-08-31,CARAGHNAN,753376,GOWEN,15.1555,19.9888,17.5249,0.0318,2
2026-08-31,TANNABAR,753396,GOWEN,17.2455,22.165,20.6058,0.0399,2
2026-08-31,BOURBAH,753428,GREGORY,20.9869,39.5935,29.1251,0.0834,3
2026-08-31,EULA,753444,GREGORY,21.1005,47.3943,32.4854,0.0669,3
2026-08-31,GEERIGAN,753448,GREGORY,24.816,49.1206,37.8372,0.0749,3
2026-08-31,GUNNELL,753460,GREGORY,22.1317,49.7111,33.7328,0.0678,3
2026-08-31,GRANGE,753521,GRESHAM,6.0385,30.7174,24.0673,-0.0288,2
2026-08-31,MUNGUNYAH,753567,GUNDERBOOKA,48.8024,68.7045,65.1219,0.18,5
2026-08-31,TALAA,753579,GUNDERBOOKA,44.5209,60.5982,58.2166,0.1904,4
2026-08-31,TALMO,753629,HARDEN,52.7017,49.5472,66.5181,0.1081,4
2026-08-31,TOGALO,753714,HAWES,11.5391,18.1124,20.0566,-0.4927,2
2026-08-31,MARTINDALE,753794,HUNTER,3.8336,15.9313,14.9219,-0.14,1
2026-08-31,WINTON,753850,INGLIS,7.9661,11.8257,11.3868,-0.0986,2
2026-08-31,KERRIBREE,753870,IRRARA,53.6118,71.0764,70.5539,0.2046,5
2026-08-31,COONONG,754155,LANDSBOROUGH,71.2331,84.4052,84.2575,0.1952,5
2026-08-31,HAPPY VALLEY,754159,LANDSBOROUGH,56.263,73.955,74.1174,0.2049,5
2026-08-31,KINCHEGA,754518,MENINDEE,83.4313,85.8091,85.4711,0.0753,5
2026-08-31,BENNETT,754661,MOSSGIEL,61.3834,59.3072,63.9696,0.1639,5
2026-08-31,EILDON,754681,MOSSGIEL,53.0278,49.525,52.7079,0.1552,4
2026-08-31,ADAMS,754750,MOURAMBA,44.1266,59.8075,51.3433,0.169,4
2026-08-31,BUPPE,754758,MOURAMBA,42.282,60.2237,51.4253,0.1572,4
2026-08-31,WALLACE,754810,MOURAMBA,59.2753,63.3374,65.4258,0.1762,5
2026-08-31,ALLISON,754957,NAPIER,13.1367,20.3561,15.6744,-0.0103,2
2026-08-31,MOHENIA,755055,NARRAN,37.2605,54.9005,51.5814,0.1539,4
2026-08-31,MOMO,755115,NARROMINE,35.3278,37.1875,27.7646,0.134,3
2026-08-31,BOLTON,755143,NICHOLSON,28.2444,34.6889,32.3489,0.1058,3
2026-08-31,MELBERGEN,755179,NICHOLSON,29.067,29.3539,28.674,0.1172,3
2026-08-31,WEEPOOL,755199,NICHOLSON,36.9319,41.0228,38.8866,0.1252,4
2026-08-31,HAWKINS,755435,PHILLIP,8.8275,19.8025,12.5534,-0.0444,2
2026-08-31,BANDO,755471,POTTINGER,12.9032,29.5939,19.2196,0.0019,2
2026-08-31,DENISON,755491,POTTINGER,16.4896,33.4792,24.1792,0.0201,2
2026-08-31,NEVER NEVER,755551,RALEIGH,6.6801,43.7745,41.578,-0.311,2
2026-08-31,OAKES,755555,RALEIGH,6.5212,38.0465,30.7569,-0.3011,2
2026-08-31,NARRI,755672,ROBINSON,54.8009,66.0584,62.2099,0.1605,5
2026-08-31,TAYAR,755793,ROXBURGH,10.5873,26.9246,18.4091,-0.1079,2
2026-08-31,MURRENGENBURG,755951,ST VINCENT,4.5411,15.7037,24.3704,-0.5144,1
2026-08-31,BOOROORBAN,756255,TOWNSEND,53.8771,49.0356,42.8572,0.1179,4
2026-08-31,COLIMO,756267,TOWNSEND,61.2253,56.6788,46.4519,0.1437,4
2026-08-31,GOTHA,756287,TOWNSEND,63.4708,62.9081,51.7386,0.1453,5
2026-08-31,NEERIM,756307,TOWNSEND,44.8031,54.5729,44.5988,0.1456,4
2026-08-31,NAPIER,756717,WALLACE,12.9303,9.3687,18.8832,-0.1969,2
2026-08-31,BIMLOW,757040,WESTMORELAND,32.0692,48.4283,58.7871,-0.3165,5
2026-08-31,KOWMUNG,757060,WESTMORELAND,57.9073,68.8014,90.5436,-0.1694,5
2026-08-31,ORR,757118,WHITE,14.3464,23.4261,19.3495,0.0309,2
2026-08-31,BROUGHAM,757185,WOORE,68.392,76.1672,78.8182,0.1174,5
2026-08-31,HANN,757193,WOORE,70.943,75.1354,80.6467,0.1159,5
2026-08-31,BANGUS,757213,WYNYARD,26.4655,28.5099,47.9299,0.0889,3
2026-08-31,KILGOWLA,757237,WYNYARD,41.3593,39.3935,58.371,0.1224,4
2026-08-31,DUNLOP,757330,YANDA,51.6328,67.7273,66.1647,0.2234,5
2026-08-31,BLANCHE,757414,YOUNG,87.2169,90.0121,89.882,0.053,5
2026-08-31,TULLY,757502,YUNGNULGRA,88.9927,92.747,93.37,0.0749,5
2026-08-31,LOCKERBY,750105,ARRAWATTA,3.3106,8.8059,8.8589,-0.0804,1
2026-08-31,MCDONALD,750109,ARRAWATTA,4.2875,9.0283,8.5113,-0.0603,1
2026-08-31,NALBAUGH,750221,AUCKLAND,6.7865,3.4249,26.0021,-0.3783,1
2026-08-31,CUMBERDOON,750265,BARADINE,28.1768,50.8162,42.4582,0.0742,3
2026-08-31,ROUND HILL,750345,BARRONA,48.5494,68.66,68.0081,0.1842,5
2026-08-31,BANARWAY,750421,BENARBA,19.3781,23.7866,25.7011,0.026,2
2026-08-31,BUNDORI,750437,BENARBA,8.9826,14.9366,17.2653,0.006,2
2026-08-31,WINSLOW,750513,BENARBA,12.4083,18.1558,20.8921,-0.0006,2
2026-08-31,EUROKA,750600,BLAND,72.0368,66.2341,67.0137,0.1931,5
2026-08-31,THERARBUNG,750622,BLAND,74.3357,64.4089,70.5345,0.1939,5
2026-08-31,CUCKAROO,750791,BOOROONDARRA,52.2765,62.8026,63.8247,0.1615,5
2026-08-31,PATUTYAH,750807,BOOROONDARRA,59.8523,63.2246,66.1856,0.1625,5
2026-08-31,AILSA,750911,BRISBANE,7.8524,17.9103,16.2072,-0.0719,2
2026-08-31,GOULBURN,750927,BRISBANE,6.0009,16.3837,18.2097,-0.0798,2
2026-08-31,WINDY,751037,BUCKLAND,2.622,10.6727,8.8025,-0.0314,1
2026-08-31,CALLANYN,751049,BULLER,13.8893,39.1258,34.4329,-0.1146,2
2026-08-31,MEARIMB,751073,BULLER,28.6362,51.0802,48.3913,-0.0988,2
2026-08-31,GUGUMBURRA,751109,BURNETT,9.6759,15.9566,17.0302,-0.0469,2
2026-08-31,YARRINGTON,751245,CAIRA,92.3247,84.9203,76.2477,0.2252,5
2026-08-31,NATTAI,751285,CAMDEN,35.5312,45.4055,59.2476,-0.3379,5
2026-08-31,BINGHI,751493,CLIVE,2.523,8.6571,4.9553,-0.0541,1
2026-08-31,GIBRALTAR,751515,CLIVE,2.4932,7.6348,5.5112,-0.0426,1
2026-08-31,LIMESTONE,751527,CLIVE,2.6829,9.1669,6.0583,-0.0378,1
2026-08-31,LANGMORE,751585,CLYDE,27.6497,48.3487,38.6093,0.1472,3
2026-08-31,STONEHENGE,751597,CLYDE,37.9368,54.2029,50.8755,0.1652,4
2026-08-31,WARRAGAMBA,751663,COOK,27.334,46.4898,57.7201,-0.3182,2
2026-08-31,GOGELDRIE,751703,COOPER,36.0081,37.8049,42.1274,0.1148,4
2026-08-31,TUCKERBIL,751735,COOPER,34.0926,36.0047,38.7119,0.1099,4
2026-08-31,ARDGOWAN,751747,COURALLIE,16.9282,21.9982,23.7549,0.0426,3
2026-08-31,BOORAMINE,751755,COURALLIE,22.0028,37.1566,34.4651,0.0244,2
2026-08-31,COMBADELO,751763,COURALLIE,15.7943,29.8619,26.0647,0.0214,2
2026-08-31,GURRYGEDAH,751771,COURALLIE,17.8757,26.4703,26.7099,0.0194,2
2026-08-31,MIRBOO,751907,COWPER,25.5119,50.45,39.4621,0.1145,3
2026-08-31,SATIARA,751935,COWPER,28.5413,51.1201,40.4548,0.1557,3
2026-08-31,CORELLA,751977,CULGOA,48.5396,65.0005,58.967,0.1692,5
2026-08-31,DELALAH,752215,DELALAH,96.2168,97.6244,98.6864,0.1504,5
2026-08-31,CRYON,752240,DENHAM,26.9703,44.1978,40.8331,0.0483,3
2026-08-31,GEELOOMA,752326,DOWLING,38.8935,34.4708,34.8274,0.1522,4
2026-08-31,WOMBOYN,752357,DOWLING,30.4974,28.9707,29.9341,0.1122,3
2026-08-31,DUNBAR,752375,DRAKE,20.1834,46.2264,44.5527,-0.0827,2
2026-08-31,BEEMUNNEL,752552,EWENMAR,24.6621,44.7404,34.6651,0.0861,3
2026-08-31,WONNA,752638,FARNELL,97.1141,97.853,96.5888,0.0399,5
2026-08-31,SHERWOOD,752841,FITZROY,21.396,39.8459,33.2493,-0.1437,2
2026-08-31,BABEGO,752854,FLINDERS,42.9298,58.9475,48.7192,0.1812,4
2026-08-31,MYALL COWALL,752898,FLINDERS,30.9744,59.4522,43.2538,0.1524,4
2026-08-31,RED GILGAIS,752906,FLINDERS,33.3446,58.0279,50.2947,0.1657,4
2026-08-31,PAPEKURA,752990,FRANKLIN,47.7017,49.372,49.8072,0.1428,4
2026-08-31,WAMBOYNE,753124,GIPPS,59.4092,58.8722,57.4483,0.2498,5
2026-08-31,PONTO,753245,GORDON,27.2132,30.7003,27.1703,0.0829,3
2026-08-31,VAUTIER,753357,GOULBURN,50.4633,62.7931,73.0684,0.1573,5
2026-08-31,TOORAWEENAH,753401,GOWEN,16.9593,23.4983,21.9883,0.0546,3
2026-08-31,DYNONG,753441,GREGORY,21.4055,43.4726,33.4277,0.0372,2
2026-08-31,HADDON RIG,753461,GREGORY,22.7136,47.054,33.8148,0.0738,3
2026-08-31,GURRIWARRA,753560,GUNDERBOOKA,40.543,55.7788,52.8659,0.1663,4
2026-08-31,PAKA,753572,GUNDERBOOKA,44.1026,59.8477,58.3289,0.1823,4
2026-08-31,BAKER,753639,HARDINGE,4.6254,13.101,10.9808,-0.087,1
2026-08-31,TENTERDEN,753679,HARDINGE,2.6768,9.7228,5.7111,-0.0682,1
2026-08-31,DENHAM,753925,JAMISON,28.6398,44.4996,41.7119,0.0514,3
2026-08-31,BYCO BIRRA,754050,KILLARA,73.9279,86.307,87.2838,0.1242,5
2026-08-31,TALLARARA,754086,KILLARA,76.9352,88.132,87.8985,0.1117,5
2026-08-31,BOOROWA,754103,KING,51.0362,50.3197,60.3065,0.1134,5
2026-08-31,SINGORAMBA,754168,LANDSBOROUGH,71.8752,84.8621,85.9099,0.215,5
2026-08-31,EUROKA,754208,LEICHHARDT,25.6387,51.2723,40.3365,0.0824,3
2026-08-31,ARLINGTON,754336,LIVINGSTONE,72.9351,78.4465,81.2525,0.1403,5
2026-08-31,BUCKALOW EAST,754507,MENINDEE,90.4642,87.4428,86.2117,0.0468,5
2026-08-31,LAIDLEY,754519,MENINDEE,82.672,85.8376,84.3467,0.0732,5
2026-08-31,WOOD,754571,MITCHELL,51.3015,47.2005,59.1068,0.0971,4
2026-08-31,BERRIGANBAM,754662,MOSSGIEL,63.09,60.8058,65.616,0.1655,5
2026-08-31,KEEWONG,754690,MOSSGIEL,63.7279,63.6427,67.1283,0.1574,5
2026-08-31,LARGOH,754694,MOSSGIEL,66.1371,64.5869,71.3433,0.1676,5
2026-08-31,TRIDA,754726,MOSSGIEL,53.5754,54.5206,56.8779,0.1568,5
2026-08-31,BYRON,754759,MOURAMBA,60.0337,62.9857,64.0292,0.1775,5
2026-08-31,ELLIS,754771,MOURAMBA,57.0037,62.6544,58.8207,0.1879,5
2026-08-31,EULOWRIE,754835,MURCHISON,9.8525,20.4965,18.6191,-0.0447,2
2026-08-31,YANUNUNBEYAN,754920,MURRAY,36.8451,57.1431,61.1049,-0.1109,5
2026-08-31,WEETALIBA,754954,NANDEWAR,14.2098,23.5525,20.7386,-0.0338,2
2026-08-31,STACKPOOLE,755192,NICHOLSON,28.0042,32.3201,29.2219,0.1117,3
2026-08-31,BULLIMBALL,755320,PARRY,7.3697,10.8249,8.5897,-0.1492,2
2026-08-31,DUNGOWAN,755324,PARRY,6.9065,12.6954,5.3762,-0.2144,2
2026-08-31,OGUNBIL,755336,PARRY,6.3801,11.0873,6.4914,-0.1728,2
2026-08-31,CALALA,755484,POTTINGER,10.1253,23.4663,17.6367,-0.0062,2
2026-08-31,GREENOUGH,755580,RANKIN,54.9306,71.3994,73.4588,0.1689,5
2026-08-31,BUCKAMBOOL,755644,ROBINSON,57.1578,63.5441,65.5317,0.1656,5
2026-08-31,BEAUMONT,755852,SELWYN,51.9445,64.5942,79.4016,0.2031,5
2026-08-31,MONGA,755948,ST VINCENT,10.2297,22.4822,33.887,-0.5194,2
2026-08-31,MELLEALLINA,756008,STAPYLTON,17.6551,29.3263,27.7397,0.0444,3
2026-08-31,FLOOD,756209,THOULCANNA,88.1486,95.6167,96.4686,0.166,5
2026-08-31,BULLATELLA,756260,TOWNSEND,58.6581,63.3148,50.8642,0.1546,5
2026-08-31,WAOONA,756381,ULARARA,94.8636,99.2427,98.4664,0.1648,5
2026-08-31,BINBINETTE,756514,WAKOOL,84.815,78.3474,70.8787,0.1972,5
2026-08-31,CANGAN,756522,WAKOOL,80.7282,70.9062,60.2997,0.1587,5
2026-08-31,MERRIMAJEEL,756638,WALJEERS,52.4578,50.7585,56.3823,0.1036,5
2026-08-31,BOYONG,756738,WARADGERY,76.9774,74.5022,69.9762,0.1313,5
2026-08-31,GRE GRE,756754,WARADGERY,59.5816,47.082,43.3707,0.101,4
2026-08-31,RUSSELL,756786,WARADGERY,60.8764,50.171,46.4269,0.114,4
2026-08-31,MAHARATTA,756842,WELLESLEY,11.4549,8.1455,21.735,-0.353,2
2026-08-31,MOAMA,757017,WERUNDA,69.5406,75.6311,80.2563,0.0953,5
2026-08-31,DROGHEDA,757049,WESTMORELAND,54.4542,65.3504,85.2821,-0.1911,5
2026-08-31,COORUBA,757190,WOORE,67.8239,76.6476,76.6104,0.1834,5
2026-08-31,WIDGEE,757210,WOORE,69.9484,77.9806,79.2211,0.1471,5
2026-08-31,UMBANGO,757254,WYNYARD,35.4262,34.7458,54.3517,0.099,4
2026-08-31,BUNDALINE,757322,YANDA,53.4802,66.5925,63.796,0.2245,5
2026-08-31,KERNDOMBIE,757486,YUNGNULGRA,87.7276,91.2688,91.8506,0.0531,5
2026-08-31,NULLA NULLA,757495,YUNGNULGRA,87.9364,90.7859,91.62,0.0553,5
2026-08-31,SAMUEL,750118,ARRAWATTA,9.1962,13.9332,13.3725,-0.0116,2
2026-08-31,BARRAJIN,750130,ASHBURNHAM,52.7804,37.9028,44.8748,0.2089,4
2026-08-31,BARADINE,750246,BARADINE,12.1559,23.5232,17.9826,0.0639,3
2026-08-31,GOANGRA,750278,BARADINE,28.2606,52.2658,42.3546,0.0707,3
2026-08-31,VITTORIA,750414,BATHURST,56.6726,47.3177,64.8611,0.0485,5
2026-08-31,NEWCASTLE,750490,BENARBA,9.4773,16.3047,17.8763,0.009,2
2026-08-31,BELIMEBUNG,750575,BLAND,75.8176,66.4607,70.9019,0.1932,5
2026-08-31,CURRAWANANNA,750832,BOURKE,54.2378,55.6305,66.7479,0.0885,5
2026-08-31,DRUMSTON,750836,BOURKE,65.9481,55.2715,59.5278,0.2359,5
2026-08-31,COULSON,750920,BRISBANE,6.4175,17.0372,14.7954,-0.0864,2
2026-08-31,HOWARD,750932,BRISBANE,6.7241,17.2867,15.7381,-0.0803,2
2026-08-31,CULLENDORE,751058,BULLER,16.889,21.7533,19.4068,-0.1415,2
2026-08-31,JENNY LIND,751066,BULLER,21.5726,41.8424,44.4259,-0.1164,2
2026-08-31,GOURNAMA,751106,BURNETT,8.5413,15.4138,15.1502,-0.0417,2
2026-08-31,JERALY,751190,CAIRA,74.593,72.3714,67.4873,0.134,5
2026-08-31,NARAHQUONG,751210,CAIRA,85.674,84.079,78.6597,0.1822,5
2026-08-31,RONALD,751222,CAIRA,89.6262,84.5271,76.5386,0.2196,5
2026-08-31,THE OAKS,751230,CAIRA,69.3982,68.7374,59.9672,0.1199,5
2026-08-31,NARRAMA,751335,CANBELEGO,36.7813,57.6144,48.3986,0.1277,4
2026-08-31,DOUBLEDUKE,751367,CLARENCE,19.7646,56.2425,45.3175,-0.0619,2
2026-08-31,CUDDIE,751566,CLYDE,24.5998,44.6197,35.6777,0.0982,3
2026-08-31,EURATHA SOUTH,751700,COOPER,31.3818,30.0546,30.0007,0.1041,3
2026-08-31,BOWMAN,751756,COURALLIE,15.6542,20.0504,20.7759,-0.0038,2
2026-08-31,MAFFRA,751900,COWPER,27.0137,50.8665,42.8339,0.1432,3
2026-08-31,NEMINA,751916,COWPER,24.3635,47.7368,36.7919,0.121,3
2026-08-31,MILROY WEST,751994,CULGOA,46.6398,61.6878,55.2508,0.162,5
2026-08-31,BERGAN,752233,DENHAM,29.154,50.4973,44.525,0.0608,3
2026-08-31,KIKOIRA,752331,DOWLING,39.0066,34.0663,35.5841,0.1449,4
2026-08-31,RICHMOND,752392,DRAKE,6.6974,26.4557,16.3777,-0.0773,2
2026-08-31,PINGALLY,752529,EVELYN,97.3467,99.9113,98.4545,0.0493,5
2026-08-31,CORADGERIE,752573,EWENMAR,21.4565,39.6991,29.1871,0.0828,3
2026-08-31,TEILTA,752635,FARNELL,97.0534,96.7804,95,0.0451,5
2026-08-31,TOONBURRA,752797,FITZGERALD,88.1269,95.9952,95.6913,0.1528,5
2026-08-31,DUCKAN DUCKAN,752821,FITZROY,4.2494,25.1877,20.1705,-0.0445,1
2026-08-31,AUDREY,752963,FRANKLIN,46.6419,51.2126,52.4262,0.111,4
2026-08-31,CROWN CAMP,753085,GIPPS,37.1164,36.0907,37.1006,0.1602,4
2026-08-31,TERREEL,753198,GLOUCESTER,4.1091,6.4589,11.0983,-0.6112,1
2026-08-31,KINGSGATE,753288,GOUGH,3.7366,14.3187,12.3163,-0.0892,1
2026-08-31,MACINTYRE,753292,GOUGH,3.1376,11.6164,6.6493,-0.055,1
2026-08-31,PARADISE NORTH,753301,GOUGH,2.5824,9.3242,5.8798,-0.0688,1
2026-08-31,BROADMEADOWS,753510,GRESHAM,4.4067,16.7045,13.291,-0.0681,1
2026-08-31,MACKAY,753700,HAWES,11.4328,21.4424,25.3942,-0.5281,2
2026-08-31,MURRAY,753704,HAWES,33.3663,50.5334,54.2539,-0.3872,5
2026-08-31,NOWENDOC,753708,HAWES,26.8613,31.5771,31.9791,-0.42,2
2026-08-31,PRINGLE,753844,INGLIS,6.6728,11.9681,11.6591,-0.0902,2
2026-08-31,BIRRAWARRA,753856,IRRARA,62.0162,76.923,80.0003,0.2328,5
2026-08-31,BENTINCK,753970,KENNEDY,42.684,63.9222,54.7332,0.1802,4
2026-08-31,HYLAMAN,754161,LANDSBOROUGH,58.3926,74.7159,76.4363,0.1871,5
2026-08-31,AMOS,754177,LEICHHARDT,23.761,46.3967,37.0879,0.07,3
2026-08-31,MURRAIMAN,754233,LEICHHARDT,19.4705,35.0453,26.852,0.0922,3
2026-08-31,YARINDURY,754333,LINCOLN,22.8318,29.6672,24.8143,0.0677,3
2026-08-31,MARLBOROUGH,754369,LIVINGSTONE,82.2104,85.6787,87.6692,0.0417,5
2026-08-31,SADLIER,754380,LIVINGSTONE,81.3302,83.6144,87.1904,0.0992,5
2026-08-31,BILLIBAH,754460,MANARA,74.1594,83.9673,81.4159,0.1383,5
2026-08-31,BURRANDANA,754544,MITCHELL,54.9241,56.7781,67.4231,0.1461,5
2026-08-31,COOKENMABOURNE,754679,MOSSGIEL,68.129,69.1375,72.8182,0.1764,5
2026-08-31,MURRINGOBUNNI,754707,MOSSGIEL,58.2335,60.9942,65.467,0.168,5
2026-08-31,PLEVNA,754715,MOSSGIEL,54.1115,58.7096,61.2843,0.1533,5
2026-08-31,CANBELEGO,754760,MOURAMBA,45.7675,60.289,50.2039,0.1857,4
2026-08-31,WILLS,754812,MOURAMBA,55.6898,62.0684,55.4871,0.2076,5
2026-08-31,FROST,755105,NARROMINE,37.3215,50.1551,37.8142,0.1313,4
2026-08-31,MEA MIA NORTH,755177,NICHOLSON,37.7714,42.5502,42.5917,0.1179,4
2026-08-31,MOORARA,755381,PERRY,86.4857,84.8746,83.9176,0.1042,5
2026-08-31,GHOOLENDAADI,755501,POTTINGER,16.2288,32.5249,23.4858,0.0095,2
2026-08-31,MISSABOTTI,755549,RALEIGH,6.0968,39.2323,33.8927,-0.4215,2
2026-08-31,BILLAGOE,755641,ROBINSON,47.3358,65.6367,60.212,0.158,5
2026-08-31,KIANTHARILLANY,755661,ROBINSON,56.4055,66.5869,67.1328,0.1755,5
2026-08-31,GREG GREG,755865,SELWYN,39.0671,56.5176,66.2136,0.0613,4
2026-08-31,KOOROONGAL,756053,STURT,26.5921,35.4058,30.2668,0.1114,3
2026-08-31,TOPAR,756141,TANDORA,80.5948,84.0976,82.0535,0.0538,5
2026-08-31,BINGELLIBUNBI,756249,TOWNSEND,55.1968,50.8229,44.7916,0.1254,4
2026-08-31,HARTWOOD,756289,TOWNSEND,47.0762,53.9192,47.4938,0.1529,4
2026-08-31,WONONGA,756349,TOWNSEND,45.5975,52.5197,45.8787,0.1518,4
2026-08-31,MOROTHERIE,756366,ULARARA,93.4394,98.2439,97.5735,0.1641,5
2026-08-31,NOCOLECHE,756370,ULARARA,88.079,95.4518,94.2339,0.1582,5
2026-08-31,ANDY,756463,VERNON,26.7167,24.7259,26.5826,-0.3781,2
2026-08-31,COOTNITE,756531,WAKOOL,61.4195,58.5957,48.0433,0.1351,4
2026-08-31,YADABAL,756599,WAKOOL,63.7257,59.0613,46.2606,0.1421,4
2026-08-31,KALKITE,756703,WALLACE,72.1237,79.9317,86.9612,-0.0432,5
2026-08-31,MARRINUMBLA,756707,WALLACE,20.8336,25.2347,53.9479,-0.2641,2
2026-08-31,WARRIGAL,756803,WARADGERY,45.3782,41.5927,45.4126,0.0947,4
2026-08-31,RINGROSE,757022,WERUNDA,72.9636,77.96,82.3527,0.095,5
2026-08-31,BANSHEA,757038,WESTMORELAND,35.8057,50.0669,68.4612,-0.2954,5
2026-08-31,COWALLAH,757095,WHITE,18.1677,35.0602,23.8857,0.0416,3
2026-08-31,MOLLIEROI,757116,WHITE,20.7501,35.3683,26.5639,0.06,3
2026-08-31,KERPA,757195,WOORE,72.833,79.6829,81.8456,0.1118,5
2026-08-31,CAMBELLIA,757271,YANCOWINNA,81.3409,80.8248,80.6063,0.0568,5
2026-08-31,DERRINA,757328,YANDA,52.2729,67.6092,66.5196,0.2224,5
2026-08-31,KENINDEE,757340,YANDA,53.9043,68.5193,66.9721,0.2104,5
2026-08-31,MULYA,757352,YANDA,51.4723,66.9146,65.8986,0.2208,5
2026-08-31,SALISBURY,757360,YANDA,55.7989,70.6202,69.5718,0.2236,5
2026-08-31,NARNUMPY,757392,YANTARA,93.5048,98.1927,98.2095,0.107,5
2026-08-31,DESAILLY,757432,YOUNG,83.931,86.979,89.6881,0.0295,5
2026-08-31,LOFTUS,757444,YOUNG,85.4498,87.8343,87.8774,0.0659,5
2026-08-31,MURCHISON,757452,YOUNG,85.0792,88.3941,90.1586,0.0324,5
2026-08-31,WOOD,757465,YOUNG,86.0313,89.2611,90.3655,0.0394,5
2026-08-31,YOUNG,757469,YOUNG,85.7377,90.1,89.5742,0.0488,5
2026-08-31,WALKER,757504,YUNGNULGRA,86.7082,90.367,91.1935,0.0454,5
2026-08-31,COVAN,750010,ARGYLE,29.5136,50.7965,66.0353,-0.2042,2
2026-08-31,GOULBURN,750015,ARGYLE,34.9203,52.1998,70.1565,-0.1922,5
2026-08-31,MANGAMORE,750028,ARGYLE,31.1945,50.4655,65.7577,-0.201,5
2026-08-31,BOWMAN,750075,ARRAWATTA,4.4651,9.7625,9.0764,-0.0969,1
2026-08-31,GOORIANAWA,750279,BARADINE,14.0834,23.2277,18.8747,0.059,3
2026-08-31,RUNDLE,750303,BARADINE,14.4573,20.8759,19.3627,0.0471,3
2026-08-31,YEARANAN,750323,BARADINE,14.2246,21.1458,18.7595,0.0499,3
2026-08-31,CALVERT,750367,BATHURST,58.5215,48.3758,69.8081,0.0793,4
2026-08-31,SHAW,750407,BATHURST,54.5408,51.1396,70.8161,0.0756,5
2026-08-31,CARRAA,750443,BENARBA,16.4642,26.9858,27.0085,0.0164,2
2026-08-31,TELLARAGA,750499,BENARBA,16.1892,25.8855,27.0963,0.0073,2
2026-08-31,FLINDERS,750539,BERESFORD,48.2838,60.6899,69.8191,-0.0695,5
2026-08-31,GIDGINGIDGINBUNG,750602,BLAND,72.6338,62.1872,70.3095,0.1743,5
2026-08-31,STUBBO,750765,BLIGH,13.6382,25.1259,19.21,0.0013,2
2026-08-31,EUCHARA,750793,BOOROONDARRA,52.6258,67.0159,65.8206,0.1473,5
2026-08-31,STRATHSPEY,751079,BULLER,14.1774,37.4808,29.1398,-0.1684,2
2026-08-31,YALLAROI,751139,BURNETT,9.4311,14.3789,14.5906,0.0005,2
2026-08-31,YOUGH,751247,CAIRA,84.1657,82.4739,81.8545,0.1492,5
2026-08-31,NORTH GUNDAGAI,751421,CLARENDON,32.6108,32.3493,48.2738,0.0995,4
2026-08-31,SEELEY,751475,CLARKE,3.7609,17.3952,14.8846,-0.115,1
2026-08-31,COWAL,751563,CLYDE,20.1713,45.2608,33.1776,0.0715,3
2026-08-31,RICHARDSON,751595,CLYDE,19.2428,43.2285,32.1522,0.0854,3
2026-08-31,BOO BOO,751753,COURALLIE,20.2083,33.4437,30.2487,0.0225,2
2026-08-31,OAKVALE,751921,COWPER,26.1058,52.5621,41.8774,0.1295,3
2026-08-31,PERAYAMBONE,751925,COWPER,29.0076,53.8601,44.1505,0.1366,3
2026-08-31,WERERINA,751954,COWPER,37.8421,57.735,53.4883,0.1678,4
2026-08-31,GURRIWARRA,751987,CULGOA,41.4659,56.1229,51.132,0.1622,4
2026-08-31,BORAH,752173,DARLING,8.6523,15.4166,15.0212,-0.102,2
2026-08-31,KEEPIT,752189,DARLING,12.5568,20.4019,17.7347,-0.072,2
2026-08-31,DENULEROI,752242,DENHAM,27.2224,44.6527,38.2615,0.0523,3
2026-08-31,CHURCHILL,752369,DRAKE,12.159,38.9402,34.2593,-0.0626,2
2026-08-31,OGILVIE,752385,DRAKE,16.5815,41.441,39.7541,-0.0478,2
2026-08-31,PUCKA,752389,DRAKE,7.2432,31.9284,25.5448,-0.0342,2
2026-08-31,YULGILBAR,752401,DRAKE,11.0668,34.4594,28.3703,-0.0429,2
2026-08-31,MARRACOOTA,752518,EVELYN,97.3559,99.43,98.2637,0.0493,5
2026-08-31,MOUNT BLACKWOOD,752522,EVELYN,98.0147,100,98.8679,0.0594,5
2026-08-31,DRIEL,752574,EWENMAR,26.4993,50.1694,37.7652,0.0942,3
2026-08-31,MILPULLING,752590,EWENMAR,21.732,32.2394,25.0289,0.1051,3
2026-08-31,PETITA,752790,FITZGERALD,90.9151,95.7562,97.5057,0.1544,5
2026-08-31,RANKEN,752794,FITZGERALD,84.0263,93.1872,91.9834,0.135,5
2026-08-31,CUMBINE,752872,FLINDERS,46.5343,60.4599,52.5392,0.1936,4
2026-08-31,BIRANGAN,752928,FORBES,69.2184,62.4701,59.1063,0.2392,5
2026-08-31,STOKE,753054,GEORGIANA,36.6715,39.3556,46.1695,0.052,4
2026-08-31,INA,753094,GIPPS,48.0142,56.8222,49.0447,0.2197,4
2026-08-31,OBLEY,753243,GORDON,31.4423,31.8607,27.4661,0.1207,3
2026-08-31,LANDS END,753289,GOUGH,2.8635,10.0496,6.4191,-0.0774,1
2026-08-31,CUTTABULLOO,753379,GOWEN,17.5247,28.4992,20.353,0.0264,2
2026-08-31,NANDI,753391,GOWEN,17.3775,23.0755,22.9319,0.0441,3
2026-08-31,BAROOL,753507,GRESHAM,4.4003,15.9278,13.5406,-0.045,1
2026-08-31,NURUNG,753628,HARDEN,60.2685,58.2966,65.2974,0.1267,5
2026-08-31,EVERETT,753660,HARDINGE,4.7719,13.3046,10.4128,-0.0851,1
2026-08-31,TOBIN,753713,HAWES,46.5613,69.1404,73.6774,-0.322,5
2026-08-31,HUNGERFORD,753785,HUNTER,5.1281,17.7817,14.8802,-0.1505,2
2026-08-31,JAMISON,753789,HUNTER,7.6058,26.612,20.4091,-0.1486,2
2026-08-31,YENGO,753829,HUNTER,4.9147,11.7584,14.8899,-0.2872,1
2026-08-31,BOOMERY,753857,IRRARA,48.2729,67.3132,63.2918,0.1845,5
2026-08-31,WILLANBALANG,754024,KENNEDY,45.0141,63.4711,51.5375,0.1523,4
2026-08-31,DILKOOSHA,754056,KILLARA,81.0861,88.4995,88.6045,0.0581,5
2026-08-31,BREWAN,754182,LEICHHARDT,25.7668,42.6872,36.4282,0.0815,3
2026-08-31,MAGOMETON,754222,LEICHHARDT,20.4178,35.7702,27.4164,0.1145,3
2026-08-31,TAYLOR,754326,LINCOLN,16.2617,28.6435,22.1022,0.0216,2
2026-08-31,KIKIAMAH,754594,MONTEAGLE,73.0074,69.9547,68.7819,0.1685,5
2026-08-31,DEVON,754765,MOURAMBA,52.2367,62.482,52.5185,0.2083,5
2026-08-31,DUNSTAN,754769,MOURAMBA,52.4783,62.8136,53.4555,0.2003,5
2026-08-31,PRINGLE,754858,MURCHISON,15.0753,22.828,22.0453,-0.0173,2
2026-08-31,BALLALLABA,754866,MURRAY,23.1309,46.3829,55.3541,-0.2331,2
2026-08-31,ULINDA,754984,NAPIER,17.5141,28.1151,19.9764,0.0183,2
2026-08-31,KELVEDON,755042,NARRAN,37.6114,54.8213,49.3088,0.1404,4
2026-08-31,TERIABOLA,755070,NARRAN,45.1432,61.2616,48.8774,0.1283,5
2026-08-31,AMOILLA,755134,NICHOLSON,42.4906,42.2604,46.651,0.1072,4
2026-08-31,GRIFFITHS,755166,NICHOLSON,32.2557,35.992,35.6185,0.1171,4
2026-08-31,YANDUMBLIN,755202,NICHOLSON,42.3684,45.4182,48.0612,0.1104,4
2026-08-31,TANGARATTA,755342,PARRY,10.1748,16.8595,15.57,-0.1162,2
2026-08-31,DABEE,755426,PHILLIP,9.5687,21.7748,16.8609,-0.0561,2
2026-08-31,POMANY,755446,PHILLIP,7.2428,21.015,15.1812,-0.1364,2
2026-08-31,GULLIGAL,755502,POTTINGER,14.8346,29.2488,21.6702,0.0004,2
2026-08-31,BULGOO,755646,ROBINSON,57.9974,64.9004,67.3377,0.1533,5
2026-08-31,LOADSTONE,755719,ROUS,33.4475,54.8834,51.6827,0.0173,4
2026-08-31,VICTORIA,755894,SELWYN,60.8209,73.6169,84.0861,0.0148,5
2026-08-31,CURROWAN,755930,ST VINCENT,4.0356,14.5667,21.3051,-0.4663,1
2026-08-31,TUBBLE GAH,756022,STAPYLTON,10.8494,15.4289,14.5274,-0.0012,2
2026-08-31,HOULONG,756050,STURT,34.0748,38.1659,38.5965,0.1281,4
2026-08-31,CHURRIGA,756226,TONGOWOKO,98.842,99.9084,99.5387,0.0301,5
2026-08-31,HENTY,756423,URANA,56.1212,55.883,54.1866,0.123,5
2026-08-31,KENDALL,756427,URANA,49.603,54.3091,53.1282,0.1368,5
2026-08-31,URANGELINE,756448,URANA,59.6247,56.5454,66.0139,0.1119,5
2026-08-31,NYANG,756572,WAKOOL,77.5217,71.911,64.1498,0.1527,5
2026-08-31,BENDUCK SOUTH,756736,WARADGERY,51.5792,42.4778,40.7745,0.0821,4
2026-08-31,TALYAWALKA,757023,WERUNDA,79.8312,85.6349,86.6586,0.0452,5
2026-08-31,LLOYD,757108,WHITE,15.1849,25.2338,20.8328,0.0369,2
2026-08-31,INKERMAN,757284,YANCOWINNA,80.3646,81.0426,80.3076,0.0506,5
2026-08-31,GILGWAPLA,757385,YANTARA,92.9247,98.9246,98.3897,0.095,5
2026-08-31,NELIA GAARI,757453,YOUNG,82.8742,87.5233,87.3115,0.0668,5
2026-08-31,PEVERIL,757457,YOUNG,86.3601,89.5813,90.1887,0.0467,5
2026-08-31,COPE,757475,YUNGNULGRA,88.832,92.0015,92.2697,0.0614,5
2026-08-31,WALLA,757505,YUNGNULGRA,88.3927,91.6856,92.0564,0.0611,5
2026-08-31,ASHBY,750064,ARRAWATTA,4.165,8.9683,8.8378,-0.0755,1
2026-08-31,BERIGERIE,750248,BARADINE,15.7002,29.5118,22.0604,0.0736,3
2026-08-31,DUNWERIAN,750272,BARADINE,21.4022,36.0025,25.7118,0.0705,3
2026-08-31,KENEBRI,750284,BARADINE,15.7218,30.0796,21.5585,0.0727,3
2026-08-31,DANGAR,750456,BENARBA,21.0653,27.0809,30.6199,0.0338,2
2026-08-31,GIN,750464,BENARBA,16.3726,20.0665,23.007,-0.0045,2
2026-08-31,GREAVES,750468,BENARBA,15.55,25.6512,25.9696,0.0175,2
2026-08-31,TIELA,750500,BENARBA,15.9252,20.6979,23.9061,0.0012,2
2026-08-31,CLIFFORD,750532,BERESFORD,11.151,28.6452,40.4396,-0.2791,2
2026-08-31,NARRABURRA,750616,BLAND,71.4706,61.2356,68.2437,0.166,5
2026-08-31,GONN,750665,BLAXLAND,55.3973,50.7781,52.9386,0.1228,5
2026-08-31,BOOYAMURNA,750738,BLIGH,11.8956,21.6527,17.996,-0.0215,2
2026-08-31,LORIMER,750754,BLIGH,5.1221,14.6012,12.3886,-0.0895,2
2026-08-31,WINNINI,750814,BOOROONDARRA,62.2505,65.648,68.9516,0.1544,5
2026-08-31,BUDDIGOWER,750826,BOURKE,71.8271,57.6794,63.0744,0.2226,5
2026-08-31,MATONG,750854,BOURKE,60.3016,53.5732,66.8742,0.0746,5
2026-08-31,NORTHCOTE,750858,BOURKE,68.9214,56.8109,69.0713,0.1773,5
2026-08-31,CHERSON,750918,BRISBANE,5.9706,16.9174,9.6267,-0.399,2
2026-08-31,WYANGLE,751003,BUCCLEUCH,34.5876,40.7602,60.0315,0.1174,4
2026-08-31,GRAVESEND,751108,BURNETT,9.8008,18.3751,19.9049,-0.004,2
2026-08-31,BAHPUNGA,751168,CAIRA,71.9661,69.4473,62.7806,0.1199,5
2026-08-31,CLARKE,751443,CLARKE,8.7275,19.7362,16.5088,-0.2536,2
2026-08-31,DALE,751448,CLARKE,4.7469,18.7485,16.0493,-0.1196,1
2026-08-31,BOUKA BOUKA,751552,CLYDE,22.6273,44.1722,37.0489,0.1032,3
2026-08-31,HIGGINS,751584,CLYDE,24.1794,43.6334,37.3302,0.0704,3
2026-08-31,MUNDAWAH,751592,CLYDE,19.7589,43.6689,33.9878,0.0851,3
2026-08-31,BARTON,751841,COWPER,41.1951,57.7545,56.8231,0.1924,4
2026-08-31,BOODA,751845,COWPER,37.6158,54.0923,51.5623,0.1735,4
2026-08-31,MARONG,751902,COWPER,28.0637,51.8742,43.9273,0.1516,3
2026-08-31,NUMURKAH,751918,COWPER,22.8766,44.6687,34.9123,0.1014,3
2026-08-31,RUSSELL,751934,COWPER,23.8984,48.4095,36.7792,0.1165,3
2026-08-31,BUMBO WEST,752133,DAMPIER,6.0619,11.4769,18.2469,-0.4744,2
2026-08-31,CURRAMBENE,752141,DAMPIER,2.7245,16.8748,25.8025,-0.408,1
2026-08-31,FINLEY,752247,DENHAM,25.2178,36.6566,38.1725,0.0499,3
2026-08-31,CLOWERY,752317,DOWLING,39.7593,33.5316,37.4349,0.1425,4
2026-08-31,YELKIN,752362,DOWLING,32.9313,31.3033,31.5356,0.134,4
2026-08-31,NARDOO,752523,EVELYN,97.4476,99.9903,98.4317,0.041,5
2026-08-31,PINPIRA,752531,EVELYN,96.3403,99.4398,98.3956,0.0808,5
2026-08-31,BORRINA,752772,FITZGERALD,86.3068,95.5304,94.5021,0.1452,5
2026-08-31,SHEA,752840,FITZROY,8.9325,40.8084,30.5571,-0.1543,2
2026-08-31,BULGA,752865,FLINDERS,40.98,58.4616,49.3251,0.1684,4
2026-08-31,CURRAJONG,752873,FLINDERS,36.9138,58.459,52.6585,0.1739,4
2026-08-31,MULYANDRY,752949,FORBES,62.1061,57.975,51.9469,0.2949,5
2026-08-31,FINLEY,753026,GEORGIANA,35.406,45.6257,67.8882,-0.1584,4
2026-08-31,MARA,753464,GREGORY,19.8714,46.4035,31.4249,0.049,3
2026-08-31,NINIA,753480,GREGORY,18.9736,43.8225,29.9393,0.0245,2
2026-08-31,WARRIGAL,753496,GREGORY,19.9541,45.2673,32.4641,0.059,3
2026-08-31,BOYD,753508,GRESHAM,4.8947,19.0992,13.9415,-0.0536,1
2026-08-31,COOPER,753550,GUNDERBOOKA,45.2494,63.131,59.366,0.1886,4
2026-08-31,ROWLEY,753710,HAWES,22.7598,39.8282,45.7638,-0.4417,2
2026-08-31,CORICUDGY,753778,HUNTER,6.5642,22.0975,17.8092,-0.1532,2
2026-08-31,PUTTY,753810,HUNTER,3.6907,10.7371,13.239,-0.186,1
2026-08-31,MOCO BARUNGHA,753878,IRRARA,55.8143,73.5107,72.7156,0.2174,5
2026-08-31,NUNDI,753952,JAMISON,24.3504,38.4186,34.3283,0.0421,3
2026-08-31,BALARA,754045,KILLARA,68.0464,82.374,83.7612,0.1308,5
2026-08-31,GORDON,754061,KILLARA,79.4432,88.1606,88.3248,0.0785,5
2026-08-31,TOWRI,754089,KILLARA,71.5088,83.127,84.8187,0.1136,5
2026-08-31,KILDARE,754125,KING,42.1856,46.0362,58.4281,0.0448,4
2026-08-31,WALCHA,754263,LEICHHARDT,27.1903,43.1658,34.3088,0.0941,3
2026-08-31,ALBEMARLE,754335,LIVINGSTONE,81.7284,84.5882,85.5144,0.0897,5
2026-08-31,BIRREGO,754538,MITCHELL,55.2219,49.5084,60.6658,0.085,4
2026-08-31,WAMBANUMBA,754605,MONTEAGLE,66.5883,62.7596,66.1709,0.1503,5
2026-08-31,MAROPINNA,754635,MOOTWINGEE,95.0799,92.4363,92.0803,0.0451,5
2026-08-31,MALLEE,754697,MOSSGIEL,58.1665,54.9092,59.9411,0.1599,5
2026-08-31,MOOLAH,754705,MOSSGIEL,61.8339,60.7968,65.3684,0.1652,5
2026-08-31,BLAXLAND,754754,MOURAMBA,61.3521,60.7258,61.993,0.1757,5
2026-08-31,HUME,754782,MOURAMBA,58.7363,62.5887,57.9447,0.1968,5
2026-08-31,DELINGERA,754826,MURCHISON,10.2763,17.1486,19.6265,-0.0611,2
2026-08-31,TURRAWARRA,754863,MURCHISON,9.9426,15.1947,18.1432,-0.1044,2
2026-08-31,BOMBAH,754997,NARRAN,46.8669,70.0073,57.1388,0.1426,5
2026-08-31,GOONOO,755035,NARRAN,35.2355,53.8757,48.926,0.1513,4
2026-08-31,KIENGAL,755043,NARRAN,43.0677,64.7933,55.093,0.1303,5
2026-08-31,HONUNA,755167,NICHOLSON,35.1083,40.1534,40.6491,0.1165,4
2026-08-31,SCOTT,755339,PARRY,9.714,12.1377,5.9734,-0.375,2
2026-08-31,BOGGABRI,755475,POTTINGER,15.9069,33.0013,26.4052,0.0144,2
2026-08-31,BUNDELLA,755483,POTTINGER,9.8908,17.7675,12.0769,-0.0342,2
2026-08-31,GORAGILLA,755499,POTTINGER,13.2947,23.9343,16.6784,0.0217,2
2026-08-31,BAROORA,755639,ROBINSON,57.3517,63.5374,65.9909,0.1607,5
2026-08-31,COONUMBERTO,755651,ROBINSON,54.3415,67.2755,64.9155,0.1761,5
2026-08-31,WATTON,755801,ROXBURGH,45.5437,40.7907,45.6755,0.0675,4
2026-08-31,MURRAY,755883,SELWYN,71.061,79.4092,86.4053,0.0403,5
2026-08-31,BULEE,755919,ST VINCENT,34.4122,49.4272,63.779,-0.4137,5
2026-08-31,TANDORE,756139,TANDORA,81.6226,85.3523,85.3745,0.0862,5
2026-08-31,FEEHAN,756208,THOULCANNA,84.024,92.8571,93.6257,0.1939,5
2026-08-31,NORTH MOONBRIA,756311,TOWNSEND,43.4922,46.1805,42.5652,0.1628,4
2026-08-31,RICKETSON,756323,TOWNSEND,57.8979,58.4889,47.5473,0.1368,4
2026-08-31,TALTAWEIRA,756376,ULARARA,94.6405,99.2263,98.065,0.1604,5
2026-08-31,CROMMELIN,756412,URANA,44.3862,46.3583,50.96,0.1432,4
2026-08-31,BRASSEY,756469,VERNON,60.3552,74.0856,81.2746,-0.2495,5
2026-08-31,WAKOOL,756589,WAKOOL,88.4197,78.6253,72.9914,0.2319,5
2026-08-31,YANGA,756601,WAKOOL,75.0638,75.465,68.7522,0.1462,5
2026-08-31,BEABULA,756733,WARADGERY,45.4329,42.0604,43.4676,0.1398,4
2026-08-31,PEMBELGONG,756781,WARADGERY,48.3952,42.8786,44.185,0.1402,4
2026-08-31,WANDIGONG,756801,WARADGERY,55.5983,45.7298,41.0687,0.095,4
2026-08-31,CUMMINGS,756877,WELLINGTON,13.4537,19.3241,15.1617,0.0174,2
2026-08-31,BOMANGALDY,757269,YANCOWINNA,86.0878,89.3848,83.5741,0.0639,5
2026-08-31,BROUGHTON,757418,YOUNG,84.4382,87.5533,87.5212,0.0724,5
2026-08-31,YETMAN,750129,ARRAWATTA,7.3148,12.3592,11.0936,-0.016,2
2026-08-31,BOREE CABONNE,750137,ASHBURNHAM,54.3579,39.5068,48.1336,0.1807,4
2026-08-31,CEELNOY,750257,BARADINE,23.1486,37.4965,27.8931,0.082,3
2026-08-31,WHITE,750317,BARADINE,21.4293,36.0147,25.8219,0.089,3
2026-08-31,BLARNEY,750325,BARRONA,60.5746,77.7704,78.4088,0.2159,5
2026-08-31,BOONEREY,750429,BENARBA,19.805,20.5406,23.7456,0.0134,2
2026-08-31,CAIDMURRA,750441,BENARBA,19.8831,23.2611,24.4175,0.0199,2
2026-08-31,UMBRI,750505,BENARBA,16.1149,19.6491,21.878,0.0005,2
2026-08-31,WOLONGIMBA,750517,BENARBA,19.2549,29.0714,30.8874,0.0166,2
2026-08-31,COLINTON,750533,BERESFORD,23.2603,58.0807,54.6158,-0.1537,2
2026-08-31,WINTA,750815,BOOROONDARRA,56.0305,67.2663,69.4817,0.146,5
2026-08-31,BOBLEGIGBIE,750823,BOURKE,58.8519,46.7035,58.8251,0.1435,4
2026-08-31,GORE,751065,BULLER,23.8379,39.075,34.7296,-0.0793,2
2026-08-31,UNDERCLIFFE,751081,BULLER,15.2722,24.1693,22.5554,-0.1781,2
2026-08-31,BALLAH,751169,CAIRA,90.3449,86.1093,80.126,0.2076,5
2026-08-31,MEVNA,751205,CAIRA,91.0333,84.1258,75.3612,0.2419,5
2026-08-31,ST PAULS,751225,CAIRA,71.6104,70.7865,62.4958,0.1284,5
2026-08-31,WILPEE,751241,CAIRA,87.6148,83.3539,76.2139,0.2028,5
2026-08-31,CLIFTON,751444,CLARKE,8.2162,26.2819,26.4076,-0.3726,2
2026-08-31,TOWAGAL,751481,CLARKE,4.687,14.2895,11.9102,-0.0741,1
2026-08-31,DICKSON,751507,CLIVE,7.4677,23.7224,13.1954,-0.0957,2
2026-08-31,FARNELL,751511,CLIVE,6.4475,18.9301,14.8351,-0.082,2
2026-08-31,BACK WILLOI,751545,CLYDE,26.5001,44.6293,37.5162,0.1045,3
2026-08-31,BILLYBINGBONE,751549,CLYDE,24.335,46.0428,36.2831,0.1194,3
2026-08-31,COOK,751634,COOK,15.2728,36.9302,33.58,-0.1993,2
2026-08-31,OXLEY,751723,COOPER,26.2852,31.4012,28.6336,0.0974,3
2026-08-31,SIMS GAP,751727,COOPER,26.5692,28.815,28.3417,0.104,3
2026-08-31,BUNDOOWITHIDIE,751759,COURALLIE,17.8316,26.6544,25.9252,0.0241,2
2026-08-31,BUNGLEGA,751850,COWPER,22.2097,43.5749,33.3714,0.1007,3
2026-08-31,MAROONA,751903,COWPER,38.1977,56.057,53.4876,0.1812,4
2026-08-31,JAMIESON,751989,CULGOA,53.0174,71.8187,63.4047,0.191,5
2026-08-31,WEEJALLAH,752006,CULGOA,52.4676,69.2471,64.0745,0.191,5
2026-08-31,YARRAN,752010,CULGOA,51.1986,68.7218,61.5607,0.1863,5
2026-08-31,WYANBENE,752166,DAMPIER,5.5249,19.1551,27.5912,-0.4287,2
2026-08-31,DOWE,752179,DARLING,10.7267,18.7103,16.312,-0.0815,2
2026-08-31,BERAWINIA,752207,DELALAH,90.5809,95.9776,97.3885,0.1769,5
2026-08-31,OSACA,752223,DELALAH,95.2485,98.8742,98.5715,0.151,5
2026-08-31,REYNOLDS,752264,DENHAM,27.5207,46.3037,42.8962,0.0516,3
2026-08-31,WAHGUNYAH,752300,DENISON,52.717,48.1945,42.8086,0.1054,4
2026-08-31,NARADHAN,752340,DOWLING,30.5203,29.699,30.9024,0.1139,3
2026-08-31,MOOKIMA,752383,DRAKE,15.5714,41.7782,41.0928,-0.0201,2
2026-08-31,PULGANBAR,752391,DRAKE,6.6046,31.6079,25.593,-0.0343,2
2026-08-31,ORR,752524,EVELYN,97.1413,99.8859,98.9364,0.0778,5
2026-08-31,BUNDEMAR,752560,EWENMAR,23.1796,42.1637,30.7652,0.0894,3
2026-08-31,ECKFORD,752689,FINCH,20.3923,24.4919,28.731,0.0345,2
2026-08-31,ERASA,752938,FORBES,62.249,57.1371,51.485,0.2813,5
2026-08-31,MERRIGANOWRY,752946,FORBES,60.6957,45.7024,46.9175,0.2217,4
2026-08-31,THOMPSON,753056,GEORGIANA,37.0908,45.638,56.3063,-0.0366,4
2026-08-31,BLOW CLEAR,753072,GIPPS,63.1328,58.0369,59.5479,0.2512,5
2026-08-31,MILLI,753185,GLOUCESTER,32.7065,32.5631,43.8364,-0.4393,4
2026-08-31,WANGAT,753213,GLOUCESTER,2.7172,10.0658,11.7149,-0.5345,1
2026-08-31,MUNDAR,753389,GOWEN,17.7154,31.9199,21.8845,0.071,3
2026-08-31,URABRIBLE,753405,GOWEN,17.9903,25.283,23.1048,0.0426,3
2026-08-31,MARBELLA,753465,GREGORY,20.2984,46.8296,33.8488,0.0535,3
2026-08-31,BRAYLESFORD,753509,GRESHAM,3.6315,23.6546,20.8295,-0.0272,1
2026-08-31,TUREE,753584,GUNDERBOOKA,42.4513,58.2517,55.7998,0.1835,4
2026-08-31,BUCHANAN,753645,HARDINGE,2.717,10.2404,5.9703,-0.0944,1
2026-08-31,COUATWONG,753691,HAWES,32.7621,38.0257,43.2354,-0.3943,4
2026-08-31,MUMMEL,753703,HAWES,11.9189,18.6766,23.8692,-0.5001,2
2026-08-31,CASTLESTEAD,753731,HUME,66.6805,66.8511,72.1034,0.1947,5
2026-08-31,PHILLIP,753807,HUNTER,6.5975,21.6408,16.7579,-0.1553,2
2026-08-31,WAPWEELAH,753896,IRRARA,52.6785,72.298,68.054,0.1993,5
2026-08-31,SARSFIELD,754013,KENNEDY,36.6515,60.7489,50.5323,0.1687,4
2026-08-31,TANKIE,754038,KILFERA,80.1958,82.1937,80.582,0.0949,5
2026-08-31,HORA,754160,LANDSBOROUGH,65.6229,81.3189,81.7015,0.1901,5
2026-08-31,WILLAGA,754272,LEICHHARDT,23.7308,41.2342,30.9497,0.1078,3
2026-08-31,HAINES,754686,MOSSGIEL,45.5216,46.9071,47.2787,0.1449,4
2026-08-31,THOLLOOLABOY,754718,MOSSGIEL,52.6755,55.9365,58.0178,0.1524,5
2026-08-31,JAMIESON,754783,MOURAMBA,57.0094,61.9185,56.3038,0.2056,5
2026-08-31,ROSET,754803,MOURAMBA,50.7783,61.4503,51.7314,0.2146,5
2026-08-31,PALLAL,754856,MURCHISON,10.0386,19.8271,19.7112,-0.0519,2
2026-08-31,KONOWOGAN,755044,NARRAN,46.3556,65.122,53.696,0.143,5
2026-08-31,LINCHIDEN,755048,NARRAN,44.1072,63.9672,51.2255,0.1253,5
2026-08-31,MERINGO,755112,NARROMINE,36.3701,59.6751,45.6167,0.1063,4
2026-08-31,BULGURA,755148,NICHOLSON,43.6687,41.7437,47.9433,0.0978,4
2026-08-31,MELBERGEN SOUTH,755180,NICHOLSON,27.614,29.6256,28.5063,0.1105,3
2026-08-31,DENISON WEST,755492,POTTINGER,14.7258,26.4564,20.3316,0.0236,2
2026-08-31,LINTON,755665,ROBINSON,54.6259,66.9318,62.5431,0.1578,5
2026-08-31,LANGWELL,755717,ROUS,31.5436,63.941,61.6145,-0.0616,5
2026-08-31,ROSEBERRY,755733,ROUS,32.5419,53.2742,50.8793,0.0059,4
2026-08-31,ENMORE,755822,SANDON,9.3116,17.7025,16.6812,-0.2469,2
2026-08-31,WELAREGANG,755896,SELWYN,39.3934,56.2668,67.7381,0.0704,4
2026-08-31,GUNNYANNA,756000,STAPYLTON,18.5225,32.0365,30.5191,0.0287,2
2026-08-31,KINNIMO,756004,STAPYLTON,16.1883,30.1844,27.7314,0.0328,2
2026-08-31,YOOLOOBIL,756032,STAPYLTON,13.0072,22.1347,21.8433,0.0356,2
2026-08-31,O'BRIEN,756064,STURT,20.8911,31.6396,28.0836,0.0803,3
2026-08-31,TOMS POINT,756068,STURT,38.78,40.0405,41.4776,0.1373,4
2026-08-31,QUONDONG,756136,TANDORA,82.3289,82.6214,82.3527,0.064,5
2026-08-31,CONARGO,756268,TOWNSEND,48.8338,59.6765,50.3249,0.1626,4
2026-08-31,HAROLD,756288,TOWNSEND,42.5303,42.7373,38.1424,0.1364,4
2026-08-31,PURDANIMA,756320,TOWNSEND,61.5058,58.4243,50.0159,0.1471,5
2026-08-31,EMU,756474,VERNON,29.1234,32.1758,29.1484,-0.338,2
2026-08-31,COONAMIT,756530,WAKOOL,88.4442,77.2032,70.355,0.176,5
2026-08-31,LIEWA,756550,WAKOOL,88.4193,78.2263,69.8645,0.2276,5
2026-08-31,MALLEE,756554,WAKOOL,89.0657,79.6826,72.0172,0.2404,5
2026-08-31,MOOLPA,756562,WAKOOL,88.1158,79.2593,73.7275,0.2087,5
2026-08-31,LAGAN,756630,WALJEERS,58.8479,52.3806,55.8288,0.088,5
2026-08-31,TIVY,756858,WELLESLEY,12.7461,16.7039,25.3089,-0.3564,2
2026-08-31,WINDEYER,756923,WELLINGTON,10.1479,18.9258,13.2585,-0.0018,2
2026-08-31,OLDBUCK,757069,WESTMORELAND,28.2654,44.0716,62.8719,-0.3584,2
2026-08-31,BORAMBULA,757218,WYNYARD,32.7602,36.3165,48.3231,0.0912,4
2026-08-31,CHARLEMONT,757274,YANCOWINNA,80.9396,81.2423,79.8929,0.0522,5
2026-08-31,EDGAR,757278,YANCOWINNA,84.2236,88.1334,80.7618,0.062,5
2026-08-31,GONELLA,757335,YANDA,42.9157,61.8422,57.8664,0.1773,4
2026-08-31,BUNGAROO,757419,YOUNG,84.6798,87.3048,87.297,0.069,5
2026-08-31,DOYLE,750270,BARADINE,27.6465,53.9652,39.931,0.0768,3
2026-08-31,MERIMBOROUGH,750290,BARADINE,26.4743,40.1895,31.0544,0.0667,3
2026-08-31,COLERIDGE,750374,BATHURST,25.4012,28.0445,27.9546,0.0379,2
2026-08-31,BIMBELLA,750579,BLAND,69.0065,65.8458,65.8131,0.2403,5
2026-08-31,DINGA DINGI,750597,BLAND,63.8548,57.7622,64.4365,0.1391,5
2026-08-31,CULTOGERIE,750792,BOOROONDARRA,59.0282,63.0592,66.2314,0.1634,5
2026-08-31,NAPIER,750993,BUCCLEUCH,42.1202,58.2582,72.3295,0.1423,5
2026-08-31,STUART,751387,CLARENCE,15.006,42.8244,39.1562,-0.0546,2
2026-08-31,WHITEMAN,751391,CLARENCE,12.7054,41.1502,40.376,-0.0328,2
2026-08-31,BROWN,751441,CLARKE,7.2594,27.4835,23.549,-0.2313,2
2026-08-31,GEORGE,751454,CLARKE,9.0561,26.2161,24.5498,-0.3006,2
2026-08-31,MORLA,751590,CLYDE,32.401,51.273,42.8417,0.1731,4
2026-08-31,GROSE,751643,COOK,18.0096,43.2681,37.5019,-0.3056,2
2026-08-31,WOLLANGAMBE NORTH,751668,COOK,8.8808,29.5783,25.9566,-0.2231,2
2026-08-31,WAUGH,751740,COOPER,31.791,32.2783,33.4563,0.1104,4
2026-08-31,DAVIDSON,751859,COWPER,40.9382,56.8797,54.6492,0.1874,4
2026-08-31,EAST BOURKE,751867,COWPER,42.4195,58.1304,56.484,0.1898,4
2026-08-31,GUNDAWARRA,751880,COWPER,29.4746,51.497,41.7122,0.1615,3
2026-08-31,LITTLE,751896,COWPER,37.0655,59.9471,52.9707,0.1588,4
2026-08-31,RANDALL,751928,COWPER,29.745,51.2938,41.7638,0.1639,3
2026-08-31,KEATS,751990,CULGOA,51.9632,73.1877,59.6224,0.1811,5
2026-08-31,MICABIL,752103,CUNNINGHAM,23.6831,32.4349,31.3442,0.0919,3
2026-08-31,MANILLA,752253,DENHAM,27.3922,45.1279,36.727,0.0527,3
2026-08-31,TIBEAUDO,752345,DOWLING,35.5436,34.9807,33.3977,0.145,4
2026-08-31,QUINYAMBI,752533,EVELYN,97.5756,99.7343,98.4599,0.0288,5
2026-08-31,BERIDA,752553,EWENMAR,19.6473,37.8314,26.2754,0.0951,3
2026-08-31,KANTAPPA,752625,FARNELL,94.7412,92.3546,92.0627,0.1049,5
2026-08-31,STANLEY,752631,FARNELL,97.0152,97.1461,96.1853,0.061,5
2026-08-31,KREMNOS,752829,FITZROY,17.917,35.12,28.8555,-0.1473,2
2026-08-31,WICKLOW,752919,FLINDERS,28.3083,56.3188,47.6331,0.1413,3
2026-08-31,YARROW,752923,FLINDERS,37.9649,57.4262,47.7108,0.1724,4
2026-08-31,WAAYOURIGONG,752955,FORBES,66.0443,67.5227,56.9492,0.3194,5
2026-08-31,BUMMAROO,753019,GEORGIANA,28.9003,42.5807,56.0291,-0.1856,2
2026-08-31,BENA,753069,GIPPS,49.9493,52.8078,51.5381,0.2248,5
2026-08-31,WARANGLA,753125,GIPPS,68.7791,67.0025,61.6556,0.2773,5
2026-08-31,BOLDEROGERY,753222,GORDON,36.0492,34.1007,31.1002,0.1353,4
2026-08-31,BONE BONE,753370,GOWEN,18.7927,29.0508,22.1296,0.0394,2
2026-08-31,TERRABILE,753398,GOWEN,17.1749,33.6441,23.0103,0.0838,3
2026-08-31,QUAMBONE,753486,GREGORY,22.0745,46.5096,33.9431,0.0134,2
2026-08-31,JACKADGERY,753523,GRESHAM,4.2844,22.6579,15.8688,-0.0375,1
2026-08-31,LEDKNAPPER,753561,GUNDERBOOKA,47.2779,64.1106,59.6843,0.176,5
2026-08-31,MULGA,753565,GUNDERBOOKA,46.7434,64.0152,60.2806,0.1779,4
2026-08-31,CLARE,753650,HARDINGE,4.5157,10.9211,11.9345,-0.1188,1
2026-08-31,RUSSELL,753671,HARDINGE,3.4641,10.478,8.0327,-0.0934,1
2026-08-31,CURRACABUNDI,753692,HAWES,9.1276,14.4207,17.7129,-0.5161,2
2026-08-31,MOOROONOWA,753880,IRRARA,61.5132,75.261,77.0984,0.2294,5
2026-08-31,CULPATERONG,754031,KILFERA,78.2299,79.6389,80.3324,0.0915,5
2026-08-31,FAR WEST,754059,KILLARA,71.0138,83.0776,84.6281,0.1581,5
2026-08-31,PARKES,754078,KILLARA,75.9114,86.46,87.3977,0.0954,5
2026-08-31,BORGARA,754181,LEICHHARDT,23.7328,42.7381,36.4518,0.0653,3
2026-08-31,CONIMBIA,754197,LEICHHARDT,25.5716,45.0757,35.5181,0.054,3
2026-08-31,SPRING CREEK,754325,LINCOLN,18.8803,29.4946,22.4414,0.0525,3
2026-08-31,YOUNGA SOUTH,754504,MANARA,75.5082,83.3825,80.793,0.1255,5
2026-08-31,COCOMINGLA,754584,MONTEAGLE,57.7515,45.6255,53.4736,0.158,4
2026-08-31,BOOBOORAN,754667,MOSSGIEL,50.2216,50.5917,52.9712,0.1474,5
2026-08-31,SCOTT,754804,MOURAMBA,53.4112,63.9093,57.686,0.1808,5
2026-08-31,DERIAH,754935,NANDEWAR,18.5438,28.1369,24.2512,0.0172,2
2026-08-31,BINDAYAH,754991,NARRAN,40.7245,62.4069,50.5647,0.1227,4
2026-08-31,WILGA,755077,NARRAN,42.4701,59.6114,52.4315,0.1366,5
2026-08-31,MULLION,755185,NICHOLSON,35.4439,40.6005,39.5254,0.125,4
2026-08-31,WOMBRAMURRA,755349,PARRY,14.1542,18.0978,7.3404,-0.3538,2
2026-08-31,KERRABEE,755437,PHILLIP,5.1191,15.9511,18.3509,-0.0835,2
2026-08-31,KEILOR,755581,RANKIN,65.9203,76.7002,80.2501,0.0951,5
2026-08-31,MUNBUNYA,755589,RANKIN,53.7474,69.8327,71.7396,0.164,5
2026-08-31,WEELONG,755597,RANKIN,55.5721,71.8522,73.6802,0.1811,5
2026-08-31,WOLLUMBIN,755754,ROUS,26.4825,57.8557,49.0512,0.0483,3
2026-08-31,KHANCOBAN,755873,SELWYN,40.2641,60.5351,73.2099,0.0478,5
2026-08-31,UARDRY,756069,STURT,36.3559,40.0775,40.606,0.1232,4
2026-08-31,MULGA,756129,TANDORA,80.467,84.2075,82.4757,0.0605,5
2026-08-31,COOLAGALI,756269,TOWNSEND,53.3577,62.6629,53.4933,0.175,5
2026-08-31,CURRABUNGANUNG,756273,TOWNSEND,48.5032,54.5778,47.5229,0.1574,4
2026-08-31,NYANGAY,756313,TOWNSEND,52.424,48.2511,41.8203,0.1226,4
2026-08-31,POWHEEP,756317,TOWNSEND,42.3053,41.4198,39.2296,0.1502,4
2026-08-31,THOLOBIN,756329,TOWNSEND,51.2848,59.9263,51.082,0.1732,5
2026-08-31,WOOD,756455,URANA,44.7502,50.4963,45.5805,0.1545,4
2026-08-31,YANKO SOUTH,756459,URANA,40.7759,43.7254,43.4574,0.1602,4
2026-08-31,SHELVING,756495,VERNON,51.7836,43.6153,56.0921,-0.3094,5
2026-08-31,DIMBOOLA,756623,WALJEERS,55.9877,52.3389,56.9071,0.0918,5
2026-08-31,COLONG,757046,WESTMORELAND,34.7536,48.2029,65.4028,-0.3422,5
2026-08-31,LEIBNITZ,757062,WESTMORELAND,32.2172,47.1722,64.1102,-0.3686,5
2026-08-31,VULCAN,757078,WESTMORELAND,63.2457,72.73,94.7954,-0.127,5
2026-08-31,ABENA,757129,WINDEYER,90.2433,87.6105,86.9835,0.0845,5
2026-08-31,LEICHHARDT,757149,WINDEYER,90.4005,87.1433,86.2901,0.0847,5
2026-08-31,ELTI,757279,YANCOWINNA,89.4801,90.3124,87.8456,0.0786,5
2026-08-31,NARADIN,757295,YANCOWINNA,82.2267,88.0507,80.1919,0.0571,5
2026-08-31,YANGALLA,757315,YANCOWINNA,89.193,90.4878,89.1461,0.0754,5
2026-08-31,PARKES,757456,YOUNG,82.3998,85.8993,87.7707,0.0598,5
2026-08-31,KERNO,757487,YUNGNULGRA,86.7295,90.4082,90.9975,0.046,5
2026-08-31,ENA,750091,ARRAWATTA,4.7662,8.4469,7.874,-0.0386,1
2026-08-31,TRIGAMON,750123,ARRAWATTA,6.1963,10.9792,10.5938,-0.0234,2
2026-08-31,BRACEBRIDGE,750363,BATHURST,46.581,38.2076,51.9504,0.1213,4
2026-08-31,BORONGA,750431,BENARBA,9.9007,18.4387,18.3745,0.0186,2
2026-08-31,WADDEN,750507,BENARBA,15.3205,23.9676,24.6652,0.0084,2
2026-08-31,BREST,750527,BERESFORD,51.4434,67.1176,69.3887,-0.027,5
2026-08-31,BOORONGAGIL,750584,BLAND,73.5172,66.2992,68.8335,0.1991,5
2026-08-31,THULE,750712,BLAXLAND,61.2577,59.0492,62.355,0.1729,5
2026-08-31,MUNMURRA,750757,BLIGH,8.0775,18.6393,18.4523,-0.0521,2
2026-08-31,WAMPUNNIA,750813,BOOROONDARRA,58.1501,63.7515,66.3035,0.1561,5
2026-08-31,WINDEYER,750869,BOURKE,63.8305,52.7545,61.2465,0.1956,5
2026-08-31,SINGORAMBAH,750901,BOYD,28.7295,36.4394,32.8166,0.1229,3
2026-08-31,TIMOR,750954,BRISBANE,9.6885,20.7278,11.5415,-0.3134,2
2026-08-31,MOOKI,751022,BUCKLAND,7.7662,15.6628,13.8438,-0.0423,2
2026-08-31,WERRIE,751034,BUCKLAND,7.4889,14.8615,11.2796,-0.0636,2
2026-08-31,MARSH,751071,BULLER,15.6711,22.1007,14.7792,-0.1111,2
2026-08-31,WYLIE,751083,BULLER,14.8231,27.8106,19.414,-0.1079,2
2026-08-31,PUNGMALLEE,751219,CAIRA,72.6693,70.9935,66.9035,0.1259,5
2026-08-31,GRAHWEED,751320,CANBELEGO,24.0796,50.8191,34.506,0.0833,3
2026-08-31,ABERFOYLE,751433,CLARKE,9.7188,29.6858,20.4181,-0.2463,2
2026-08-31,THUDIE,751599,CLYDE,26.2519,47.0322,37.4334,0.1346,3
2026-08-31,GOULBURN,751877,COWPER,22.9713,44.3446,34.7988,0.1011,3
2026-08-31,IRREWARRA,751885,COWPER,29.7008,52.1351,44.3402,0.1654,3
2026-08-31,TILPA,751941,COWPER,36.858,56.843,51.0174,0.1727,4
2026-08-31,MILPOSE,752104,CUNNINGHAM,50.8916,59.8248,53.0045,0.2401,5
2026-08-31,MOWABLA,752108,CUNNINGHAM,26.2887,37.8982,37.5144,0.1003,3
2026-08-31,BIMBIL,752307,DOWLING,30.2212,28.8595,29.2255,0.1204,3
2026-08-31,NARRIAH,752342,DOWLING,35.064,31.2403,32.9357,0.1209,4
2026-08-31,MULCATCHA,752627,FARNELL,90.8287,90.7616,90.7627,0.0841,5
2026-08-31,TORROWANGEE,752636,FARNELL,89.0883,90.7275,89.1767,0.0739,5
2026-08-31,SCOTT,752745,FINCH,25.6647,44.6497,36.0564,0.0846,3
2026-08-31,HYLAND,752826,FITZROY,21.9384,53.759,39.586,-0.2091,2
2026-08-31,BIRRIGAN,752860,FLINDERS,24.237,54.5764,43.2119,0.1142,3
2026-08-31,BULBODNY,752864,FLINDERS,33.2065,60.5128,51.5038,0.1597,4
2026-08-31,GRAHWAY,752880,FLINDERS,47.8947,61.5687,52.7369,0.2053,5
2026-08-31,OOMA,752952,FORBES,64.9362,61.2379,56.0125,0.2669,5
2026-08-31,GURNANG,753033,GEORGIANA,50.835,62.2334,89.6567,-0.1868,5
2026-08-31,WHEOGA,753130,GIPPS,71.782,68.4446,63.557,0.2353,5
2026-08-31,WILLABAH,753215,GLOUCESTER,2.6246,2.4134,4.4537,-0.6047,0
2026-08-31,FLETCHER,753280,GOUGH,3.6636,12.7909,9.4557,-0.0589,1
2026-08-31,TALMALMO,753355,GOULBURN,46.6605,60.5451,72.1623,0.1444,5
2026-08-31,ENAWEENA,753443,GREGORY,25.3404,54.6116,37.6086,0.082,3
2026-08-31,GRAFTON,753520,GRESHAM,13.3292,41.5509,26.5766,-0.1976,2
2026-08-31,URANIA,753537,GRESHAM,4.3551,16.1962,13.5665,-0.053,1
2026-08-31,DARLING,753554,GUNDERBOOKA,45.6132,61.3001,58.1277,0.177,4
2026-08-31,PERA,753574,GUNDERBOOKA,44.2463,59.0808,57.7201,0.1923,4
2026-08-31,WARREGO,753586,GUNDERBOOKA,46.0769,66.4311,62.5201,0.1804,4
2026-08-31,BALDWIN,753641,HARDINGE,5.9313,13.0107,9.7001,-0.0898,2
2026-08-31,STONYBATTER,753677,HARDINGE,5.0202,13.0385,10.4126,-0.0913,2
2026-08-31,PARR,753805,HUNTER,9.473,24.0164,33.148,-0.3206,2
2026-08-31,DANGLEMAH,753837,INGLIS,8.5678,11.6312,11.2579,-0.1529,2
2026-08-31,PORIALLA,753889,IRRARA,64.1286,77.7052,80.4522,0.2459,5
2026-08-31,BONNY,754048,KILLARA,83.7377,89.7038,90.2897,0.0905,5
2026-08-31,JAMIESON,754064,KILLARA,75.1348,84.7214,85.3066,0.0842,5
2026-08-31,WALKER,754092,KILLARA,72.6327,83.6676,84.9709,0.0994,5
2026-08-31,ELONGERY,754206,LEICHHARDT,15.6012,20.9452,19.5042,0.0436,3
2026-08-31,BRAINERD,754350,LIVINGSTONE,80.6866,83.8702,87.3969,0.0575,5
2026-08-31,CULPAULIN,754358,LIVINGSTONE,81.3905,85.4118,87.0519,0.0434,5
2026-08-31,GORDON,754362,LIVINGSTONE,82.5728,84.227,85.7048,0.0976,5
2026-08-31,LEURA,754481,MANARA,76.626,84.0308,82.6913,0.123,5
2026-08-31,MURRUNGAL,754600,MONTEAGLE,51.3735,51.664,55.8523,0.1186,5
2026-08-31,KINNEAR,754789,MOURAMBA,57.0225,60.4643,57.1132,0.1952,5
2026-08-31,CAPEL,754821,MURCHISON,5.7354,13.3391,13.638,-0.0867,2
2026-08-31,MCKINNON,754849,MURCHISON,2.994,10.3624,10.4496,-0.0931,1
2026-08-31,WEENYA,755198,NICHOLSON,39.6245,39.6243,39.0159,0.154,4
2026-08-31,COOKANDOON,755282,OXLEY,25.2153,57.3639,38.0305,0.0926,3
2026-08-31,MULLA MULLA,755298,OXLEY,25.6211,57.9879,42.1522,0.115,3
2026-08-31,PRUNELLA,755398,PERRY,84.0512,87.3421,85.7704,0.0889,5
2026-08-31,LEE,755438,PHILLIP,5.2593,16.0842,17.5564,-0.0911,2
2026-08-31,BUDDA,755570,RANKIN,64.5119,79.0524,81.0153,0.1121,5
2026-08-31,WORAM,755634,RICHMOND,27.611,73.2614,65.1667,-0.0581,2
2026-08-31,BUDAWANG,755918,ST VINCENT,17.8942,40.1661,46.0494,-0.5078,2
2026-08-31,KURAWILLIA,756230,TONGOWOKO,96.1922,99.8007,98.7468,0.1236,5
2026-08-31,WINTER,756346,TOWNSEND,53.1477,50.7231,44.2217,0.1261,4
2026-08-31,BOOROOBANILLY,756391,URANA,50.477,55.7169,50.6651,0.1662,5
2026-08-31,YATHONG,756460,URANA,50.4848,55.75,52.342,0.146,5
2026-08-31,DENNE,756472,VERNON,50.1993,57.1396,63.9928,-0.3095,5
2026-08-31,HINDMARSH,756544,WAKOOL,63.1936,58.2205,50.403,0.1361,5
2026-08-31,BULLOGAL,756616,WALJEERS,57.7107,57.4901,60.3754,0.1211,5
2026-08-31,KINGSWELL,756628,WALJEERS,50.8466,54.2527,57.1836,0.0981,5
2026-08-31,MINGAH,756772,WARADGERY,44.9761,41.9227,46.2901,0.0947,4
2026-08-31,QUANDONG,756784,WARADGERY,47.4656,43.83,45.0875,0.0708,4
2026-08-31,TULLY,756796,WARADGERY,45.4447,42.3997,44.899,0.1206,4
2026-08-31,WYOMING,756812,WARADGERY,45.5369,43.0692,44.9321,0.0812,4
2026-08-31,THOKO,756856,WELLESLEY,10.7628,10.5774,30.6473,-0.3826,2
2026-08-31,COX,757096,WHITE,13.9017,24.0408,19.0283,0.0285,2
2026-08-31,DENOBOLLIE,757100,WHITE,15.6408,25.1103,21.6673,0.0458,3
2026-08-31,BARRY,757134,WINDEYER,91.5318,92.4857,91.6651,0.0346,5
2026-08-31,CUTHERO,757142,WINDEYER,88.7679,87.4584,86.627,0.0867,5
2026-08-31,WANNEBA,757171,WINDEYER,90.2144,88.2461,87.1547,0.0462,5
2026-08-31,BAMBILLA,757180,WOORE,70.4745,78.9422,79.2356,0.1488,5
2026-08-31,KEAJURA,757236,WYNYARD,36.4566,35.5081,54.8289,0.1005,4
2026-08-31,ENMORE,757280,YANCOWINNA,85.1038,87.0047,81.2741,0.0595,5
2026-08-31,BIMBERA,757316,YANDA,41.0844,60.6916,56.0468,0.1716,4
2026-08-31,MORRISET,757449,YOUNG,84.8127,88.5296,89.1528,0.0487,5
2026-08-31,COX,750084,ARRAWATTA,6.118,11.654,9.5449,-0.03,2
2026-08-31,ST ANDREWS,750120,ARRAWATTA,3.1826,8.7892,7.74,-0.0817,1
2026-08-31,CANOMODINE,750144,ASHBURNHAM,51.6086,38.2331,44.887,0.1766,4
2026-08-31,BREDBENDOURA,750196,AUCKLAND,6.8399,7.4139,20.3753,-0.3574,2
2026-08-31,CULNOOY,750264,BARADINE,28.8664,44.7169,36.6669,0.0885,3
2026-08-31,BIROO,750424,BENARBA,18.8492,20.181,22.6784,0.0037,2
2026-08-31,TUBBUL,750625,BLAND,68.1722,65.4248,66.3162,0.1464,5
2026-08-31,BULGOO,750786,BOOROONDARRA,58.6426,62.9023,64.5859,0.1761,5
2026-08-31,WARREN,750866,BOURKE,50.01,53.3346,65.9952,0.122,5
2026-08-31,GLENGALLA,750886,BOYD,40.5678,40.5648,40.0514,0.1691,4
2026-08-31,UROLY,750906,BOYD,40.6497,40.0783,46.0113,0.1219,4
2026-08-31,TUMORRAMA,750999,BUCCLEUCH,44.0561,57.4024,72.6666,0.1212,5
2026-08-31,WILLOW TREE,751036,BUCKLAND,8.8856,19.7508,15.9802,-0.0952,2
2026-08-31,JUANBUNG,751192,CAIRA,81.55,79.4434,76.1592,0.1549,5
2026-08-31,WARRANBILLA,751349,CANBELEGO,23.0565,48.2339,34.532,0.0776,3
2026-08-31,CHAPMAN,751361,CLARENCE,10.5975,37.4868,32.4818,-0.0594,2
2026-08-31,WOOLI WOOLI,751393,CLARENCE,24.9432,39.4747,31.9318,-0.1188,2
2026-08-31,EURINGILLY,751452,CLARKE,12.2723,32.098,26.4364,-0.2572,2
2026-08-31,ANNAN,751544,CLYDE,23.0039,44.5912,34.2061,0.106,3
2026-08-31,WOMBOIN,751616,CLYDE,20.412,43.8908,33.6367,0.0729,3
2026-08-31,YAMBACUNA,751620,CLYDE,36.8552,54.1222,50.7061,0.1642,4
2026-08-31,GIBBS,751702,COOPER,29.3081,33.9128,32.5681,0.1124,3
2026-08-31,BUMBLE,751758,COURALLIE,19.1168,35.1149,32.2476,0.0208,2
2026-08-31,GURLEY,751770,COURALLIE,19.3846,28.6111,29.3262,0.0217,2
2026-08-31,PINK HILLS,751926,COWPER,32.7711,52.0412,44.2931,0.1731,4
2026-08-31,GILLENBINE,752089,CUNNINGHAM,42.7727,59.8725,49.8774,0.2136,4
2026-08-31,MURRAH,752153,DAMPIER,5.1337,7.7965,13.9986,-0.3287,2
2026-08-31,LOWRY,752190,DARLING,7.5981,12.3646,12.4008,-0.1117,2
2026-08-31,BURRAGONG,752406,DUDLEY,8.4078,20.6006,19.4452,-0.4844,2
2026-08-31,HOUGHTON,752467,DURHAM,1.5552,10.0117,8.0823,-0.5398,1
2026-08-31,GEWAH,752583,EWENMAR,21.0913,39.8719,28.5822,0.0876,3
2026-08-31,CALOOLA,752611,FARNELL,96.3021,92.7793,91.8585,0.0458,5
2026-08-31,MOONI,752728,FINCH,21.4041,23.9238,28.1445,0.035,2
2026-08-31,WINFELL,752917,FLINDERS,36.8475,57.2913,46.683,0.153,4
2026-08-31,URUGALAH,752997,FRANKLIN,43.7494,45.6526,45.7811,0.1401,4
2026-08-31,ALFRED,753139,GLOUCESTER,5.8182,16.1579,21.9756,-0.5374,2
2026-08-31,UNDERBANK,753208,GLOUCESTER,2.4242,9.8407,9.3114,-0.5224,1
2026-08-31,ELSMORE,753277,GOUGH,4.1466,6.8388,10.8702,-0.1134,1
2026-08-31,COLANE,753436,GREGORY,22.6824,49.4486,33.4909,0.0718,3
2026-08-31,TAMERIBUNDY,753492,GREGORY,20.7152,42.489,29.5892,0.0712,3
2026-08-31,BRANDIS,753546,GUNDERBOOKA,43.5784,59.6582,57.279,0.186,4
2026-08-31,LOODEN,753563,GUNDERBOOKA,41.5862,57.2977,54.0093,0.1752,4
2026-08-31,MYRA,753706,HAWES,14.9853,25.2973,26.0488,-0.511,2
2026-08-31,HINDMARSH,753742,HUME,67.7044,66.9912,70.4669,0.162,5
2026-08-31,THUGGA,753762,HUME,62.2822,63.3818,69.1367,0.1629,5
2026-08-31,BULGA,753770,HUNTER,3.0226,12.5844,12.2213,-0.1679,1
2026-08-31,TOMALPIN,753814,HUNTER,4.6848,18.137,17.7299,-0.1207,1
2026-08-31,PELICAN PONDS,753886,IRRARA,70.9745,84.9248,86.9722,0.2024,5
2026-08-31,BOORAH,753908,JAMISON,23.1861,37.1323,36.1508,0.0348,2
2026-08-31,TOUT,754021,KENNEDY,35.9652,56.9426,48.5659,0.1688,4
2026-08-31,JERRARA,754121,KING,27.7332,32.602,47.5653,0.0168,2
2026-08-31,YARRAMARRA,754175,LANDSBOROUGH,47.4566,64.7002,64.3344,0.1902,4
2026-08-31,WARRABAH,754267,LEICHHARDT,23.0005,45.4075,33.6095,0.0355,2
2026-08-31,BLENHEIM,754343,LIVINGSTONE,81.6676,85.5184,85.0931,0.0899,5
2026-08-31,BULGA,754402,MACQUARIE,28.2898,58.7885,63.143,-0.4222,2
2026-08-31,LINBEE,754482,MANARA,77.1729,84.8268,84.2889,0.1299,5
2026-08-31,COROBIMILLA,754546,MITCHELL,45.2257,43.9075,49.19,0.122,4
2026-08-31,GAIRDNERS CREEK,754625,MOOTWINGEE,86.6377,89.3415,87.0392,0.0615,5
2026-08-31,BINDA BINDA,754665,MOSSGIEL,61.9578,59.1664,64.6822,0.1662,5
2026-08-31,MARRIBUTA,754701,MOSSGIEL,71.2529,75.784,76.5089,0.1778,5
2026-08-31,WALLANGERY,754729,MOSSGIEL,67.5831,75.1032,74.9669,0.1904,5
2026-08-31,PANGEE,754798,MOURAMBA,60.2155,61.4804,64.4034,0.1701,5
2026-08-31,BANGHEET,754818,MURCHISON,10.1376,17.9443,19.0884,-0.0353,2
2026-08-31,GLASS,754838,MURCHISON,11.3995,19.8482,18.2419,-0.0161,2
2026-08-31,ORONMEAR,754903,MURRAY,6.0301,35.7321,40.6596,-0.3815,2
2026-08-31,GAYER,755031,NARRAN,43.3859,64.699,50.8695,0.1307,5
2026-08-31,CHIRNSIDE,755155,NICHOLSON,34.2151,39.4454,39.7305,0.1161,4
2026-08-31,EURELLA,755159,NICHOLSON,39.6389,42.3179,43.8548,0.1074,4
2026-08-31,TOLARNO,755403,PERRY,86.2327,88.3253,86.4506,0.0843,5
2026-08-31,DUBBLEDA,755495,POTTINGER,14.7266,31.5516,22.0047,-0.0052,2
2026-08-31,SALISBURY,755591,RANKIN,65.2891,74.0616,77.8015,0.0964,5
2026-08-31,HOSKINS,755659,ROBINSON,44.4366,63.9017,56.0345,0.146,4
2026-08-31,COONEY,755813,SANDON,7.035,16.2837,13.7781,-0.1882,2
2026-08-31,ELTON,755821,SANDON,4.9754,13.642,11.6074,-0.1306,1
2026-08-31,FRANKLIN,756159,TARA,93.0562,93.4763,92.4818,0.096,5
2026-08-31,CURRABENYA,756203,THOULCANNA,87.5203,94.5781,95.5751,0.1832,5
2026-08-31,YALPUNGA,756243,TONGOWOKO,98.3426,99.5943,99.3305,0.0359,5
2026-08-31,PUNGULGUI,756319,TOWNSEND,52.6671,57.4227,47.9326,0.1725,4
2026-08-31,WYARRA,756384,ULARARA,94.2137,98.6673,98.4737,0.1699,5
2026-08-31,COMBERMERE,756408,URANA,54.6709,56.8035,55.4851,0.1268,5
2026-08-31,GLEN MORRISON,756481,VERNON,12.3903,13.5655,10.1772,-0.3367,2
2026-08-31,KANGAROO FLAT,756485,VERNON,49.7487,66.4409,74.2439,-0.3003,5
2026-08-31,TRINIDAD,756501,VERNON,38.01,52.4657,61.1949,-0.3426,5
2026-08-31,CLAPTON,756685,WALLACE,67.281,78.1352,90.8535,-0.082,5
2026-08-31,MIDDLINGBANK,756709,WALLACE,69.1191,76.5793,84.892,-0.0426,5
2026-08-31,ELI ELWAH,756749,WARADGERY,49.8744,44.7779,43.4319,0.121,4
2026-08-31,CREEWAH,756829,WELLESLEY,10.4532,10.2056,26.0991,-0.3723,2
2026-08-31,BORAH,757085,WHITE,14.1174,23.2522,18.0009,0.0293,2
2026-08-31,CROWIE,757097,WHITE,22.9023,39.1113,31.5758,0.0544,3
2026-08-31,BUCKALOW,757139,WINDEYER,91.4364,88.4469,88.9158,0.0401,5
2026-08-31,ELLERSLIE,757143,WINDEYER,88.7408,88.2263,87.0248,0.0793,5
2026-08-31,WANNELLA,757172,WINDEYER,90.0233,88.2815,87.113,0.0821,5
2026-08-31,CATHKIN,757189,WOORE,71.6896,75.859,81.0529,0.1079,5
2026-08-31,KOORINYA,757197,WOORE,69.8988,76.7568,79.0316,0.1423,5
2026-08-31,GILMORE,757229,WYNYARD,21.4909,32.8887,51.3753,0.0766,3
2026-08-31,UMBERUMBERKA,757309,YANCOWINNA,84.6904,89.3342,82.8269,0.0591,5
2026-08-31,BONITA,757317,YANDA,47.9635,64.3832,63.0514,0.207,5
2026-08-31,BUCKWAROON,757321,YANDA,52.9649,66.3505,63.5876,0.2049,5
2026-08-31,LENAKKA,757342,YANDA,47.328,64.217,61.5085,0.186,5
2026-08-31,COALLIE,757382,YANTARA,94.8958,99.5385,98.6578,0.0957,5
2026-08-31,HERBERT,757386,YANTARA,95.7188,100,98.7635,0.1559,5
2026-08-31,WOORUNGIL,757467,YOUNG,84.1643,88.0637,87.1455,0.0764,5
2026-08-31,MALLAMBRAY,757489,YUNGNULGRA,85.8343,88.8824,90.258,0.043,5
2026-08-31,CUCUMBER,750085,ARRAWATTA,5.7586,10.0624,11.7115,-0.057,2
2026-08-31,HOLMES,750101,ARRAWATTA,4.9194,9.9489,8.7038,-0.0358,1
2026-08-31,RUSSELL,750117,ARRAWATTA,5.3709,10.1249,11.2998,-0.0674,2
2026-08-31,CARGO,750145,ASHBURNHAM,51.7153,38.2053,49.2457,0.1628,4
2026-08-31,DENEVOLI,750269,BARADINE,30.0202,49.1716,37.5176,0.0815,4
2026-08-31,MALLOWA,750477,BENARBA,18.3686,23.0925,27.6029,0.0135,2
2026-08-31,ABERCROMBIE,750521,BERESFORD,10.5109,33.6666,46.9518,-0.2777,2
2026-08-31,BARMEDMAN,750573,BLAND,75.2989,64.2467,70.7824,0.1992,5
2026-08-31,KINILIBAH,750847,BOURKE,52.501,55.6432,64.9413,0.1546,5
2026-08-31,WADDADURI,750907,BOYD,32.5335,38.1138,36.6888,0.1428,4
2026-08-31,WYBONG,750968,BRISBANE,4.0796,17.7574,15.9782,-0.1078,1
2026-08-31,LODER,751020,BUCKLAND,12.0678,18.6394,9.2911,-0.1579,2
2026-08-31,PARSONS HILL,751024,BUCKLAND,3.1153,13.5762,9.134,-0.0654,1
2026-08-31,BOONOO BOONOO,751045,BULLER,7.0886,19.1274,8.9659,-0.0866,2
2026-08-31,BLUE NOBBY,751089,BURNETT,7.1001,12.3762,11.8343,-0.0191,2
2026-08-31,MONSOON,751117,BURNETT,12.961,19.2678,19.7607,0.0007,2
2026-08-31,KIMO,751415,CLARENDON,29.6359,29.1106,48.9878,0.0937,3
2026-08-31,AVONDALE,751435,CLARKE,9.4503,28.4812,20.6222,-0.2552,2
2026-08-31,CAPOOMPETA,751502,CLIVE,5.2138,16.9415,10.5868,-0.0922,2
2026-08-31,MORVEN,751531,CLIVE,5.6766,18.4419,10.9831,-0.092,2
2026-08-31,BELARS,751842,COWPER,25.3322,50.8564,38.2567,0.1207,3
2026-08-31,DIJOE,751862,COWPER,34.4306,56.7996,48.6498,0.1589,4
2026-08-31,OXLEY,751923,COWPER,38.5158,55.8082,52.6744,0.1783,4
2026-08-31,PUTHAWARRIE,751927,COWPER,35.8325,56.255,49.1503,0.1719,4
2026-08-31,BUNTAWARRARA,751973,CULGOA,49.8257,66.9976,61.7308,0.1853,5
2026-08-31,MURDA,752110,CUNNINGHAM,23.6253,37.4693,35.7231,0.0913,3
2026-08-31,BARRABA,752170,DARLING,8.5357,14.4992,16.4404,-0.1027,2
2026-08-31,LANGUNYA,752288,DENISON,53.569,52.981,44.1475,0.1608,4
2026-08-31,VALENCIA,752352,DOWLING,29.6518,29.4402,28.9086,0.1224,3
2026-08-31,COMARA,752411,DUDLEY,5.6029,30.312,28.0652,-0.3404,2
2026-08-31,LOFTUS,752420,DUDLEY,6.7461,37.4606,34.7445,-0.3701,2
2026-08-31,PANTON,752424,DUDLEY,7.4105,28.8706,22.2389,-0.4644,2
2026-08-31,WARNE,752432,DUDLEY,5.5111,22.3923,18.5583,-0.3979,2
2026-08-31,WOLSELEY,752436,DUDLEY,5.8221,30.5045,28.2152,-0.3506,2
2026-08-31,CARROW,752452,DURHAM,1.6013,11.4406,6.3331,-0.5313,1
2026-08-31,ARNHEIM,752504,EVELYN,96.3087,99.6282,98.3626,0.0893,5
2026-08-31,HEALY,752584,EWENMAR,21.7229,43.8791,31.4271,0.0772,3
2026-08-31,NARROWEEMA,752592,EWENMAR,22.8322,41.5908,31.8446,0.085,3
2026-08-31,CARILLA,752773,FITZGERALD,86.2442,95.5139,94.0828,0.1461,5
2026-08-31,MURPA,752787,FITZGERALD,85.055,95.0369,93.6313,0.1381,5
2026-08-31,BUMBALDRY,752866,FLINDERS,34.7404,60.7442,52.7481,0.1643,4
2026-08-31,HERMITAGE,752882,FLINDERS,34.6802,57.1336,51.5232,0.1674,4
2026-08-31,KEENAN,752886,FLINDERS,23.8013,54.2728,42.4979,0.1185,3
2026-08-31,MOGILLE PLAIN,752894,FLINDERS,37.0621,58.861,48.3396,0.1707,4
2026-08-31,MOOLBONG,752986,FRANKLIN,46.5064,49.9528,51.793,0.1216,4
2026-08-31,GARRYNIAN,753027,GEORGIANA,56.6597,64.1604,88.7872,-0.1239,5
2026-08-31,CARAWANDOOL,753080,GIPPS,65.9409,66.0034,59.3984,0.2963,5
2026-08-31,YARNEL,753136,GIPPS,32.5957,36.7251,40.005,0.1452,4
2026-08-31,COOKARDINIA,753333,GOULBURN,57.7872,57.9986,64.6192,0.1458,5
2026-08-31,NARRABONE,753477,GREGORY,20.9187,46.1403,35.0582,0.0118,2
2026-08-31,DALMORTON,753518,GRESHAM,4.7104,19.1237,13.5796,-0.0569,1
2026-08-31,FRANKLIN,753556,GUNDERBOOKA,44.065,61.6014,59.1,0.1791,4
2026-08-31,CAMPBELL,753687,HAWES,9.6146,17.8555,12.5345,-0.5239,2
2026-08-31,GIRO,753695,HAWES,9.9732,16.9671,21.8731,-0.517,2
2026-08-31,BILLABONG FOREST,753723,HUME,55.5705,56.2423,52.0198,0.1119,5
2026-08-31,GRASSMERE,753867,IRRARA,70.4745,84.2054,86.2554,0.2057,5
2026-08-31,KILFERA,753871,IRRARA,67.7875,81.8371,84.8455,0.2419,5
2026-08-31,DERRIBONG,753985,KENNEDY,41.8091,65.8739,54.2323,0.1601,4
2026-08-31,BATTHING,754046,KILLARA,80.7133,89.5877,88.9952,0.1086,5
2026-08-31,GRAHAM,754062,KILLARA,82.6746,89.2363,89.1639,0.0825,5
2026-08-31,DIXON,754113,KING,44.6151,50.835,67.9794,0.0288,5
2026-08-31,DROMORE,754360,LIVINGSTONE,76.4808,79.5454,83.0093,0.1101,5
2026-08-31,KOKOMERICAN,754427,MACQUARIE,25.5054,47.8759,51.4117,-0.4385,2
2026-08-31,PUTTA,754527,MENINDEE,89.8358,87.8947,84.1034,0.0481,5
2026-08-31,MORDEN,754636,MOOTWINGEE,89.1552,93.2155,94.4275,0.0665,5
2026-08-31,TIRLTA,754649,MOOTWINGEE,92.0453,93.2891,91.9306,0.0657,5
2026-08-31,BOLARO,754666,MOSSGIEL,60.9803,60.2026,64.3462,0.1702,5
2026-08-31,MANFRED,754698,MOSSGIEL,58.6979,72.3686,71.0205,0.183,5
2026-08-31,NINTIE,754710,MOSSGIEL,57.887,56.5824,60.5448,0.1614,5
2026-08-31,DRUMMOND,754831,MURCHISON,4.8789,11.3731,13.147,-0.0893,1
2026-08-31,MOLROY,754851,MURCHISON,10.206,17.2177,18.8654,-0.0611,2
2026-08-31,JUMBUCK,755040,NARRAN,41.0944,56.4205,50.8183,0.1443,4
2026-08-31,BUDDAH,755092,NARROMINE,30.5976,48.3045,36.5355,0.1072,4
2026-08-31,LOCKYER,755236,NORTHUMBERLAND,14.5921,22.2558,30.5251,-0.4103,2
2026-08-31,CAJILDRY,755280,OXLEY,28.768,61.4876,42.5464,0.1302,3
2026-08-31,ASTOLAT,755352,PERRY,83.1416,85.8043,85.5539,0.0974,5
2026-08-31,MUNGO,755384,PERRY,81.5246,83.4997,80.2561,0.1102,5
2026-08-31,LOUEE,755440,PHILLIP,8.5399,20.65,16.6986,-0.0454,2
2026-08-31,MOKELY,755460,POOLE,99.0508,100,99.654,0.0304,5
2026-08-31,COOLANBILLA,755488,POTTINGER,7.7268,18.6679,12.9461,-0.0198,2
2026-08-31,BOOBOROWIE,755568,RANKIN,62.415,76.1811,78.8024,0.1096,5
2026-08-31,MORUNDUREY,755786,ROXBURGH,10.3918,31.0138,23.8416,-0.0866,2
2026-08-31,GLENROY,755864,SELWYN,53.9207,63.308,76.0843,0.1346,5
2026-08-31,TOMBOYE,755964,ST VINCENT,26.5708,51.0616,57.0158,-0.4512,2
2026-08-31,KOOBA,756052,STURT,20.5779,30.5825,28.1164,0.072,3
2026-08-31,TITABAIRA,756140,TANDORA,81.4127,85.5159,84.9205,0.0826,5
2026-08-31,HERMITAGE,756228,TONGOWOKO,98.1829,100,99.6647,0.0385,5
2026-08-31,TONGOWOKO,756236,TONGOWOKO,97.3604,97.409,95.9013,0.0891,5
2026-08-31,MOULTRASSIE,756300,TOWNSEND,42.0263,41.8773,39.9952,0.1612,4
2026-08-31,TOWOOL,756332,TOWNSEND,56.9044,62.9688,51.3347,0.1604,5
2026-08-31,WILLEROO,756344,TOWNSEND,49.7598,58.0637,49.1474,0.1708,4
2026-08-31,NEON,756369,ULARARA,88.1869,95.9378,95.4239,0.1525,5
2026-08-31,MOORABACK,756490,VERNON,29.8628,52.3612,51.8243,-0.3477,4
2026-08-31,BALDON,756506,WAKOOL,73.5565,71.9526,64.0603,0.1405,5
2026-08-31,TINNA,756654,WALJEERS,53.9865,58.5004,61.2555,0.1314,5
2026-08-31,BLAKEFIELD,756674,WALLACE,33.9183,34.9412,66.8689,-0.167,5
2026-08-31,CHAMBERS,756742,WARADGERY,57.8489,48.1811,41.9314,0.1128,4
2026-08-31,MELROSE,756770,WARADGERY,54.7727,45.3689,40.8647,0.1017,4
2026-08-31,YIMBARING,756814,WARADGERY,64.8364,59.0171,57.0118,0.0887,5
2026-08-31,TANGAROO,756854,WELLESLEY,23.4722,14.2937,57.9808,-0.1862,2
2026-08-31,TRIAMBLE,756911,WELLINGTON,13.5713,19.1793,14.9941,0.0284,2
2026-08-31,URNTAH,757169,WINDEYER,89.7543,85.8118,85.903,0.0876,5
2026-08-31,BULLA,757186,WOORE,66.1068,72.709,75.546,0.123,5
2026-08-31,MUNDARLO,757242,WYNYARD,29.3602,29.6942,48.1341,0.0867,3
2026-08-31,BRAY,757270,YANCOWINNA,84.2216,88.7009,81.5163,0.0594,5
2026-08-31,MOORKAIE,757290,YANCOWINNA,81.3469,85.1782,81.0586,0.0551,5
2026-08-31,SEBASTOPOL,757302,YANCOWINNA,80.7065,83.2437,78.0354,0.0543,5
2026-08-31,STRATFORD,757306,YANCOWINNA,81.5222,82.2434,80.5244,0.0535,5
2026-08-31,MITCHELL,757347,YANDA,43.095,61.5465,58.4887,0.1832,4
2026-08-31,PENILUI,757355,YANDA,44.4786,62.9602,60.0057,0.1874,4
2026-08-31,TARRAWONDA,757399,YANTARA,96.8058,99.7109,98.8518,0.0836,5
2026-08-31,YANCANNIA,757511,YUNGNULGRA,90.7661,94.5478,96.9636,0.0806,5
2026-08-31,DIGHT,750086,ARRAWATTA,7.6704,13.0373,11.5778,-0.0195,2
2026-08-31,LORNE,750106,ARRAWATTA,3.5515,9.5545,9.397,-0.0789,1
2026-08-31,CUMBIL,750266,BARADINE,15.7945,27.1808,21.7211,0.0608,3
2026-08-31,MACKENZIE,750286,BARADINE,16.6898,29.6718,21.8111,0.0695,3
2026-08-31,MILLER,750294,BARADINE,19.1971,34.3886,23.7554,0.0839,3
2026-08-31,NAPIER,750398,BATHURST,59.8639,53.6652,74.2122,0.0415,5
2026-08-31,GUNATHERA,750470,BENARBA,20.0727,24.3081,28.5951,0.0267,2
2026-08-31,URANBAH,750506,BENARBA,18.9767,25.8308,29.8737,0.0188,2
2026-08-31,GUNGOANDRA,750542,BERESFORD,18.5204,55.2736,54.0701,-0.1747,2
2026-08-31,BINGUNYAH,750784,BOOROONDARRA,62.6742,69.6271,72.5538,0.133,5
2026-08-31,JUMBAH,750796,BOOROONDARRA,53.1841,63.2698,64.7862,0.1508,5
2026-08-31,WADDI,750908,BOYD,28.2132,33.2951,34.13,0.1235,3
2026-08-31,ROCKY HOLE,751126,BURNETT,10.4472,15.6116,16.2798,0.003,2
2026-08-31,LETTE,751198,CAIRA,89.3589,84.2595,77.3693,0.2082,5
2026-08-31,KELLEY,751323,CANBELEGO,28.696,49.0654,41.3042,0.1164,3
2026-08-31,YARRAN,751355,CANBELEGO,28.6572,50.6125,41.5743,0.1168,3
2026-08-31,TENNINGERIE,751732,COOPER,29.8726,35.1107,35.2725,0.1104,3
2026-08-31,BURRANBAH,751760,COURALLIE,18.6553,33.4722,29.2528,0.025,2
2026-08-31,GONGOLGON,751876,COWPER,25.8747,47.8947,38.2029,0.1331,3
2026-08-31,MEDWAY,751904,COWPER,25.359,50.4797,40.9272,0.1273,3
2026-08-31,ZOUCH,751961,COWPER,38.732,56.0482,54.4361,0.1826,4
2026-08-31,ECKERSLEY,752027,CUMBERLAND,28.0347,47.2821,51.3549,-0.3476,2
2026-08-31,NAROOMA,752155,DAMPIER,3.9502,7.561,13.1656,-0.3278,1
2026-08-31,KORRI,752220,DELALAH,96.7722,97.5929,98.6894,0.1374,5
2026-08-31,HEADFORD,752285,DENISON,51.9517,51.2279,44.1775,0.1415,4
2026-08-31,OSBORNE,752293,DENISON,52.8573,57.0358,51.1556,0.133,5
2026-08-31,MACLEAY,752421,DUDLEY,5.9365,26.4888,16.1013,-0.436,2
2026-08-31,PARRABEL,752425,DUDLEY,7.5787,22.1185,20.5089,-0.4877,2
2026-08-31,UTAH,752537,EVELYN,95.5816,99.0232,98.407,0.0972,5
2026-08-31,HUNGERFORD,752710,FINCH,27.7217,45.9935,36.9774,0.0505,3
2026-08-31,HOGARTH,752780,FITZGERALD,87.0355,93.4035,94.1243,0.1357,5
2026-08-31,QUIN,752793,FITZGERALD,87.3083,91.6688,93.1645,0.0912,5
2026-08-31,REGAN,752907,FLINDERS,30.2559,55.9493,49.8072,0.1523,4
2026-08-31,WARRAGOODINIA,752999,FRANKLIN,42.7546,44.1066,43.0906,0.1358,4
2026-08-31,BOLONG,753015,GEORGIANA,28.5279,39.5104,56.5363,-0.1671,2
2026-08-31,WERONG,753061,GEORGIANA,27.4934,43.2054,65.4214,-0.2847,2
2026-08-31,YALBRAITH,753065,GEORGIANA,24.2562,43.6342,65.8794,-0.272,2
2026-08-31,LAKE,753097,GIPPS,59.542,61.4758,54.6672,0.2596,5
2026-08-31,YOUNGA PLAIN,753137,GIPPS,64.2177,57.6083,56.1768,0.2477,5
2026-08-31,WAWGAN,753214,GLOUCESTER,10.6099,24.0123,27.8412,-0.5308,2
2026-08-31,BOYD,753267,GOUGH,5.3363,15.2918,11.7091,-0.1001,2
2026-08-31,NAMAN,753390,GOWEN,15.5739,20.2591,17.7294,0.0347,2
2026-08-31,GRADGERY,753458,GREGORY,20.527,46.5629,33.8966,0.0535,3
2026-08-31,NORTHCOTE,753482,GREGORY,20.85,47.5783,32.4456,0.0504,3
2026-08-31,WARRAWEENA,753585,GUNDERBOOKA,40.9594,56.4777,53.3076,0.1747,4
2026-08-31,ST GEORGE,753676,HARDINGE,3.1619,10.9033,6.4755,-0.083,1
2026-08-31,OSBORNE,753752,HUME,63.5955,63.1808,65.6655,0.1295,5
2026-08-31,SHERWYN,753760,HUME,65.304,65.554,71.147,0.1513,5
2026-08-31,STURT,753812,HUNTER,4.9579,19.3498,19.3684,-0.1569,1
2026-08-31,DEVON,754055,KILLARA,77.104,86.345,87.2745,0.0826,5
2026-08-31,TALOWLA,754169,LANDSBOROUGH,49.7138,66.9624,65.9485,0.2017,5
2026-08-31,WYABERY,754277,LEICHHARDT,26.543,44.0424,38.3204,0.0944,3
2026-08-31,MARSH,754436,MACQUARIE,16.4838,41.4396,47.8176,-0.526,2
2026-08-31,RANTYGA,754528,MENINDEE,87.3831,86.2017,81.8231,0.0315,5
2026-08-31,YARABEE,754572,MITCHELL,45.2708,42.162,51.4768,0.106,4
2026-08-31,ILLUNIE,754593,MONTEAGLE,60.6813,53.6118,62.8364,0.1552,5
2026-08-31,GOONABURRA,754683,MOSSGIEL,66.6308,68.0033,72.594,0.1562,5
2026-08-31,BARTON,754752,MOURAMBA,55.4505,63.2738,58.8918,0.185,5
2026-08-31,DRYDEN,754768,MOURAMBA,54.9087,59.2536,54.7528,0.2021,5
2026-08-31,FULTON,754776,MOURAMBA,59.8929,62.5464,64.6023,0.172,5
2026-08-31,MOURAMBA,754796,MOURAMBA,51.5223,61.6347,50.7749,0.2251,5
2026-08-31,COBRAN,755017,NARRAN,48.0676,69.0208,53.6402,0.1461,5
2026-08-31,TOWTOWRA,755073,NARRAN,46.4758,65.9747,50.5876,0.1352,5
2026-08-31,BOOTHERAGANDRA,755145,NICHOLSON,34.8792,34.7056,34.4448,0.1489,4
2026-08-31,CANINGANIMA,755153,NICHOLSON,37.0556,42.6709,40.5435,0.123,4
2026-08-31,WARRABALONG,755197,NICHOLSON,29.7456,36.1923,33.8452,0.1087,3
2026-08-31,PINAROO,755465,POOLE,99.5827,99.9026,99.3437,0.0068,5
2026-08-31,DINGLE,755541,RALEIGH,5.9524,36.7793,27.8411,-0.2636,2
2026-08-31,MULLIMUT,755670,ROBINSON,55.0723,67.9422,64.2978,0.1672,5
2026-08-31,YANDA,755682,ROBINSON,48.8672,64.6016,57.3406,0.1524,5
2026-08-31,ARDING,755807,SANDON,5.9651,13.9011,11.5854,-0.1542,2
2026-08-31,BENDOURA,755905,ST VINCENT,9.3054,41.3752,43.4288,-0.3861,2
2026-08-31,WHALAN,756029,STAPYLTON,11.9299,20.5727,19.0348,0.0067,2
2026-08-31,QUAMBATOOK,756065,STURT,27.9198,36.7491,30.683,0.1146,3
2026-08-31,BELLAR,756117,TANDORA,81.0218,84.3039,82.8128,0.0637,5
2026-08-31,WILLERA,756220,THOULCANNA,87.1155,95.4098,95.3393,0.1544,5
2026-08-31,CARSE,756265,TOWNSEND,40.486,41.5544,40.827,0.1685,4
2026-08-31,WARBRECCAN,756337,TOWNSEND,59.3483,63.4141,53.3006,0.1676,5
2026-08-31,BOOTRA,756357,ULARARA,91.5602,97.4523,98.0126,0.1722,5
2026-08-31,MAIRJIMMY,756430,URANA,50.9767,55.9748,51.8913,0.1521,5
2026-08-31,BALPOOL,756507,WAKOOL,67.116,65.3996,51.5321,0.1435,5
2026-08-31,KIRRABIRRI,756547,WAKOOL,60.5837,55.5614,47.2453,0.1329,4
2026-08-31,BULGARBUGERYGAM,756615,WALJEERS,70.0819,77.4608,76.1791,0.1648,5
2026-08-31,HOWATSON,756627,WALJEERS,52.4154,55.5745,59.2261,0.1303,5
2026-08-31,OXLEY,756647,WALJEERS,69.1061,75.6944,75.3381,0.1611,5
2026-08-31,THELLANGERING WEST,756791,WARADGERY,59.5536,49.8521,50.0088,0.0728,4
2026-08-31,WOORE,757030,WERUNDA,72.4112,76.0446,81.0905,0.1006,5
2026-08-31,MURRUIN,757066,WESTMORELAND,31.6329,46.637,70.5926,-0.3471,5
2026-08-31,COGHILL,757091,WHITE,24.6546,39.0129,29.7367,0.0634,3
2026-08-31,MOOLEY,757153,WINDEYER,88.7755,88.6031,87.604,0.0878,5
2026-08-31,TILTAGARA,757207,WOORE,66.1675,72.5684,75.1335,0.1335,5
2026-08-31,EUADERA,757227,WYNYARD,22.8361,23.3866,46.6989,0.0779,3
2026-08-31,HUMULA,757235,WYNYARD,40.1046,39.2364,57.7052,0.1104,4
2026-08-31,BUTRA,757380,YANTARA,94.2115,99.0562,98.5011,0.1537,5
2026-08-31,COCKULBY,757384,YANTARA,93.0386,98.6387,98.3011,0.0936,5
2026-08-31,GARLAND,757436,YOUNG,83.465,86.6132,89.2763,0.0323,5
2026-08-31,YEILTARA,757512,YUNGNULGRA,88.497,93.0769,94.5908,0.0625,5
2026-08-31,ARTHURS SEAT,750063,ARRAWATTA,4.329,7.9988,10.8763,-0.0973,1
2026-08-31,SEVERN,750119,ARRAWATTA,4.4124,8.253,7.6447,-0.0501,1
2026-08-31,MCFARLANE,750287,BARADINE,27.241,51.6812,41.4716,0.0791,3
2026-08-31,MERRITOMBEA,750291,BARADINE,26.6235,52.536,38.8874,0.0854,3
2026-08-31,YANDAROO,750351,BARRONA,47.0506,68.0013,67.0294,0.1815,4
2026-08-31,CLARENDON,750371,BATHURST,51.4185,43.2266,60.118,0.1097,4
2026-08-31,BUCKNEL,750435,BENARBA,21.4421,22.13,25.0886,0.0096,2
2026-08-31,CURRYGUNDI,750455,BENARBA,16.2816,19.6351,22.3422,-0.0066,2
2026-08-31,PALMERSTON,750555,BERESFORD,12.9584,23.8084,42.9986,-0.3723,2
2026-08-31,TEMORA,750620,BLAND,70.3828,57.1936,68.3945,0.1582,5
2026-08-31,BLUFF,750785,BOOROONDARRA,51.9818,63.0662,64.1089,0.1703,5
2026-08-31,URI,750905,BOYD,27.9758,34.3527,33.5498,0.1288,3
2026-08-31,CRANBOURNE,750921,BRISBANE,6.717,16.1491,13.6973,-0.0808,2
2026-08-31,ADJUNGBILLY,750970,BUCCLEUCH,42.0726,43.0194,61.9697,0.1195,4
2026-08-31,ACACIA,751039,BULLER,17.4638,26.1532,23.9352,-0.1477,2
2026-08-31,RUSSELL,751127,BURNETT,7.8209,12.6845,13.6517,-0.0104,2
2026-08-31,STEPHENSON,751131,BURNETT,8.7219,14.1066,14.6728,-0.0036,2
2026-08-31,JIPPAY,751191,CAIRA,84.6937,83.5407,79.9164,0.1696,5
2026-08-31,KIEETA,751195,CAIRA,91.3944,83.8777,75.6368,0.2215,5
2026-08-31,MORRIS,751207,CAIRA,88.5419,84.0119,74.6641,0.2108,5
2026-08-31,ANTARES,751304,CANBELEGO,22.7515,45.177,35.3689,0.0763,3
2026-08-31,QUANDONG,751340,CANBELEGO,33.8944,55.185,45.7795,0.1292,4
2026-08-31,COALDALE,751364,CLARENCE,11.7292,39.7657,33.8549,-0.0089,2
2026-08-31,MAROR,751417,CLARENDON,47.6299,52.3934,61.8953,0.1574,5
2026-08-31,TARBAN,751539,CLIVE,3.1632,10.1008,6.3773,-0.0546,1
2026-08-31,CURRINDULE,751979,CULGOA,49.5467,67.75,63.0868,0.1891,5
2026-08-31,ALFRED,752168,DARLING,6.9125,12.2307,11.7129,-0.1041,2
2026-08-31,VERNON,752430,DUDLEY,20.1583,54.0205,59.8088,-0.3636,2
2026-08-31,UNDERBANK,752498,DURHAM,1.7868,7.3868,6.7962,-0.487,1
2026-08-31,COOPAYANDRA,752510,EVELYN,96.2103,98.8049,98.1341,0.0739,5
2026-08-31,PINGBILLY,752530,EVELYN,97.2079,99.3184,98.4088,0.072,5
2026-08-31,BURROWAY,752566,EWENMAR,26.6463,41.6667,31.5317,0.1018,3
2026-08-31,TALGONG,752908,FLINDERS,38.9564,60.2621,48.6854,0.1785,4
2026-08-31,NARRALIN,752988,FRANKLIN,43.4232,41.4832,40.1028,0.157,4
2026-08-31,JERRONG,753037,GEORGIANA,28.9622,43.282,63.6046,-0.2337,2
2026-08-31,CUMBOROONA,753335,GOULBURN,63.6272,68.1713,73.6569,0.2365,5
2026-08-31,WILLIE,753499,GREGORY,19.6032,43.1119,30.2147,0.0436,3
2026-08-31,MYALL,753705,HAWES,16.6774,23.4584,21.5771,-0.4801,2
2026-08-31,STITT,753761,HUME,64.0902,66.3147,70.6039,0.154,5
2026-08-31,WILSON,753765,HUME,57.3213,56.0199,57.7618,0.1077,5
2026-08-31,CAROORA,753773,HUNTER,5.4117,18.4714,19.0076,-0.1012,2
2026-08-31,COORONGOOBA,753777,HUNTER,8.0219,27.3902,19.2012,-0.1312,2
2026-08-31,BUBBOGULLION,753833,INGLIS,9.1645,15.3181,14.2235,-0.0959,2
2026-08-31,BURREN EAST,753915,JAMISON,29.8547,46.7182,41.9081,0.0608,3
2026-08-31,HAWARDEN,753995,KENNEDY,35.5567,63.3425,50.6411,0.1624,4
2026-08-31,BIDURA,754028,KILFERA,83.1735,83.7725,82.0213,0.1027,5
2026-08-31,CALPACAIRA,754052,KILLARA,80.3636,91.2984,89.9058,0.1339,5
2026-08-31,TILPA,754088,KILLARA,60.3686,76.3478,78.2019,0.1684,5
2026-08-31,COOLPOOKA,754154,LANDSBOROUGH,59.8862,77.9181,77.5082,0.1976,5
2026-08-31,WIDGERA,754393,LIVINGSTONE,80.0295,82.1629,86.3346,0.0914,5
2026-08-31,MACKAY,754433,MACQUARIE,10.7857,18.6654,25.4449,-0.5745,2
2026-08-31,WILLINGERIE,754741,MOSSGIEL,62.9863,64.7782,69.0251,0.1752,5
2026-08-31,KANGERONG,754785,MOURAMBA,59.1781,63.2571,64.6855,0.1751,5
2026-08-31,FURBER,754837,MURCHISON,5.2609,12.1766,14.1074,-0.0951,2
2026-08-31,BULLONGONG,754870,MURRAY,30.6743,51.5926,57.3585,-0.166,4
2026-08-31,GANNAWARRA,755030,NARRAN,43.0624,59.614,52.928,0.1462,5
2026-08-31,HUNTAWONG,755170,NICHOLSON,39.8991,39.3329,38.6318,0.1445,4
2026-08-31,GANALGANG,755290,OXLEY,30.3309,48.7247,39.8545,0.1003,4
2026-08-31,STEWART,755466,POOLE,99.3656,100,99.8902,0.0162,5
2026-08-31,HOLMES,756002,STAPYLTON,12.9661,20.8871,21.4514,0.0324,2
2026-08-31,TABBITA,756066,STURT,24.0494,30.6099,28.3244,0.0872,3
2026-08-31,GARNET,756086,TAILA,88.0409,79.5508,76.7836,0.1483,5
2026-08-31,MULGA GAARI,756130,TANDORA,82.4653,85.2749,85.802,0.0711,5
2026-08-31,OLIVE,756234,TONGOWOKO,98.9741,99.6679,99.4372,0.0217,5
2026-08-31,COOLAMBIL,756270,TOWNSEND,45.8105,54.1694,44.741,0.1422,4
2026-08-31,CLIVE,756403,URANA,62.1666,64.826,69.7484,0.1084,5
2026-08-31,FAED,756415,URANA,57.1915,55.2494,61.2544,0.1092,5
2026-08-31,PIMPARA,756648,WALJEERS,57.628,48.0027,47.448,0.0676,4
2026-08-31,ADAMINIBY,756668,WALLACE,63.691,73.5282,79.8826,-0.0493,5
2026-08-31,ABERCROMBIE,756732,WARADGERY,53.1634,44.5013,39.6166,0.0943,4
2026-08-31,WINGEN,756808,WARADGERY,62.0161,49.7405,47.2018,0.1028,4
2026-08-31,MERRIANGAAH,756844,WELLESLEY,11.9017,10.1403,22.5567,-0.2315,2
2026-08-31,GREENOUGH,757011,WERUNDA,67.5423,76.3347,80.6275,0.0891,5
2026-08-31,BARING,757039,WESTMORELAND,61.4596,62.974,75.8551,0.0066,5
2026-08-31,MANUM,757113,WHITE,15.3306,23.5828,19.3388,0.0322,2
2026-08-31,YALTOLKA,757176,WINDEYER,88.2555,88.403,87.4143,0.0892,5
2026-08-31,BLANCH,757216,WYNYARD,28.7476,32.2164,50.9664,0.0947,3
2026-08-31,TATIARA,757361,YANDA,47.2561,64.5012,63.3749,0.2038,4
2026-08-31,OMURA,757393,YANTARA,96.0176,99.8085,98.7663,0.1454,5
2026-08-31,DALGLISH,757429,YOUNG,82.9452,86.7365,88.4247,0.055,5
2026-08-31,YUNGNULGRA,757470,YOUNG,85.4109,88.728,89.9348,0.0419,5
2026-08-31,ROSE,750116,ARRAWATTA,4.1071,8.6744,7.4848,-0.0478,1
2026-08-31,TERARRA,750180,ASHBURNHAM,55.993,42.1082,48.9018,0.242,4
2026-08-31,COOMORE SOUTH,750260,BARADINE,15.6259,26.7902,21.6968,0.0531,3
2026-08-31,DANGAR,750268,BARADINE,31.468,48.1589,39.9929,0.0753,4
2026-08-31,GORA,750280,BARADINE,13.9036,21.0209,18.5687,0.0476,3
2026-08-31,PARSONS,750300,BARADINE,12.7501,22.5865,17.6844,0.0495,3
2026-08-31,YARRAMAN,750320,BARADINE,26.7329,40.4814,32.4525,0.084,3
2026-08-31,COLLYU,750444,BENARBA,17.4904,19.73,21.3709,-0.0103,2
2026-08-31,MARBUNGA,750608,BLAND,76.1032,65.0801,70.6937,0.203,5
2026-08-31,BACK WALLANDRA,750641,BLAXLAND,48.0974,45.0739,44.1477,0.1546,4
2026-08-31,MULBERRYGONG,750894,BOYD,38.346,38.833,39.8823,0.1484,4
2026-08-31,ABERCROMBIE,751084,BURNETT,8.3503,14.5221,14.5096,-0.0191,2
2026-08-31,MUCKEE,751208,CAIRA,91.2943,85.0451,80.1089,0.2217,5
2026-08-31,ETON,751313,CANBELEGO,28.7887,48.0802,40.0288,0.1142,3
2026-08-31,GILGOENBON,751317,CANBELEGO,23.388,51.6778,39.5964,0.101,3
2026-08-31,BIG HILL,751439,CLARKE,5.3322,21.0634,20.2633,-0.3392,2
2026-08-31,COWPER,751505,CLIVE,2.7931,9.2454,6.1722,-0.0436,1
2026-08-31,COOLAREE,751560,CLYDE,34.5652,52.9282,48.9773,0.1688,4
2026-08-31,NEPICKALLINA,751782,COURALLIE,16.3864,31.7023,25.9044,0.0166,2
2026-08-31,KOROIT,751894,COWPER,23.4371,47.6655,36.8513,0.1143,3
2026-08-31,BARRINGUN,751963,CULGOA,57.7204,73.3887,72.2314,0.2214,5
2026-08-31,TATALA,752001,CULGOA,51.0989,70.5305,57.1026,0.1618,5
2026-08-31,WEE WARRA,752005,CULGOA,49.7931,68.5043,64.2492,0.1848,5
2026-08-31,BROKEN BAY,752017,CUMBERLAND,20.7459,38.8672,41.528,-0.3745,2
2026-08-31,BEDGERABONG,752069,CUNNINGHAM,53.6083,61.8131,51.8016,0.2539,5
2026-08-31,CULLAMULCHA,752214,DELALAH,94.7357,97.0392,98.2645,0.1726,5
2026-08-31,ELSINORA,752218,DELALAH,92.4281,97.4847,97.5912,0.1625,5
2026-08-31,DEWHURST,752243,DENHAM,24.1666,34.796,36.86,0.046,3
2026-08-31,MYALLWIRRIE,752259,DENHAM,28.9391,50.1631,42.1068,0.0667,3
2026-08-31,RODHAM,752394,DRAKE,16.6906,44.7861,44.6878,-0.033,2
2026-08-31,BURRANDOWN,752667,FINCH,21.2559,23.0374,26.9888,0.0203,2
2026-08-31,CAMPBELL,752671,FINCH,28.1606,43.3707,36.4198,0.0489,3
2026-08-31,TOWNDAY,752750,FINCH,21.0049,23.584,25.1499,0.0233,2
2026-08-31,FENTON,752823,FITZROY,12.2848,53.3004,46.9722,-0.1992,2
2026-08-31,WARRADERRY,752957,FORBES,65.4977,57.5734,54.0534,0.2543,5
2026-08-31,BROLGA,753075,GIPPS,52.331,42.5829,47.8087,0.1975,4
2026-08-31,MULGA,753107,GIPPS,71.1737,61.2599,66.3016,0.2248,5
2026-08-31,YARROW,753324,GOUGH,2.8468,14.2981,12.0868,-0.0903,1
2026-08-31,WYNDHAM,753360,GOULBURN,65.2164,66.6042,71.3532,0.2369,5
2026-08-31,MERRIMBA,753472,GREGORY,20.8322,45.2344,34.6126,0.0375,2
2026-08-31,BIBILDOOLIE,753542,GUNDERBOOKA,47.4844,65.9847,61.3989,0.1794,4
2026-08-31,CHAPMAN,753648,HARDINGE,3.8287,11.1049,12.6166,-0.0997,1
2026-08-31,DEWITT,753694,HAWES,16.3128,29.2711,31.7911,-0.5028,2
2026-08-31,BOONGUNNYARRA,753858,IRRARA,61.9527,77.4718,80.6596,0.2372,5
2026-08-31,SCOTT,753890,IRRARA,54.083,71.1764,69.1104,0.2101,5
2026-08-31,DEALWARRALDI,753924,JAMISON,27.4318,43.7465,41.8342,0.0521,3
2026-08-31,GRADDLE,753992,KENNEDY,44.9145,61.1958,47.9187,0.1507,4
2026-08-31,KAPITI,754163,LANDSBOROUGH,74.2156,85.4712,86.4567,0.1723,5
2026-08-31,ULIARA,754171,LANDSBOROUGH,47.7585,65.0827,64.4133,0.1981,4
2026-08-31,MAKINGAH,754367,LIVINGSTONE,82.1611,85.1374,85.2962,0.0872,5
2026-08-31,GOORAH,754474,MANARA,73.7274,80.2627,81.6032,0.1547,5
2026-08-31,OBERWELLS,754490,MANARA,77.2041,84.2884,81.6289,0.1095,5
2026-08-31,CAARI,754510,MENINDEE,87.1636,87.2713,85.305,0.0413,5
2026-08-31,COULTRA,754514,MENINDEE,89.3102,88.6687,86.6034,0.0588,5
2026-08-31,WANEBA,754530,MENINDEE,90.0315,88.1196,86.4905,0.0359,5
2026-08-31,ROWENA,754644,MOOTWINGEE,89.1947,89.6648,89.5688,0.0578,5
2026-08-31,WAVERLEY,754652,MOOTWINGEE,86.2009,87.6609,87.0859,0.0681,5
2026-08-31,COGIE,754677,MOSSGIEL,52.337,52.9145,56.1917,0.1527,5
2026-08-31,NERRADA,754709,MOSSGIEL,62.6588,62.6536,67.6955,0.1722,5
2026-08-31,DURHAM,754834,MURCHISON,8.974,14.6094,18.1118,-0.0861,2
2026-08-31,PALEROO,754855,MURCHISON,18.8258,25.6609,24.5285,0.0064,2
2026-08-31,BULLINDA,754961,NAPIER,17.2102,24.826,20.3446,0.0159,2
2026-08-31,DERIBONG,755099,NARROMINE,40.5167,63.2573,49.9377,0.1243,4
2026-08-31,MOON MOON,755183,NICHOLSON,39.8478,44.3896,44.9769,0.1104,4
2026-08-31,YEEROWIN,755351,PARRY,8.3462,11.669,5.1395,-0.2835,2
2026-08-31,WIALDRA,755451,PHILLIP,11.5257,24.3426,17.6863,-0.0034,2
2026-08-31,KIRKINGLE,755583,RANKIN,55.3482,71.2147,73.7528,0.1392,5
2026-08-31,GIBBERAGEE,755615,RICHMOND,19.9675,58.1439,51.7965,-0.0613,2
2026-08-31,COWRA,755859,SELWYN,56.6014,65.9269,74.0446,0.1096,5
2026-08-31,WALLACE,755895,SELWYN,52.1966,63.4953,71.6266,0.1593,5
2026-08-31,YOUNGAL,755899,SELWYN,40.0843,61.2033,73.9724,0.0361,5
2026-08-31,BRUCE,755915,ST VINCENT,18.7488,45.5941,50.1405,-0.4432,2
2026-08-31,LAURIE,756091,TAILA,87.8991,77.5911,76.4057,0.1624,5
2026-08-31,BURNAYTO,756119,TANDORA,81.1594,84.6189,83.0075,0.0659,5
2026-08-31,MUTLOW,756131,TANDORA,84.3973,87.1377,86.9208,0.0743,5
2026-08-31,JUNG JUNG,756291,TOWNSEND,41.9753,43.3254,41.3075,0.1661,4
2026-08-31,NARUMERPY,756368,ULARARA,91.3617,97.1405,97.8823,0.1688,5
2026-08-31,BETTS,756388,URANA,46.2849,49.9556,52.9655,0.1259,4
2026-08-31,YARROWITCH,756505,VERNON,56.5944,62.7774,77.5491,-0.2831,5
2026-08-31,GONN,756541,WAKOOL,84.9284,74.8398,62.1955,0.1362,5
2026-08-31,TCHELERY,756581,WAKOOL,69.7372,69.1837,60.5152,0.126,5
2026-08-31,HIAWATHA,756757,WARADGERY,46.7095,42.0678,44.5982,0.0745,4
2026-08-31,JELLALABAD,756761,WARADGERY,59.2569,47.2419,45.4115,0.0809,4
2026-08-31,TONGUL,756793,WARADGERY,50.3932,42.1329,40.956,0.0837,4
2026-08-31,TWYNAM,756797,WARADGERY,52.3902,43.7181,40.8678,0.1026,4
2026-08-31,RODNEY,756853,WELLESLEY,12.4674,9.1973,21.8798,-0.217,2
2026-08-31,LEWIS,756889,WELLINGTON,27.9141,26.8722,27.6352,0.0528,3
2026-08-31,MERRY,757016,WERUNDA,72.5263,80.0063,83.8737,0.0753,5
2026-08-31,MEROO,757151,WINDEYER,91.0993,89.1641,88.285,0.0568,5
2026-08-31,BANNY,757181,WOORE,70.7412,76.944,80.2727,0.1302,5
2026-08-31,FAIRY HILL,757281,YANCOWINNA,83.0172,87.522,83.7697,0.0507,5
2026-08-31,MEADOWS,757289,YANCOWINNA,90.0198,90.8683,89.0741,0.0786,5
2026-08-31,ROBE,757301,YANCOWINNA,86.9202,90.4399,85.9209,0.072,5
2026-08-31,CUMBEDORE,757326,YANDA,57.4492,72.9625,74.3594,0.1937,5
2026-08-31,GUNDABOOKA,757338,YANDA,38.9686,60.1964,54.4312,0.1634,4
2026-08-31,PALDRUMATA,757394,YANTARA,92.7877,98.2281,98.0454,0.0899,5
2026-08-31,PULCHRA,757498,YUNGNULGRA,89.9325,93.4452,94.0482,0.0794,5
2026-08-31,WERTAGO,757506,YUNGNULGRA,87.8907,90.6437,91.4484,0.0557,5
2026-08-31,TURRALLO,750051,ARGYLE,36.7131,53.4312,73.9334,-0.2661,5
2026-08-31,HAWTHORNE,750097,ARRAWATTA,3.4928,9.8157,9.7533,-0.0811,1
2026-08-31,GINEE,750277,BARADINE,27.6067,42.5213,33.6219,0.0869,3
2026-08-31,LESLIE,750285,BARADINE,15.6431,20.9819,19.6327,0.0413,3
2026-08-31,COORALLIE,750329,BARRONA,83.5348,92.3077,91.0132,0.1575,5
2026-08-31,WENTWORTH,750349,BARRONA,66.9932,82.6157,83.0204,0.2235,5
2026-08-31,ROSEBERG,750405,BATHURST,42.4969,38.6435,47.5776,0.0892,4
2026-08-31,MEROE,750481,BENARBA,16.419,19.8963,22.8529,-0.0006,2
2026-08-31,JINGERANGLE,750604,BLAND,72.7505,67.0568,67.4497,0.2084,5
2026-08-31,BERENDERRY,750734,BLIGH,7.3514,16.3669,14.4055,-0.0693,2
2026-08-31,LAMMUNNIA,750799,BOOROONDARRA,54.8252,62.7261,65.0378,0.1588,5
2026-08-31,WALLALA,751032,BUCKLAND,5.6389,12.1288,10.9869,-0.035,2
2026-08-31,NULLAWARRA,751338,CANBELEGO,33.8529,55.2739,45.8244,0.1245,4
2026-08-31,WILLEROON,751354,CANBELEGO,21.6195,45.6022,32.7686,0.0742,3
2026-08-31,BLYTHE,751440,CLARKE,4.0328,18.4371,14.9135,-0.1201,1
2026-08-31,DAY,751449,CLARKE,15.3364,39.5347,22.5402,-0.2599,2
2026-08-31,FLETCHER,751767,COURALLIE,15.9153,19.8897,22.1854,0.0025,2
2026-08-31,NURATHULLA,751919,COWPER,40.3965,56.6952,55.6964,0.1901,4
2026-08-31,GUNNING,752094,CUNNINGHAM,57.4966,62.5947,54.817,0.2814,5
2026-08-31,BENN,752232,DENHAM,28.9108,49.6815,42.2576,0.0564,3
2026-08-31,CARNHAM,752367,DRAKE,6.5645,28.8829,24.0971,-0.0551,2
2026-08-31,COONGBAR,752371,DRAKE,18.706,45.266,45.8024,-0.0537,2
2026-08-31,DOON,752456,DURHAM,3.7587,14.4928,6.1956,-0.4989,1
2026-08-31,PUNNYAKUNYA,752532,EVELYN,98.0738,100,98.9832,0.029,5
2026-08-31,WIRRATCHA,752540,EVELYN,96.2742,99.7775,98.6686,0.0909,5
2026-08-31,WYGAH,752544,EVELYN,97.8902,100,98.8753,0.0501,5
2026-08-31,THE OVERFLOW,752910,FLINDERS,45.4427,61.4076,49.2724,0.1938,4
2026-08-31,MOUNT LAWSON,753047,GEORGIANA,58.2554,63.9076,82.3866,-0.0115,5
2026-08-31,MILDIL,753104,GIPPS,64.1904,54.3251,59.9117,0.2371,5
2026-08-31,MURRENGREEN,753108,GIPPS,49.8743,38.8583,45.0358,0.1936,4
2026-08-31,UDAH,753120,GIPPS,68.0038,60.0868,62.5657,0.2414,5
2026-08-31,EVANS,753164,GLOUCESTER,11.1591,26.5433,31.9283,-0.5336,2
2026-08-31,MYALL,753189,GLOUCESTER,2.4872,2.6428,4.4573,-0.598,0
2026-08-31,VEECH,753253,GORDON,25.0926,26.0212,24.9805,0.0942,3
2026-08-31,ROBERTSON,753304,GOUGH,4.7079,14.912,12.5608,-0.0609,1
2026-08-31,PIANGULA,753393,GOWEN,19.6803,30.1036,23.5451,0.0528,3
2026-08-31,CANONBA,753433,GREGORY,23.2851,52.9551,36.694,0.0814,3
2026-08-31,POLO,753576,GUNDERBOOKA,45.0696,61.4925,59.3,0.1868,4
2026-08-31,WERRIKIMBE,753719,HAWES,52.288,73.4906,75.3389,-0.2954,5
2026-08-31,DOYLE,753779,HUNTER,3.5939,15.6817,13.849,-0.1674,1
2026-08-31,MULTAGOONA,753883,IRRARA,49.9227,69.6398,65.6139,0.1911,5
2026-08-31,BURCARROLL,753913,JAMISON,30.3402,46.0842,46.9271,0.0386,4
2026-08-31,BANGO,754099,KING,55.6206,54.385,71.6595,0.0927,5
2026-08-31,RABNOR,754140,KING,33.2258,38.5993,47.6697,0.0494,4
2026-08-31,ABERFOYLE,754176,LEICHHARDT,24.7258,44.5582,36.6817,0.0759,3
2026-08-31,NINGEAR,754240,LEICHHARDT,24.8103,43.838,34.3914,0.0645,3
2026-08-31,SUSSEX,754248,LEICHHARDT,24.3073,49.8322,37.506,0.075,3
2026-08-31,BURNDOO,754352,LIVINGSTONE,76.9465,80.7294,83.7199,0.0774,5
2026-08-31,REPTON,754379,LIVINGSTONE,81.0341,82.9384,87.0278,0.0709,5
2026-08-31,TALYAWALKA,754383,LIVINGSTONE,82.3116,85.55,84.9188,0.0867,5
2026-08-31,PENTOLE,754491,MANARA,75.5596,83.5191,83.0525,0.1379,5
2026-08-31,CAMBELLIA,754511,MENINDEE,86.1178,85.7901,82.3913,0.0425,5
2026-08-31,DONNELLY,754622,MOOTWINGEE,90.7241,89.6678,89.481,0.0647,5
2026-08-31,MURRUMBATEMAN,754899,MURRAY,52.8435,58.6337,67.3459,0.0696,5
2026-08-31,COOWERRAWINE,755156,NICHOLSON,41.6522,43.0199,46.3795,0.1028,4
2026-08-31,MEA MIA,755176,NICHOLSON,36.1107,42.5126,39.7562,0.1214,4
2026-08-31,WALLANTHERY,755196,NICHOLSON,39.1581,38.917,38.7719,0.1604,4
2026-08-31,MILBRODALE,755240,NORTHUMBERLAND,3.4646,14.0176,15.4789,-0.255,1
2026-08-31,OLNEY,755248,NORTHUMBERLAND,20.6516,36.9902,34.23,-0.4174,2
2026-08-31,BENELABRI,755472,POTTINGER,16.0252,32.3484,23.3512,0.0094,2
2026-08-31,CLANDULLA,755765,ROXBURGH,11.1047,23.8373,19.7469,-0.0515,2
2026-08-31,COCKBURN,756044,STURT,24.6316,33.2257,29.9221,0.0992,3
2026-08-31,ERCILDOUNE,756048,STURT,27.9916,36.7868,31.745,0.1152,3
2026-08-31,MIRROOL,756060,STURT,19.0292,29.8153,28.0302,0.0659,3
2026-08-31,GULTHUL,756088,TAILA,85.6199,75.4195,74.141,0.1788,5
2026-08-31,NADBUCK,756132,TANDORA,82.7971,85.0228,84.2379,0.0721,5
2026-08-31,YANDERA,756244,TONGOWOKO,96.837,99.6189,99.0701,0.1082,5
2026-08-31,CARROONBOON NORTH,756264,TOWNSEND,57.0086,50.8501,43.2029,0.1254,4
2026-08-31,WANGANELLA,756336,TOWNSEND,53.536,53.4566,48.37,0.1437,4
2026-08-31,ALLUNDY,756356,ULARARA,93.0437,97.3905,97.49,0.1775,5
2026-08-31,GENOE,756538,WAKOOL,87.5338,77.6981,69.0332,0.2098,5
2026-08-31,CULPATARO,756622,WALJEERS,63.5288,73.2491,71.5827,0.1922,5
2026-08-31,ARABLE,756670,WALLACE,21.4685,28.0743,48.3455,-0.2842,2
2026-08-31,LAKE,756706,WALLACE,40.3816,59.7206,75.6844,-0.1588,5
2026-08-31,YARTLA,757178,WINDEYER,88.4784,86.1383,86.133,0.0869,5
2026-08-31,KULKI,757198,WOORE,65.0969,67.9142,71.524,0.1506,5
2026-08-31,MARFIELD,757202,WOORE,67.5477,78.4506,77.3687,0.1738,5
2026-08-31,COBHAM,757383,YANTARA,91.7116,97.7065,97.3189,0.0823,5
2026-08-31,KILPARA,757387,YANTARA,95.3201,99.5527,98.7482,0.0933,5
2026-08-31,PESSIMA,757395,YANTARA,95.3005,99.3332,98.5515,0.1417,5
2026-08-31,WOOMBUP,757407,YANTARA,92.7356,98.0275,98.0168,0.0953,5
2026-08-31,WOLOGORONG,750057,ARGYLE,30.477,47.3452,60.1672,-0.1174,4
2026-08-31,GENOA,750206,AUCKLAND,6.8821,2.9941,28.9346,-0.4188,1
2026-08-31,WOLUMLA,750238,AUCKLAND,6.1412,11.117,24.9287,-0.3122,2
2026-08-31,EULIGAL,750274,BARADINE,19.7593,33.3906,24.7726,0.0757,3
2026-08-31,COWMERTON,750450,BENARBA,12.2307,18.274,21.3047,0.0057,2
2026-08-31,GALLOWAY,750462,BENARBA,20.6107,21.1813,23.632,0.0031,2
2026-08-31,MARKHAM,750478,BENARBA,20.2347,30.8573,33.5945,0.0249,2
2026-08-31,MILLEBEE,750482,BENARBA,18.9088,27.5173,30.606,0.0183,2
2026-08-31,WARRALONGA,750631,BLAND,73.8163,66.5292,69.6608,0.2077,5
2026-08-31,PULPUTAH,750808,BOOROONDARRA,59.4014,62.3699,65.1371,0.1693,5
2026-08-31,BOOROOK,751046,BULLER,14.4775,36.0079,29.5395,-0.12,2
2026-08-31,CLARIBELL,751054,BULLER,26.8451,48.3567,49.0105,-0.1136,2
2026-08-31,GULLUNGUTTA,751110,BURNETT,8.379,14.9297,17.6838,-0.0754,2
2026-08-31,ORION,751339,CANBELEGO,24.3468,46.2601,36.5179,0.1052,3
2026-08-31,THE PINES,751343,CANBELEGO,22.7745,45.5971,34.5062,0.0785,3
2026-08-31,COOBA,751403,CLARENDON,37.6232,35.8141,49.0365,0.1197,4
2026-08-31,NANGUS,751420,CLARENDON,31.1593,30.7681,48.2877,0.0895,4
2026-08-31,DOUGHBOY,751450,CLARKE,25.781,48.7694,40.6982,-0.2631,2
2026-08-31,HOWELL,751458,CLARKE,15.0006,40.8573,26.5599,-0.2669,2
2026-08-31,MOWLE,751466,CLARKE,5.2515,23.0775,22.2911,-0.3123,2
2026-08-31,BINNY,751494,CLIVE,6.9625,20.6694,16.5731,-0.0783,2
2026-08-31,GUNDERWERRIE,751582,CLYDE,35.267,52.676,47.8631,0.1575,4
2026-08-31,WILLA MURRA,751610,CLYDE,23.1427,45.226,34.7396,0.1086,3
2026-08-31,PARAMELLOWA,751784,COURALLIE,17.2453,20.2982,22.16,0.0377,2
2026-08-31,MICALONG,751821,COWLEY,49.5244,52.1487,67.1401,0.0974,5
2026-08-31,MULGA,751912,COWPER,41.5547,56.9447,54.9781,0.1856,4
2026-08-31,PARAILLA,751924,COWPER,40.7669,58.7731,56.4912,0.1861,4
2026-08-31,TRARALGON,751944,COWPER,23.0245,46.3249,35.775,0.1071,3
2026-08-31,THOULCANNA,752224,DELALAH,92.4401,95.656,97.6173,0.1784,5
2026-08-31,BURIEMBRI,752237,DENHAM,27.4771,48.1843,38.994,0.06,3
2026-08-31,DENHAM,752241,DENHAM,28.1476,48.5824,41.5723,0.0636,3
2026-08-31,GORIAN,752249,DENHAM,26.0785,39.7108,40.1614,0.0526,3
2026-08-31,DENISON,752281,DENISON,53.1227,52.2457,45.6505,0.1084,4
2026-08-31,PLEVNA,752388,DRAKE,7.0608,28.0949,19.9033,-0.0749,2
2026-08-31,WERRIBILLA,752761,FINCH,20.828,26.5153,30.7576,0.0423,3
2026-08-31,PARKIN,752789,FITZGERALD,86.8608,95.4957,94.8893,0.1523,5
2026-08-31,GILGAI,752879,FLINDERS,23.2342,53.9101,42.263,0.1096,3
2026-08-31,MERUNGLE,752983,FRANKLIN,46.11,50.0345,52.2302,0.1086,4
2026-08-31,THONONGA,752995,FRANKLIN,44.119,47.0693,50.3459,0.1139,4
2026-08-31,SHERWOOD,753053,GEORGIANA,28.9624,40.5031,55.1386,-0.1431,2
2026-08-31,FLAGSTONE,753279,GOUGH,2.7041,9.4708,5.5278,-0.0685,1
2026-08-31,MOUNT MITCHELL,753297,GOUGH,3.9189,12.5131,9.3048,-0.0639,1
2026-08-31,WALLUMBURRAWANG,753406,GOWEN,19.4471,27.0794,22.5282,0.0583,3
2026-08-31,NARRAGON,753478,GREGORY,21.7673,48.5167,33.4765,0.0667,3
2026-08-31,STURT,753535,GRESHAM,5.9388,19.9306,17.5824,-0.109,2
2026-08-31,BOBBARA,753593,HARDEN,56.15,56.3305,65.3374,0.1197,5
2026-08-31,MOPPITY,753623,HARDEN,64.0506,62.2814,69.243,0.133,5
2026-08-31,COONBARALBA,753776,HUNTER,3.5109,15.751,11.657,-0.2204,1
2026-08-31,IRRARA,753868,IRRARA,58.6067,74.5509,74.9178,0.2197,5
2026-08-31,ECKFORD,753930,JAMISON,25.3795,40.7116,40.8529,0.0325,2
2026-08-31,CORADGERY WEST,753982,KENNEDY,49.6339,60.5893,49.5742,0.2318,4
2026-08-31,REDCLIFFE,754010,KENNEDY,44.8048,61.3087,52.9075,0.2015,4
2026-08-31,SAHARA,754035,KILFERA,79.4679,79.1416,79.1395,0.1124,5
2026-08-31,HAY,754063,KILLARA,69.8793,82.1696,83.2895,0.1115,5
2026-08-31,DUNLOP,754157,LANDSBOROUGH,56.1514,72.9554,74.0825,0.2037,5
2026-08-31,BULGAH,754185,LEICHHARDT,28.8377,51.1289,38.9088,0.0934,3
2026-08-31,TOORA,754257,LEICHHARDT,24.9364,46.719,34.9983,0.053,3
2026-08-31,BINDI,754341,LIVINGSTONE,79.5537,82.9802,86.5927,0.0996,5
2026-08-31,GEMINI,754361,LIVINGSTONE,81.832,84.719,85.3701,0.0907,5
2026-08-31,PARINGI,754524,MENINDEE,83.1268,84.8843,84.2658,0.0672,5
2026-08-31,WENDI,754532,MENINDEE,88.5123,87.3416,84.649,0.0298,5
2026-08-31,BOMGADAH,754615,MOOTWINGEE,93.2925,90.9033,89.9478,0.0784,5
2026-08-31,HARTWOOD,754780,MOURAMBA,48.9607,61.2228,50.8589,0.2072,4
2026-08-31,KEERA,754844,MURCHISON,5.0725,11.6434,13.4853,-0.088,2
2026-08-31,MUNRO,754852,MURCHISON,2.9805,10.6238,10.2349,-0.093,1
2026-08-31,TOORAWANDI,754983,NAPIER,18.3179,26.3447,22.1094,0.0387,2
2026-08-31,DRUMDELANG,755029,NARRAN,37.3267,55.2815,50.3564,0.1285,4
2026-08-31,KALISTHA,755041,NARRAN,44.0371,66.4412,54.7564,0.1233,5
2026-08-31,LANGBOYDE,755045,NARRAN,42.5051,65.1317,54.0287,0.1177,4
2026-08-31,MINNA,755053,NARRAN,48.3451,68.3488,51.926,0.1435,5
2026-08-31,REDBANK,755189,NICHOLSON,37.82,39.4263,37.5,0.1312,4
2026-08-31,MUNGERIBAR,755301,OXLEY,24.7093,57.5291,38.3223,0.1059,3
2026-08-31,LOOMBERAH,755329,PARRY,5.587,11.374,9.3066,-0.1372,2
2026-08-31,VERNON,755345,PARRY,8.1447,11.2492,10.8928,-0.1849,2
2026-08-31,BARIGAN,755413,PHILLIP,7.0138,19.7938,13.6964,-0.0605,2
2026-08-31,BUDDEN,755417,PHILLIP,5.3715,15.6538,16.9708,-0.0883,2
2026-08-31,YARRABA,755469,POOLE,99.6459,100,99.9827,0.01,5
2026-08-31,DONALROE,755577,RANKIN,68.0271,80.3713,82.3224,0.1081,5
2026-08-31,SHANNON,755625,RICHMOND,23.4545,65.0908,60.0105,-0.0657,2
2026-08-31,BUCKWAROON,755645,ROBINSON,57.9297,68.0147,67.3437,0.1611,5
2026-08-31,KENTUCKY,755831,SANDON,9.4687,14.2094,12.5606,-0.1336,2
2026-08-31,DARGALS,755861,SELWYN,66.6853,82.2581,92.4965,0.0558,5
2026-08-31,BUCKENBOWRA,755917,ST VINCENT,3.1601,11.333,18.8613,-0.3901,1
2026-08-31,MILO,755945,ST VINCENT,4.7674,17.1501,26.2573,-0.5198,1
2026-08-31,CLEAR WATER,756201,THOULCANNA,77.1566,88.1967,88.5363,0.2043,5
2026-08-31,ODONNELL,756215,THOULCANNA,79.3904,89.302,89.8389,0.2119,5
2026-08-31,BUNDURE NORTH,756398,URANA,44.3328,47.3654,49.4612,0.1579,4
2026-08-31,COREE NORTH,756410,URANA,47.0415,53.3347,47.224,0.1525,4
2026-08-31,WATERLOO,756503,VERNON,26.7216,28.4409,27.1802,-0.3539,2
2026-08-31,BOOKIT,756515,WAKOOL,72.9833,65.5661,54.2697,0.1528,5
2026-08-31,TOWWERUK,756587,WAKOOL,85.1988,76.9581,66.6333,0.1699,5
2026-08-31,KILLENDOO,756763,WARADGERY,49.1852,45.1867,41.9254,0.1352,4
2026-08-31,RUTHERFORD,756787,WARADGERY,47.6116,43.8383,44.1063,0.1218,4
2026-08-31,WILLIS,756807,WARADGERY,63.6575,54.3968,49.6122,0.1154,4
2026-08-31,ALEXANDER,756815,WELLESLEY,18.5054,15.7411,58.3594,-0.2152,2
2026-08-31,TARRABANDRA,756855,WELLESLEY,20.1945,18.9218,62.8445,-0.2118,2
2026-08-31,BURRENDONG,756871,WELLINGTON,15.9726,23.1109,18.6503,0.0418,3
2026-08-31,NORTH COWL,756965,WENTWORTH,90.8374,80.8806,77.4568,0.142,5
2026-08-31,MALLARA,757014,WERUNDA,70.7783,74.6515,80.6834,0.1077,5
2026-08-31,QUINN,757120,WHITE,29.4177,41.6279,39.6097,0.0389,3
2026-08-31,WEE WAA,757125,WHITE,32.321,43.6598,41.5145,0.0244,4
2026-08-31,BULLBERRY,757187,WOORE,64.7608,76.9679,76.1328,0.181,5
2026-08-31,BARRIER,757267,YANCOWINNA,84.1706,83.9302,80.5618,0.0582,5
2026-08-31,MOUNT GIPPS,757291,YANCOWINNA,82.7419,87.282,81.5642,0.0563,5
2026-08-31,EMU,757332,YANDA,53.0428,67.1071,64.3004,0.2256,5
2026-08-31,SALT LAKE,757396,YANTARA,94.2803,98.9386,98.3624,0.0947,5
2026-08-31,BARBSTON,757412,YOUNG,86.2328,89.0975,90.5174,0.0413,5
2026-08-31,ULTIMO,757461,YOUNG,81.7421,83.9814,87.2008,0.065,5
2026-08-31,DILKOOSHA,757478,YUNGNULGRA,84.7722,88.988,90.45,0.0545,5
2026-08-31,MARRAR,750853,BOURKE,51.1894,54.593,65.9364,0.1433,5
2026-08-31,GOODIMAN,750751,BLIGH,13.4121,22.456,18.5219,0.008,2
2026-08-31,EAST GILGUNNIA,750660,BLAXLAND,58.4219,55.2409,58.0208,0.1685,5
2026-08-31,COREE,750657,BLAXLAND,59.023,53.213,57.769,0.14,5
2026-08-31,GOOAN,750666,BLAXLAND,58.4667,54.4744,58.233,0.1585,5
2026-08-31,SOUTH YACKERBOON,750706,BLAXLAND,61.0246,57.1681,60.1992,0.169,5
2026-08-31,VICTOR,750720,BLAXLAND,58.8805,53.9713,57.7803,0.1436,5
2026-08-31,RAVENSWORTH,752481,DURHAM,3.4115,16.2136,15.3339,-0.1942,1
2026-08-31,MOORWATHA,753749,HUME,71.2559,68.155,71.8751,0.1988,5
2026-08-31,VANE,752499,DURHAM,1.552,14.1071,12.1082,-0.2712,1
2026-08-31,COOLAMIGAL,755767,ROXBURGH,28.9638,36.2514,42.6975,-0.0637,2
2026-08-31,BONDI,750193,AUCKLAND,8.9759,2.9758,32.123,-0.4203,1
2026-08-31,COAN,750655,BLAXLAND,60.3005,53.9167,58.1519,0.1271,5
2026-08-31,OHIO,756492,VERNON,15.4002,16.9111,15.226,-0.3008,2
2026-08-31,MOUNT ALLEN,750693,BLAXLAND,59.7288,53.3501,57.6952,0.1212,5
2026-08-31,ULUMBA,750716,BLAXLAND,57.0475,52.1149,55.1584,0.1319,5
2026-08-31,WAGGA,750721,BLAXLAND,61.4665,55.4225,59.4183,0.1361,5
2026-08-31,KEGINNI,750677,BLAXLAND,60.8052,55.0437,60.0418,0.1484,5
2026-08-31,CALYTRIA,750654,BLAXLAND,61.469,56.1306,61.169,0.1587,5
2026-08-31,KILLEEN SOUTH,750679,BLAXLAND,61.6204,55.4589,59.9299,0.1491,5
2026-08-31,NUNGATTA,750225,AUCKLAND,6.3592,3.2309,32.2354,-0.4114,1
2026-08-31,KILLEEN,750678,BLAXLAND,61.1726,55.7968,59.4691,0.1597,5
2026-08-31,YATHONG,750732,BLAXLAND,61.8495,56.882,61.4766,0.167,5
2026-08-31,EUCHLA,755366,PERRY,81.8882,82.2814,79.8573,0.1127,5
2026-08-31,NOMBINNIE,750698,BLAXLAND,58.9498,52.7299,56.1254,0.1192,5
2026-08-31,WOOLGOOLGA,752853,FITZROY,18.0602,45.6337,43.0247,-0.1501,2
2026-08-31,COUNTEGANY,752139,DAMPIER,5.3615,12.7931,20.6479,-0.398,2
2026-08-31,THARA,754253,LEICHHARDT,27.3972,47.7913,35.4738,0.1035,3
2026-08-31,CAREUNGA,755988,STAPYLTON,21.5715,33.1525,30.9355,0.0581,3
2026-08-31,MURRUMBOGIE,752112,CUNNINGHAM,36.8074,53.9948,44.7879,0.1764,4
2026-08-31,BULLARORA,754187,LEICHHARDT,27.9717,51.5437,36.0774,0.1027,3
2026-08-31,PARK,750949,BRISBANE,6.4132,19.0061,11.5504,-0.2002,2
2026-08-31,GERALDRA,750601,BLAND,63.6537,59.8401,63.4384,0.1393,5
2026-08-31,WADBILLIGA WEST,752161,DAMPIER,6.3646,11.5392,17.5424,-0.3739,2
2026-08-31,MURGA,752111,CUNNINGHAM,38.5134,56.328,45.994,0.1893,4
2026-08-31,NORTH BELLINGEN,755553,RALEIGH,5.4434,38.0929,35.9286,-0.3466,2
2026-08-31,ORARA,752837,FITZROY,18.7675,47.0459,44.7209,-0.1533,2
2026-08-31,COBB,753688,HAWES,10.4883,19.0587,23.5402,-0.5223,2
2026-08-31,KIARGATHUR,752100,CUNNINGHAM,23.9272,31.6131,31.2309,0.0971,3
2026-08-31,WHYADDRA,752356,DOWLING,29.9632,34.8941,33.9154,0.1303,3
2026-08-31,BIMBELLA,752071,CUNNINGHAM,25.4798,34.3457,34.0071,0.1012,3
2026-08-31,GOOCALLA,750466,BENARBA,15.2109,20.5568,23.3613,-0.0016,2
2026-08-31,MOORINA,750485,BENARBA,15.0995,23.5464,25.0689,0.0057,2
2026-08-31,CARRABEAR,754191,LEICHHARDT,21.8236,44.4509,32.9661,0.0451,3
2026-08-31,CAREUNGA NORTH,755989,STAPYLTON,19.3015,29.7214,27.3627,0.0547,3
2026-08-31,EDGEROI,754204,LEICHHARDT,22.8073,43.2793,32.9154,0.0661,3
2026-08-31,KNOX,754790,MOURAMBA,58.0621,62.4094,58.4389,0.191,5
2026-08-31,EVANS,754773,MOURAMBA,59.4194,62.9386,62.1297,0.1858,5
2026-08-31,BRADLEY,756678,WALLACE,23.898,33.1511,53.2603,-0.2469,2
2026-08-31,WALLON,756026,STAPYLTON,17.0542,26.0795,25.2917,0.0417,3
2026-08-31,STANLEY,751130,BURNETT,11.309,16.7059,17.749,-0.0084,2
2026-08-31,GLENALVON,751103,BURNETT,10.3002,15.7711,16.5624,-0.017,2
2026-08-31,MINNON,750295,BARADINE,28.8087,43.7686,35.0667,0.0776,3
2026-08-31,ST AUBINS,752490,DURHAM,3.3833,13.6849,7.0084,-0.3259,1
2026-08-31,GUAPA,750669,BLAXLAND,51.1105,49.6149,51.4055,0.167,4
2026-08-31,BULLAGREEN,752559,EWENMAR,21.1643,41.8633,30.4053,0.0833,3
2026-08-31,DUNKELD,756279,TOWNSEND,42.8703,44.3054,41.1369,0.1578,4
2026-08-31,GUAPA WEST,750670,BLAXLAND,53.914,50.9466,54.1197,0.1653,5
2026-08-31,PARADISE,753300,GOUGH,2.6925,7.5773,7.1034,-0.0644,1
2026-08-31,BELARDERY,753969,KENNEDY,50.1625,61.1978,50.2861,0.2024,4
2026-08-31,MORVEN,754974,NAPIER,17.4821,26.7607,21.5496,0.0165,2
2026-08-31,GARNET,750985,BUCCLEUCH,40.55,57.0523,71.5692,0.1499,5
2026-08-31,GELAM,756751,WARADGERY,66.6302,61.7043,58.1934,0.0988,5
2026-08-31,VENTERMAN,751836,COWLEY,40.793,49.3346,68.716,0.1284,4
2026-08-31,WILLALA,755530,POTTINGER,17.8903,34.2691,25.8482,0.0228,2
2026-08-31,NEOBINE,755187,NICHOLSON,40.0531,43.373,46.0837,0.105,4
2026-08-31,WOLLAR,755455,PHILLIP,6.853,17.9645,18.9053,-0.0518,2
2026-08-31,SALTWATER,755519,POTTINGER,12.3714,25.2766,17.5646,0.0057,2
2026-08-31,WEST UABBA,750726,BLAXLAND,38.0041,38.2696,38.9507,0.153,4
2026-08-31,MIMOSA,754559,MITCHELL,58.6025,56.9759,67.5862,0.0673,5
2026-08-31,NATTUNG,751827,COWLEY,48.6263,57.3766,82.0369,0.1292,5
2026-08-31,UGALONG,753121,GIPPS,44.2019,39.6164,45.6931,0.1867,4
2026-08-31,ROUND HILL,753757,HUME,63.3237,65.7165,69.5519,0.1584,5
2026-08-31,COGGAN,755421,PHILLIP,5.7199,16.1086,17.9006,-0.0734,2
2026-08-31,SOUTH PEAK,750704,BLAXLAND,58.7293,56.404,58.4143,0.1744,5
2026-08-31,BRAMINA,750975,BUCCLEUCH,40.5118,51.6174,69.7199,0.1304,5
2026-08-31,GURRANGORA,751819,COWLEY,46.6787,56.9719,74.4907,0.0893,5
2026-08-31,TRIGALANA,753119,GIPPS,67.1841,66.0502,61.2512,0.2794,5
2026-08-31,PARKES,757119,WHITE,19.0803,31.5624,24.3831,0.0334,2
2026-08-31,BOGONG,750973,BUCCLEUCH,21.6071,38.7747,56.5844,0.0778,3
2026-08-31,RUSSELL,752485,DURHAM,3.7529,15.7763,9.8946,-0.2067,1
2026-08-31,BARNARD,753684,HAWES,9.9515,16.9096,20.129,-0.516,2
2026-08-31,GERWA,753451,GREGORY,21.2118,46.9255,32.7531,0.0199,2
2026-08-31,FITZGERALD,755430,PHILLIP,6.7185,19.0363,15.3929,-0.054,2
2026-08-31,DONELLY,754307,LINCOLN,23.1927,30.8882,24.3264,0.0952,3
2026-08-31,LONG PLAIN,751820,COWLEY,45.8224,56.6701,78.1056,0.1315,5
2026-08-31,BANAR,753068,GIPPS,27.3608,33.1319,32.6441,0.1095,3
2026-08-31,CORADGERY,753981,KENNEDY,51.0741,60.5845,52.3303,0.2182,5
2026-08-31,PAINE,756016,STAPYLTON,23.3321,32.627,30.8406,0.0725,3
2026-08-31,PIMPAMPA,756783,WARADGERY,63.4155,57.1538,54.2387,0.0837,5
2026-08-31,COBRAM,750656,BLAXLAND,56.5027,52.2993,56.3591,0.1544,5
2026-08-31,NORTH PEAK,750700,BLAXLAND,54.2594,53.1353,54.7076,0.1718,5
2026-08-31,LIVINGSTONE,753098,GIPPS,49.0118,44.6255,49.3111,0.2041,4
2026-08-31,WEAH WAA,751794,COURALLIE,16.6797,21.8475,22.3268,0.0182,2
2026-08-31,YAOUK,751837,COWLEY,48.7292,60.1637,70.9513,0.074,5
2026-08-31,BOYD,752930,FORBES,68.0601,67.7852,58.3413,0.2784,5
2026-08-31,ROSSI,754602,MONTEAGLE,54.6155,47.9021,55.898,0.146,4
2026-08-31,BLAKE,757083,WHITE,23.196,39.003,31.0471,0.0554,3
2026-08-31,THE PEAKS,750998,BUCCLEUCH,43.0224,55.1455,78.2791,0.1632,5
2026-08-31,COOKABURRAGONG,753082,GIPPS,32.0772,34.4618,36.119,0.1388,4
2026-08-31,CAMPBELL,756262,TOWNSEND,43.2371,47.9093,40.7381,0.1434,4
2026-08-31,GUNDIBINDYAL,750603,BLAND,61.2878,57.9816,65.2988,0.1407,5
2026-08-31,PEPPERCORN,750995,BUCCLEUCH,41.5589,52.8317,75.5154,0.1511,5
2026-08-31,BRINDIBELLA,751805,COWLEY,40.9912,49.9587,68.3525,0.1236,4
2026-08-31,MURRAY,751824,COWLEY,43.6257,54.0745,73.3428,0.138,5
2026-08-31,MILBEE,753103,GIPPS,30.0798,33.0361,33.477,0.1251,4
2026-08-31,WELLINGTON,756861,WELLESLEY,15.5716,21.7533,39.0079,-0.3483,2
2026-08-31,TILLEGRA,753201,GLOUCESTER,1.7922,4.6775,5.6045,-0.4893,1
2026-08-31,MOAN,750756,BLIGH,7.487,16.7641,8.0998,-0.0768,2
2026-08-31,MELBOURNE,750941,BRISBANE,7.3267,19.1585,13.7638,-0.1261,2
2026-08-31,FOREST LAND,751512,CLIVE,5.9673,19.3622,9.9844,-0.0896,2
2026-08-31,CADALGULEE,753077,GIPPS,64.464,63.6858,57.1691,0.2802,5
2026-08-31,TANTANGARA,756723,WALLACE,50.9393,60.1866,82.4667,0.0838,5
2026-08-31,JUNDRIE,750676,BLAXLAND,35.5944,36.9139,37.214,0.1523,4
2026-08-31,BIMBERI,751801,COWLEY,42.1739,53.8622,69.302,0.1114,5
2026-08-31,MANBUS,750939,BRISBANE,6.7229,16.9395,12.2775,-0.1197,2
2026-08-31,GLENGARRY,753030,GEORGIANA,28.1655,33.9148,46.5883,0.0469,3
2026-08-31,AMOILLA NORTH,755135,NICHOLSON,38.9036,42.6623,43.6435,0.1083,4
2026-08-31,WEREBOLDERA,757257,WYNYARD,20.6992,35.1118,54.0892,0.0734,3
2026-08-31,BLOWERING,750972,BUCCLEUCH,21.0265,32.1487,47.8606,0.073,3
2026-08-31,EDGAR,756280,TOWNSEND,43.0317,44.5309,40.689,0.1505,4
2026-08-31,MURGA,756566,WAKOOL,63.6883,62.2423,51.8358,0.1358,5
2026-08-31,INA,750675,BLAXLAND,46.5358,46.8883,44.2873,0.1549,4
2026-08-31,NEARROONGAROO,756567,WAKOOL,84.9356,75.6957,66.0258,0.1653,5
2026-08-31,CHIPPENDALE,756684,WALLACE,57.9846,66.6397,75.5235,0.034,5
2026-08-31,GABRAMATTA,756692,WALLACE,52.0211,61.3957,74.3655,0.0785,5
2026-08-31,BOONANGAR,750428,BENARBA,7.6134,13.2493,13.9848,0.0107,2
2026-08-31,ELLIS,751766,COURALLIE,15.436,20.4798,21.4978,0.0069,2
2026-08-31,CURROWONG,752937,FORBES,69.7703,67.7456,59.6305,0.2691,5
2026-08-31,CREIGHTON,753735,HUME,64.1765,65.4764,70.2619,0.1756,5
2026-08-31,IRONMUNGY,756838,WELLESLEY,13.2036,17.2385,33.4786,-0.2979,2
2026-08-31,TERRABAN,750768,BLIGH,13.4124,24.8708,20.1967,0.0006,2
2026-08-31,BUCKLEY,750648,BLAXLAND,41.8555,40.9984,40.7669,0.1608,4
2026-08-31,BURTHONG SOUTH,750652,BLAXLAND,50.2771,52.2168,51.6847,0.1799,5
2026-08-31,KENYU,754124,KING,48.8925,44.5631,53.6183,0.1292,4
2026-08-31,YELLOWIN,755898,SELWYN,22.4997,41.051,57.7191,0.0815,3
2026-08-31,WANERA,750184,ASHBURNHAM,55.8947,42.7534,43.8681,0.2762,4
2026-08-31,EUGOWRA,750157,ASHBURNHAM,55.5961,43.3185,44.5863,0.2681,4
2026-08-31,TARCOMBE,750710,BLAXLAND,56.361,54.7903,56.4393,0.1694,5
2026-08-31,NULLUM,756570,WAKOOL,66.6728,68.4251,55.4006,0.1378,5
2026-08-31,BOCO,756818,WELLESLEY,14.2486,19.9815,34.5567,-0.3841,2
2026-08-31,STOCKINBINGAL,750619,BLAND,59.5596,56.4664,63.3541,0.1306,5
2026-08-31,GOOBARRAGANDRA,750986,BUCCLEUCH,39.7961,54.4097,71.7939,0.1552,5
2026-08-31,CLERK,753651,HARDINGE,2.894,10.0311,5.0869,-0.0629,1
2026-08-31,COOLEMAN,751810,COWLEY,43.8713,55.5099,71.9971,0.087,5
2026-08-31,MOONUL,752591,EWENMAR,27.8955,36.5793,28.4544,0.1121,3
2026-08-31,BURRANGONG,754582,MONTEAGLE,67.9282,66.3184,65.8636,0.1428,5
2026-08-31,MAFFRA,756841,WELLESLEY,14.4711,19.3035,39.3695,-0.2683,2
2026-08-31,CALEDONIA,754300,LINCOLN,25.1468,31.7601,24.6111,0.1002,3
2026-08-31,WITTENBRA,750318,BARADINE,13.5947,21.6263,18.6208,0.0479,3
2026-08-31,COOLEMAN,750981,BUCCLEUCH,36.2598,48.9631,67.2695,0.114,4
2026-08-31,MOBALA,753474,GREGORY,21.9871,47.6503,35.7316,0.0176,2
2026-08-31,TARA SOUTH,750709,BLAXLAND,48.8967,48.5665,49.8622,0.1743,4
2026-08-31,MURWILLUMBAH,755724,ROUS,27.0241,60.5728,47.997,0.0151,3
2026-08-31,CURRAWALLAH,750659,BLAXLAND,46.7118,47.5471,48.8174,0.1783,4
2026-08-31,BUNDALEEAR,751972,CULGOA,55.1283,73.4233,65.854,0.1951,5
2026-08-31,GORDON,752415,DUDLEY,8.5183,38.9738,23.8158,-0.454,2
2026-08-31,HYANDRA,750672,BLAXLAND,40.7896,40.9145,40.9808,0.1563,4
2026-08-31,OPAL,751998,CULGOA,55.8994,73.2665,66.5841,0.2036,5
2026-08-31,EATON,751369,CLARENCE,9.029,37.378,30.3701,-0.0937,2
2026-08-31,CUDGYMAGUNTRY,754587,MONTEAGLE,68.4962,57.8762,60.875,0.1899,5
2026-08-31,GUNDI,753387,GOWEN,17.2263,22.6565,21.4386,0.0407,3
2026-08-31,DINGO,751982,CULGOA,57.1401,73.3627,67.9089,0.2076,5
2026-08-31,ULAMBONG,750715,BLAXLAND,38.4974,39.0903,39.8979,0.1496,4
2026-08-31,BENDICK MURRELL,754576,MONTEAGLE,67.5341,58.3797,62.2594,0.1748,5
2026-08-31,BACK WHOEY,750642,BLAXLAND,42.3432,41.6311,42.0838,0.1532,4
2026-08-31,URALGURRA,752429,DUDLEY,7.042,25.5802,19.6824,-0.4652,2
2026-08-31,TIMOR,753399,GOWEN,14.8874,19.6452,18.3162,0.0289,2
2026-08-31,BOULTON,756467,VERNON,14.5827,16.1876,14.6715,-0.2853,2
2026-08-31,JULANDERY,752097,CUNNINGHAM,28.7228,35.6782,35.7732,0.1203,3
2026-08-31,DIEMUNGA,751981,CULGOA,53.2033,71.1884,60.4095,0.1771,5
2026-08-31,HOLBROOK,753340,GOULBURN,55.6394,56.8863,65.2099,0.16,5
2026-08-31,MORTON PLAINS,751995,CULGOA,55.1655,73.5713,64.0265,0.1961,5
2026-08-31,BOBARAH,752554,EWENMAR,18.5971,33.438,23.84,0.0974,3
2026-08-31,BILLABUNG,753328,GOULBURN,55.2582,54.1365,65.61,0.1416,5
2026-08-31,URAMBIE EAST,750718,BLAXLAND,39.8259,44.101,45.9725,0.1671,4
2026-08-31,BACK CREEK,753327,GOULBURN,55.9948,57.267,65.8199,0.1461,5
2026-08-31,MOUNTAIN CREEK,753349,GOULBURN,62.05,64.7421,70.1547,0.1915,5
2026-08-31,BEAUPORT,750643,BLAXLAND,33.7406,40.6708,38.4413,0.1394,4
2026-08-31,TAWAGGAN,752002,CULGOA,54.3191,74.503,61.8839,0.1891,5
2026-08-31,MUDELOOROMUN,751996,CULGOA,54.7385,74.7192,63.0593,0.2,5
2026-08-31,BURAMILONG,752565,EWENMAR,18.2764,35.2419,24.1243,0.0959,3
2026-08-31,MARSDEN,753100,GIPPS,67.4562,66.5398,63.5883,0.2668,5
2026-08-31,CARAGABAL,753079,GIPPS,69.5565,67.7975,66.1233,0.2383,5
2026-08-31,WHOEY,750727,BLAXLAND,40.698,42.919,40.5466,0.1566,4
2026-08-31,FENWICK,756477,VERNON,42.8263,44.5869,48.4783,-0.312,5
2026-08-31,ELLA,756473,VERNON,19.7172,32.715,32.4035,-0.3401,2
2026-08-31,BELAR,753902,JAMISON,28.7119,44.9855,45.5156,0.0395,2
2026-08-31,TYRONE,750957,BRISBANE,6.5417,17.2589,15.4079,-0.0971,2
2026-08-31,BRAWBOY,750914,BRISBANE,6.6769,16.93,11.4606,-0.1024,2
2026-08-31,MOWLMA,754229,LEICHHARDT,26.379,46.0463,35.0283,0.0718,3
2026-08-31,YARRAGOORA,754278,LEICHHARDT,25.2896,42.9918,32.8655,0.0907,3
2026-08-31,MELLELEA,750689,BLAXLAND,44.4894,43.5279,43.1767,0.1541,4
2026-08-31,YARA EAST,750731,BLAXLAND,50.7353,47.9889,48.6757,0.1538,4
2026-08-31,BUNDURE SOUTH,750650,BLAXLAND,54.1972,50.8243,54.0786,0.1413,5
2026-08-31,DOONA,755494,POTTINGER,6.5817,15.4013,11.8281,-0.0266,2
2026-08-31,YELLYMONG,756603,WAKOOL,90.9821,78.0357,67.0323,0.141,5
2026-08-31,CURRPOOL,756534,WAKOOL,89.3475,77.8251,68.0581,0.1637,5
2026-08-31,MERRAN,756557,WAKOOL,88.9876,77.7265,66.691,0.1552,5
2026-08-31,WILLAKOOL,756593,WAKOOL,90.9172,78.4134,70.4057,0.1387,5
2026-08-31,PEEL RIVER ESTATE,0,PARRY,7.1795,12.6203,8.7963,-0.1657,2
2026-08-31,BONGONGALONG,753594,HARDEN,41.2753,40.9151,56.4553,0.1279,4
2026-08-31,MUNYABLA,756434,URANA,64.8885,65.2953,70.9978,0.1324,5
2026-08-31,ILLEWONG WEST,750674,BLAXLAND,47.3668,46.0937,47.2775,0.1578,4
2026-08-31,BOOTHUMBLE,750647,BLAXLAND,45.5047,45.407,45.7858,0.1548,4
2026-08-31,GURANGULLY,752329,DOWLING,37.2035,39.9502,38.4939,0.1546,4
2026-08-31,GLENDON,752461,DURHAM,0.7131,8.4317,2.9405,-0.4768,1
2026-08-31,PALMYRA,754711,MOSSGIEL,55.7318,66.4768,65.833,0.1635,5
2026-08-31,LANGCALCAL,754693,MOSSGIEL,55.284,59.9856,62.6352,0.1625,5
2026-08-31,MIMMILINJI,754703,MOSSGIEL,55.7533,68.7748,67.3834,0.1673,5
2026-08-31,WEERIBINYAH,754738,MOSSGIEL,55.8488,64.6372,66.0252,0.1668,5
2026-08-31,DARNICK,754468,MANARA,74.714,81.4945,82.8864,0.1473,5
2026-08-31,NAPIER,754976,NAPIER,13.3766,23.4451,16.1325,-0.0074,2
2026-08-31,NEIBLE,754978,NAPIER,16.58,27.75,18.8882,0.0122,2
2026-08-31,NIMMO,756718,WALLACE,67.5468,77.268,85.4597,-0.0103,5
2026-08-31,GUNGARLIN,756696,WALLACE,68.3294,84.5648,93.6218,-0.0035,5
2026-08-31,BUNYAH,753912,JAMISON,26.7886,43.4785,44.5741,0.0338,2
2026-08-31,BULYEROI,753910,JAMISON,25.6361,42.4228,43.9676,0.0327,2
2026-08-31,BURRENDONG,753916,JAMISON,28.38,44.4885,45.6468,0.0366,2
2026-08-31,PERTH,751532,CLIVE,3.2584,8.9308,7.5174,-0.0735,1
2026-08-31,LARBERT,754892,MURRAY,21.1207,48.3779,54.8073,-0.4109,2
2026-08-31,MINGELO,754003,KENNEDY,29.9844,59.4641,49.7072,0.1434,3
2026-08-31,BUDTHA,752863,FLINDERS,27.9196,56.8915,45.9147,0.1364,3
2026-08-31,MERILBA,753999,KENNEDY,27.6831,59.5178,42.0181,0.1333,3
2026-08-31,YABTREE,757262,WYNYARD,32.8055,34.2459,48.0826,0.0925,4
2026-08-31,TARCUTTA,757250,WYNYARD,30.7634,32.4741,47.8841,0.0881,4
2026-08-31,HALL,750930,BRISBANE,6.2583,17.2079,15.509,-0.093,2
2026-08-31,MANOBALAI,750940,BRISBANE,5.7791,17.5347,15.3881,-0.103,2
2026-08-31,PROSPERO,752480,DURHAM,22.5157,23.2482,23.5301,-0.5249,2
2026-08-31,BEEAN BEEAN,753143,GLOUCESTER,33.882,36.3781,67.5136,-0.4222,5
2026-08-31,WOLFINGHAM,752502,DURHAM,3.0401,18.1313,11.9948,-0.5186,1
2026-08-31,WARRABILLONG,750725,BLAXLAND,37.2998,42.9544,43.1562,0.1553,4
2026-08-31,GUM FLAT,754840,MURCHISON,8.2117,14.14,18.4025,-0.123,2
2026-08-31,MELDIOR,750688,BLAXLAND,37.9586,41.5264,40.7851,0.1552,4
2026-08-31,NOORA,750492,BENARBA,7.2493,13.0663,14.3148,0.0083,2
2026-08-31,NUNGAR,756720,WALLACE,55.6651,67.381,81.0882,0.0767,5
2026-08-31,TARCOOLA,755399,PERRY,81.9341,83.4465,79.8063,0.1096,5
2026-08-31,PULPA,756975,WENTWORTH,84.0778,83.3294,80.8455,0.1138,5
2026-08-31,MOANGOLA,756958,WENTWORTH,86.8025,82.7344,81.4305,0.1141,5
2026-08-31,THOOMBY,756984,WENTWORTH,85.2339,83.0142,81.6068,0.1067,5
2026-08-31,COONPA,756938,WENTWORTH,83.3376,83.9141,80.167,0.108,5
2026-08-31,MARYLAND,751072,BULLER,13.0988,23.7041,16.209,-0.1151,2
2026-08-31,NORTH CASINO,755727,ROUS,34.5813,75.7304,71.8666,-0.0533,5
2026-08-31,YUMA,754282,LEICHHARDT,26.2518,45.1279,35.4405,0.1109,3
2026-08-31,THIRRANG,756982,WENTWORTH,90.0075,82.2694,77.7351,0.1373,5
2026-08-31,MATONG,756951,WENTWORTH,92.746,84.7626,82.5406,0.1013,5
2026-08-31,BELAR,756927,WENTWORTH,93.0959,86.6947,83.9009,0.0944,5
2026-08-31,LOWES,753746,HUME,58.9472,60.35,53.4473,0.1225,5
2026-08-31,MOREBRINGER,753750,HUME,69.2464,66.2156,68.1744,0.1787,5
2026-08-31,BURAJA,753728,HUME,58.5129,59.075,54.3324,0.1232,5
2026-08-31,BREWANG,756929,WENTWORTH,92.0997,82.7692,79.3842,0.124,5
2026-08-31,COOLOOBONG,750447,BENARBA,14.1803,24.7112,24.7609,0.0185,2
2026-08-31,TRICKETT,750864,BOURKE,63.6639,55.9069,65.5274,0.1842,5
2026-08-31,MARMA,756097,TAILA,88.3316,83.3913,79.4878,0.1245,5
2026-08-31,WHALAN,750511,BENARBA,12.8147,19.5835,21.9274,0.0109,2
2026-08-31,NORTH MUNDONAH,756105,TAILA,86.9692,83.1163,79.0455,0.1238,5
2026-08-31,ANNAND,756924,WENTWORTH,83.1563,85.2238,81.612,0.1001,5
2026-08-31,BEACONSFIELD,750820,BOURKE,66.204,54.6603,64.9135,0.1894,5
2026-08-31,NUNDROWER,756966,WENTWORTH,90.9081,82.6746,79.4849,0.1299,5
2026-08-31,SPENCER,756111,TAILA,85.3285,83.4648,82.4038,0.1078,5
2026-08-31,ULONG,756992,WENTWORTH,89.2864,83.3513,80.0736,0.1247,5
2026-08-31,BUNCHIE,756081,TAILA,85.7895,84.5892,83.4522,0.1033,5
2026-08-31,PONDERY,756974,WENTWORTH,88.6182,82.8553,80.2646,0.1152,5
2026-08-31,MUNGO,756103,TAILA,83.8302,85.3865,82.2548,0.0994,5
2026-08-31,POIMBA,756973,WENTWORTH,90.5183,82.7972,82.2651,0.1144,5
2026-08-31,UKI,756991,WENTWORTH,92.0259,82.5989,80.7069,0.1275,5
2026-08-31,WINNEGOW,756995,WENTWORTH,92.2725,83.0648,82.2006,0.1166,5
2026-08-31,MURNOWELLA,756962,WENTWORTH,89.845,82.4709,81.6155,0.1163,5
2026-08-31,MEMA,755509,POTTINGER,7.8697,20.6649,14.1349,-0.0165,2
2026-08-31,TRINKEY,755524,POTTINGER,8.7918,22.1272,15.8098,-0.0107,2
2026-08-31,COLO,753774,HUNTER,11.2027,25.2186,36.4893,-0.3795,2
2026-08-31,DALGLISH,754967,NAPIER,16.3683,24.5062,19.6517,0.0074,2
2026-08-31,BOOLOOROO,751754,COURALLIE,16.5423,24.8618,25.2087,0.033,2
2026-08-31,URANQUINTY,754567,MITCHELL,49.1544,55.8474,62.8427,0.103,5
2026-08-31,MOOLLATTOO,751283,CAMDEN,16.5031,24.8442,37.5726,-0.4602,2
2026-08-31,YARRAGUNDRY,754573,MITCHELL,53.2041,58.0823,65.2617,0.0944,5
2026-08-31,GLEN INNES,753282,GOUGH,5.9321,15.0865,11.3635,-0.0985,2
2026-08-31,STONEHENGE,753311,GOUGH,4.3909,14.0751,9.4245,-0.0693,1
2026-08-31,NORTH BRINGAGEE,756062,STURT,22.3126,32.0531,27.471,0.0884,3
2026-08-31,DENNY,756045,STURT,23.9673,31.7109,28.825,0.0918,3
2026-08-31,POPIO,757164,WINDEYER,89.9859,87.9329,87.3217,0.0711,5
2026-08-31,POPILTA,757163,WINDEYER,90.086,87.1676,87.2058,0.0728,5
2026-08-31,BURRENDAH,753373,GOWEN,19.4996,28.8937,24.41,0.0657,3
2026-08-31,BRYMEDURA,750141,ASHBURNHAM,49.0703,39.5541,40.4148,0.1551,4
2026-08-31,BREELONG,753372,GOWEN,19.4953,30.0831,24.0751,0.0895,3
2026-08-31,SCONE,750950,BRISBANE,5.0693,19.0013,14.2522,-0.1512,2
2026-08-31,PIAMBRA,754979,NAPIER,17.1558,30.6353,23.4117,0.0209,2
2026-08-31,BUTHEROO,754963,NAPIER,17.214,29.967,21.5332,0.0195,2
2026-08-31,CARLISLE,754964,NAPIER,17.2068,26.4267,20.1418,0.0158,2
2026-08-31,BILLABULLA,753422,GREGORY,26.8168,49.1238,37.4307,0.082,3
2026-08-31,DURAMANA,755771,ROXBURGH,36.0292,38.8419,40.4341,0.0457,4
2026-08-31,TOONTORA,756987,WENTWORTH,92.7255,89.5006,87.7791,0.0814,5
2026-08-31,PERNOLINGAY,756972,WENTWORTH,93.1816,90.3198,90.849,0.0793,5
2026-08-31,LISSAN,756950,WENTWORTH,92.4721,89.7458,89.2628,0.0744,5
2026-08-31,KAMERUKA,750211,AUCKLAND,6.801,14.3656,26.646,-0.3227,2
2026-08-31,MANGROVE,755239,NORTHUMBERLAND,21.9483,32.1758,39.6902,-0.4024,2
2026-08-31,MILKENGAY,756954,WENTWORTH,92.1604,88.3652,88.3267,0.075,5
2026-08-31,MUNGADAL,756773,WARADGERY,50.9914,42.9626,41,0.1,4
2026-08-31,WEST WARADGERY,756805,WARADGERY,49.9874,41.9736,41.505,0.0927,4
2026-08-31,TALBINGO,750997,BUCCLEUCH,27.7418,49.2612,64.3249,0.1033,3
2026-08-31,WHEOGA,752961,FORBES,70.8147,66.764,58.7903,0.2524,5
2026-08-31,MAUDRY,752944,FORBES,69.6138,64.9348,59.2735,0.2445,5
2026-08-31,MOGENDOURA,755946,ST VINCENT,3.127,9.5068,14.4677,-0.3456,1
2026-08-31,KERTNE,757146,WINDEYER,91.0169,85.5179,84.7089,0.0828,5
2026-08-31,ERREMAN,757144,WINDEYER,89.3852,84.9526,83.4866,0.0955,5
2026-08-31,HONEYSUCKLE,753661,HARDINGE,5.8012,11.9096,10.9559,-0.0947,2
2026-08-31,POLIA,757162,WINDEYER,87.0479,84.2737,84.3405,0.0974,5
2026-08-31,BARRAWANNA,757133,WINDEYER,90.1387,85.4213,84.4198,0.0878,5
2026-08-31,NUANDLE,753668,HARDINGE,5.3604,12.5717,11.644,-0.0932,2
2026-08-31,OOTOOWA,757158,WINDEYER,91.3492,87.058,87.6531,0.0775,5
2026-08-31,YARLALLA,757177,WINDEYER,89.9994,86.8611,86.9838,0.0828,5
2026-08-31,GILMOUR,755106,NARROMINE,46.5871,57.0971,48.1646,0.1587,4
2026-08-31,MUNGERIE,754007,KENNEDY,47.4815,59.6357,48.7993,0.1622,4
2026-08-31,STANNARD,750560,BERESFORD,7.2435,29.8508,45.0499,-0.3305,2
2026-08-31,ROWLAND,750558,BERESFORD,8.5563,37.9451,46.4327,-0.3307,2
2026-08-31,COONAMBRO,750149,ASHBURNHAM,55.3333,42.2748,46.6818,0.2675,4
2026-08-31,CREMORNE,755283,OXLEY,31.0187,62.406,45.2591,0.1331,4
2026-08-31,BALCOMBE,755273,OXLEY,35.1543,63.5089,47.2631,0.1495,4
2026-08-31,SARA,753532,GRESHAM,3.6645,16.0909,13.3715,-0.1002,1
2026-08-31,KILON,757147,WINDEYER,86.5579,83.2817,83.1144,0.1045,5
2026-08-31,WORRA,753540,GRESHAM,3.1172,15.5016,13.5951,-0.0956,1
2026-08-31,JINJERA,754888,MURRAY,15.1301,40.7887,50.2787,-0.3125,2
2026-08-31,WINDA,756192,TARA,91.1425,89.9511,88.6315,0.064,5
2026-08-31,EURILLA,756155,TARA,90.6577,87.9585,88.4486,0.074,5
2026-08-31,EULO,750883,BOYD,33.489,38.2868,40.3974,0.116,4
2026-08-31,PETER,750899,BOYD,37.0345,41.0418,44.247,0.1288,4
2026-08-31,GIDGELL,750885,BOYD,37.7972,41.3073,45.7263,0.1254,4
2026-08-31,BOONA,750874,BOYD,34.8308,39.6603,42.1467,0.1257,4
2026-08-31,YANKO,756458,URANA,38.2312,40.865,41.4785,0.1547,4
2026-08-31,YAMMA,756457,URANA,41.3968,43.8259,48.0202,0.1435,4
2026-08-31,COLEAMBALLY,750879,BOYD,35.6538,38.9336,39.9311,0.1467,4
2026-08-31,PULLEGA,756441,URANA,39.9233,43.8246,45.5484,0.1482,4
2026-08-31,LINDSAY,756163,TARA,91.7232,92.6297,92.0506,0.0743,5
2026-08-31,WINNEBAGA,756194,TARA,92.1311,92.3105,91.5907,0.0509,5
2026-08-31,BADHAM,757131,WINDEYER,91.7702,91.3222,90.5458,0.0392,5
2026-08-31,SCOTIA,756179,TARA,92.4866,92.7712,92.0201,0.0502,5
2026-08-31,POPICA SOUTH,756177,TARA,91.7857,92.0026,90.5004,0.064,5
2026-08-31,BOREE,757138,WINDEYER,91.9884,90.1321,89.1698,0.0437,5
2026-08-31,POPICA,756176,TARA,91.825,91.2185,90.1904,0.0558,5
2026-08-31,LONSDALE,756165,TARA,91.5134,91.9198,91.0534,0.0706,5
2026-08-31,WINDA SOUTH,756193,TARA,91.5006,91.4123,90.1704,0.0663,5
2026-08-31,TARAMBIJAL,753397,GOWEN,17.0306,29.261,22.1436,0.0759,3
2026-08-31,YOULBUNG,753414,GOWEN,16.6576,27.5827,21.4944,0.0629,3
2026-08-31,EAST WARADGERY,756748,WARADGERY,48.6825,43.2791,42.4779,0.1097,4
2026-08-31,FOVEAUX,756158,TARA,92.8784,93.3395,92.5764,0.1208,5
2026-08-31,GROSE,756160,TARA,92.4386,92.8114,91.9566,0.0907,5
2026-08-31,WOOLCUNDA,756195,TARA,91.9527,92.859,92.1749,0.0814,5
2026-08-31,HAY,756755,WARADGERY,49.887,42.6463,42.1565,0.1026,4
2026-08-31,PHILLIP,756175,TARA,92.8308,92.6928,91.7292,0.0726,5
2026-08-31,AMOSKEAG SOUTH,756145,TARA,91.9887,92.6226,92.0099,0.0734,5
2026-08-31,BARRY,756146,TARA,92.5381,93.1916,92.2958,0.0897,5
2026-08-31,COOYAL,755424,PHILLIP,10.5128,23.6694,16.236,-0.0155,2
2026-08-31,PRICE,755447,PHILLIP,10.0176,22.4487,16.4787,-0.0312,2
2026-08-31,CLYDE,756404,URANA,52.5058,51.3174,60.2812,0.1023,5
2026-08-31,BROOKONG NORTH,756395,URANA,58.7004,54.6024,65.2199,0.0936,5
2026-08-31,BURRELL,755694,ROUS,25.6391,56.5356,47.9008,0.0649,3
2026-08-31,MALLEE,756166,TARA,92.984,95.867,94.0934,0.1562,5
2026-08-31,BOWEN,756149,TARA,92.7849,94.5654,93.2632,0.1383,5
2026-08-31,CURRABURRAMA,750596,BLAND,73.6569,63.9728,69.2582,0.1927,5
2026-08-31,CAVAN,751807,COWLEY,53.5808,55.8377,62.1037,0.082,5
2026-08-31,PULLETOP,754564,MITCHELL,55.6424,57.1756,69.3984,0.1474,5
2026-08-31,WESTBY,754570,MITCHELL,54.9331,54.9478,69.5268,0.1512,5
2026-08-31,TAEMAS,751831,COWLEY,51.4523,51.2762,57.6537,0.0863,5
2026-08-31,HERBORN,755544,RALEIGH,8.8937,49.5723,46.8977,-0.3828,2
2026-08-31,KETELGHAY,755546,RALEIGH,6.2902,36.978,27.3328,-0.4327,2
2026-08-31,TABRABUCCA,755792,ROXBURGH,13.0927,20.8935,16.6647,-0.0295,2
2026-08-31,MEAD,755783,ROXBURGH,12.4889,22.7634,17.9228,-0.043,2
2026-08-31,BOCOBLE,755760,ROXBURGH,10.2004,21.6245,16.2082,-0.0315,2
2026-08-31,ROBINSON,756178,TARA,92.4732,94.2047,93.1525,0.1254,5
2026-08-31,MARCOONIA,756167,TARA,93.0864,93.5278,93.0705,0.1043,5
2026-08-31,LOFTUS,756164,TARA,92.6199,92.542,92.5534,0.0975,5
2026-08-31,DENISON,756153,TARA,92.5957,93.8586,92.9915,0.1141,5
2026-08-31,MUSGRAVE,756169,TARA,92.4698,94.1109,92.6876,0.1106,5
2026-08-31,ARGOON,750872,BOYD,36.9381,41.6012,42.8136,0.1379,4
2026-08-31,SOUTH CODRINGTON,755628,RICHMOND,28.5986,69.1612,60.9752,-0.0545,2
2026-08-31,NELSON,755120,NARROMINE,41.7359,57.8832,46.1611,0.14,4
2026-08-31,STEWART,755791,ROXBURGH,16.6434,23.8317,24.0605,-0.0494,2
2026-08-31,LILA,756162,TARA,92.7892,94.7049,93.3693,0.15,5
2026-08-31,NOWONG,756106,TAILA,91.1653,81.4634,74.9794,0.1988,5
2026-08-31,WYON,755636,RICHMOND,18.4748,47.8741,47.9425,-0.0445,2
2026-08-31,ELLANGOWAN,755612,RICHMOND,21.5305,67.7072,59.34,-0.062,2
2026-08-31,NARRABRI,754944,NANDEWAR,25.382,44.085,36.4555,0.0611,3
2026-08-31,BOBBIWAA,753906,JAMISON,25.9989,41.2262,36.9055,0.0521,3
2026-08-31,BELL,755356,PERRY,82.2901,82.8111,79.4404,0.1138,5
2026-08-31,LETHEROE,756949,WENTWORTH,85.2473,83.067,81.8248,0.1174,5
2026-08-31,OPORTO,756968,WENTWORTH,88.7421,83.3799,82.2149,0.1163,5
2026-08-31,DARLING,756943,WENTWORTH,88.9047,83.5733,83.0596,0.1105,5
2026-08-31,WILLALEE,750512,BENARBA,18.4335,21.9278,25.7659,0.0107,2
2026-08-31,BULUBULA,756931,WENTWORTH,91.0234,84.2517,82.7654,0.1059,5
2026-08-31,TENANDRA,750410,BATHURST,55.3924,38.1045,47.3841,0.1949,4
2026-08-31,MIMI,756956,WENTWORTH,92.0506,84.7652,84.4471,0.1077,5
2026-08-31,WILMATHA,752921,FLINDERS,33.8361,58.9153,51.0881,0.1577,4
2026-08-31,BOONA,753972,KENNEDY,31.394,57.0926,47.7133,0.1498,4
2026-08-31,CORELLA,752082,CUNNINGHAM,32.4976,57.4992,47.6599,0.148,4
2026-08-31,TARAGO,750047,ARGYLE,30.4105,47.5244,61.5258,-0.1117,4
2026-08-31,ALFRED,757035,WESTMORELAND,43.6558,57.3185,63.7186,-0.2249,5
2026-08-31,RICHMOND,755623,RICHMOND,22.7602,72.0245,62.9735,-0.062,2
2026-08-31,IRONBARKS,756886,WELLINGTON,18.2535,22.9575,19.6409,0.0557,3
2026-08-31,YANTARALLA,756196,TARA,93.5798,92.406,92.7718,0.129,5
2026-08-31,UTAH,756182,TARA,93.9498,91.2425,92.0016,0.1256,5
2026-08-31,BONSHAW,750073,ARRAWATTA,3.8801,9.478,7.4368,-0.0538,1
2026-08-31,JERRARA,750022,ARGYLE,41.68,59.1826,78.3892,-0.2967,5
2026-08-31,KI,756089,TAILA,92.0724,82.0074,75.638,0.1771,5
2026-08-31,MARSH,755617,RICHMOND,17.9157,47.4461,45.7496,-0.0141,2
2026-08-31,JAMISON,753938,JAMISON,31.3543,48.782,46.453,0.0696,4
2026-08-31,SOUDAN,757304,YANCOWINNA,80.2815,84.7567,77.786,0.056,5
2026-08-31,PICTON,757298,YANCOWINNA,80.268,85.7219,77.8751,0.0544,5
2026-08-31,TRAWALLA,756658,WALJEERS,53.8601,58.3844,60.5938,0.1445,5
2026-08-31,SIMSON,756650,WALJEERS,54.7427,60.0823,61.6843,0.1484,5
2026-08-31,BANNOCKBURN,750068,ARRAWATTA,6.471,10.5408,15.7153,-0.1224,2
2026-08-31,MIAMLEY NORTH,752890,FLINDERS,37.4792,57.7779,50.3628,0.1694,4
2026-08-31,BYRON,750080,ARRAWATTA,6.2104,9.6545,15.416,-0.146,2
2026-08-31,THE BLUFF,752909,FLINDERS,37.5563,57.987,50.2524,0.1695,4
2026-08-31,WYANGALA,754148,KING,37.6582,38.7034,48.0063,0.0896,4
2026-08-31,PURFLEET,750404,BATHURST,43.4199,38.0017,48.3863,0.1004,4
2026-08-31,BUNGABBEE,755693,ROUS,43.0196,76.1299,68.888,-0.0174,5
2026-08-31,PEACUMBOUL,751785,COURALLIE,16.6528,30.583,25.5871,0.0228,2
2026-08-31,WIRRA NORTH,750514,BENARBA,18.8375,20.8528,24.252,0.0086,2
2026-08-31,REID,751076,BULLER,15.1519,26.3972,24.0964,-0.1849,2
2026-08-31,DANANBILLA,754588,MONTEAGLE,66.1108,64.2307,67.6358,0.1387,5
2026-08-31,CLARENCE,751053,BULLER,19.6449,38.1655,34.9474,-0.1657,2
2026-08-31,YARRABANDAI,752126,CUNNINGHAM,40.827,56.0767,47.0066,0.192,4
2026-08-31,GOBOLLION,751578,CLYDE,18.7087,44.0719,34.1391,0.0701,3
2026-08-31,THUARA,751598,CLYDE,20.1692,44.2894,34.2409,0.0822,3
2026-08-31,BALACLAVA,753260,GOUGH,3.2828,8.2413,8.4495,-0.069,1
2026-08-31,SWANVALE,753316,GOUGH,3.5561,6.5978,9.9353,-0.0918,1
2026-08-31,VIVIER,750124,ARRAWATTA,2.9816,10.5826,8.7467,-0.0885,1
2026-08-31,KINGS PLAINS,750102,ARRAWATTA,3.2832,10.1544,8.8436,-0.0956,1
2026-08-31,ROSS,753305,GOUGH,2.9987,7.3845,8.5957,-0.0807,1
2026-08-31,BUTLER,755811,SANDON,7.0789,15.256,11.6501,-0.1684,2
2026-08-31,COLLEMBURRAWANG,752569,EWENMAR,26.2055,49.3015,38.0185,0.086,3
2026-08-31,BURRANDOON,750440,BENARBA,17.0825,20.3559,23.1543,-0.0007,2
2026-08-31,GOBARRALONG,753616,HARDEN,44.0013,44.1616,55.8667,0.1261,4
2026-08-31,LAWRENCE,751377,CLARENCE,16.8251,49.2541,39.8975,-0.0818,2
2026-08-31,DARCHY,755364,PERRY,82.1182,81.2117,79.9321,0.1135,5
2026-08-31,WREFORD,755409,PERRY,84.7312,83.6835,82.3223,0.1103,5
2026-08-31,TIMPUNGA,755402,PERRY,83.3124,81.9506,80.4652,0.1123,5
2026-08-31,NELIA,755389,PERRY,83.8479,83.4622,81.1414,0.1085,5
2026-08-31,HADLEIGH,751112,BURNETT,9.7585,17.1269,18.6616,-0.0164,2
2026-08-31,MUCCA MUCCA,755513,POTTINGER,14.4131,23.8622,18.8682,0.0287,2
2026-08-31,POMBRA,755395,PERRY,84.0727,85.7358,82.7849,0.1045,5
2026-08-31,GARRAWILLA,755496,POTTINGER,12.671,23.5039,17.8145,0.0224,2
2026-08-31,MYTHE,755385,PERRY,84.9615,85.3304,82.876,0.105,5
2026-08-31,WENTWORTH,755407,PERRY,85.451,87.6462,84.8914,0.098,5
2026-08-31,HARLEY,755371,PERRY,82.9107,83.4411,80.4149,0.1111,5
2026-08-31,BABATHNIL,753967,KENNEDY,37.2645,60.5148,49.9052,0.1673,4
2026-08-31,BULBODNEY,753974,KENNEDY,33.1964,60.9961,52.8982,0.1588,4
2026-08-31,MOOLAMBONG,754225,LEICHHARDT,21.5246,37.726,27.7823,0.1175,3
2026-08-31,QUONMOONA,754247,LEICHHARDT,22.8884,40.2095,31.5272,0.1046,3
2026-08-31,MOOLOOLERIE,755380,PERRY,83.3246,87.2155,84.9088,0.1032,5
2026-08-31,PEPPORA,755392,PERRY,84.3222,87.7852,85.999,0.0935,5
2026-08-31,PORCUPINE,755397,PERRY,82.6214,85.4194,85.2975,0.1073,5
2026-08-31,BERMAGUI,752130,DAMPIER,4.4199,6.9903,13.3021,-0.3075,1
2026-08-31,GUNPANOOLA,755370,PERRY,83.5424,86.9719,85.2612,0.0998,5
2026-08-31,MOORAMBILLA,754227,LEICHHARDT,22.8599,39.8613,30.6785,0.1203,3
2026-08-31,NANDA,755387,PERRY,84.2572,87.6779,84.8475,0.1013,5
2026-08-31,BURKE,755360,PERRY,82.9358,85.8189,82.7728,0.1093,5
2026-08-31,TARMOOLA,755400,PERRY,82.4124,85.9674,83.5028,0.1098,5
2026-08-31,PINES,755394,PERRY,84.3892,88.0395,86.0076,0.0968,5
2026-08-31,WAUGAN,753962,JAMISON,28.8638,44.5954,42.2422,0.0443,3
2026-08-31,BOONOONA,754348,LIVINGSTONE,81.4904,85.0426,85.7608,0.1121,5
2026-08-31,HUCO,754364,LIVINGSTONE,81.2379,84.8806,86.1165,0.1058,5
2026-08-31,EILDON,754470,MANARA,76.8301,82.2899,84.2682,0.1355,5
2026-08-31,TUCKINYA,755404,PERRY,81.0139,84.6407,84.6845,0.1187,5
2026-08-31,CONNULPIE,754354,LIVINGSTONE,77.7698,84.1846,85.6628,0.1249,5
2026-08-31,BIMPIA,755358,PERRY,81.5003,84.9785,83.927,0.1185,5
2026-08-31,KARPAKORA,755374,PERRY,80.2535,84.4655,83.2313,0.1335,5
2026-08-31,BLENALBEN,755359,PERRY,79.3063,82.5175,84.2446,0.1279,5
2026-08-31,TOORINCACA,754387,LIVINGSTONE,82.6603,84.4868,85.7111,0.1008,5
2026-08-31,LEITCH,754555,MITCHELL,56.5861,61.3803,67.4923,0.0857,5
2026-08-31,BUTTERWICK,752451,DURHAM,1.4434,8.7449,6.8203,-0.5582,1
2026-08-31,NUCCALO,755390,PERRY,80.147,84.5886,83.6535,0.128,5
2026-08-31,COOYARUNDA,755363,PERRY,82.5988,85.6906,84.4734,0.1083,5
2026-08-31,WANTEBOOLKA,755405,PERRY,79.6932,84.3398,82.2878,0.1262,5
2026-08-31,WELSH,755406,PERRY,81.6946,84.1255,80.9419,0.1118,5
2026-08-31,CAMELOT,755361,PERRY,80.357,84.7805,81.8892,0.1224,5
2026-08-31,ENID,755365,PERRY,81.6029,85.3281,81.951,0.1179,5
2026-08-31,GRAY,755369,PERRY,80.9653,85.5016,81.5292,0.1126,5
2026-08-31,LINBEE,755376,PERRY,78.2925,81.8863,84.6253,0.1271,5
2026-08-31,TOLARNO,754386,LIVINGSTONE,79.4598,84.3231,85.1935,0.1162,5
2026-08-31,KING,755375,PERRY,81.5777,85.7854,81.5939,0.1138,5
2026-08-31,MAPENNY,755377,PERRY,81.495,85.3485,80.8666,0.1091,5
2026-08-31,COONONG,755362,PERRY,79.9203,84.7073,82.1491,0.1238,5
2026-08-31,MIDGEHOPE,755378,PERRY,79.264,85.1291,83.21,0.1253,5
2026-08-31,WILLS,755408,PERRY,82.139,86.0217,82.2858,0.1126,5
2026-08-31,ATTUNGA,753830,INGLIS,8.2364,11.4226,10.9076,-0.1133,2
2026-08-31,WERRINA,750510,BENARBA,10.3294,15.5901,18.5259,0.0017,2
2026-08-31,BOROO,750432,BENARBA,13.3974,18.3049,19.9235,-0.0019,2
2026-08-31,KEVERSTONE,753041,GEORGIANA,26.0839,32.6427,46.3771,0.0219,2
2026-08-31,RICHMOND,753756,HUME,64.6888,64.4529,63.6361,0.1472,5
2026-08-31,BURGUNDY,750079,ARRAWATTA,3.7482,6.7504,12.3872,-0.1213,1
2026-08-31,NULLAMANNA,750113,ARRAWATTA,4.1894,8.1832,13.2109,-0.1154,1
2026-08-31,YARRAHAPINNI,752438,DUDLEY,9.8384,37.9942,38.3504,-0.457,2
2026-08-31,WARRAMBOOL,753960,JAMISON,31.8305,48.2914,44.7724,0.0716,4
2026-08-31,CUBBAROO NORTH,753922,JAMISON,31.6083,46.9169,44.3499,0.0685,4
2026-08-31,MUGGA,750615,BLAND,75.2414,68.7467,72.3741,0.1827,5
2026-08-31,WYALONG,753135,GIPPS,75.3892,70.5449,74.0284,0.1786,5
2026-08-31,WILLIMILL,756030,STAPYLTON,11.9636,21.9421,21.0462,0.0246,2
2026-08-31,COOCOOK,753332,GOULBURN,54.218,58.1074,68.3457,0.1407,5
2026-08-31,COPPABELLA,753334,GOULBURN,51.2047,59.4308,70.8557,0.1282,5
2026-08-31,ENMORE,755104,NARROMINE,37.8183,61.8206,49.0343,0.1094,4
2026-08-31,TEMOIN,755122,NARROMINE,35.7931,60.2641,46.498,0.1011,4
2026-08-31,LINDESAY,754846,MURCHISON,13.1534,21.0692,17.4624,-0.0318,2
2026-08-31,NUNNAGOYT,756571,WAKOOL,83.2784,73.7352,60.2205,0.1436,5
2026-08-31,BARHAM,756508,WAKOOL,82.4313,73.1496,58.8746,0.1502,5
2026-08-31,TYRL TYRL,753058,GEORGIANA,33.6679,41.3793,67.1614,-0.2354,4
2026-08-31,BELOKA,756672,WALLACE,28.6093,35.8969,65.4262,-0.2318,2
2026-08-31,MUTMUTBILLY,750035,ARGYLE,30.6952,43.8371,57.6018,-0.0563,4
2026-08-31,RUSDEN,754860,MURCHISON,16.9743,20.4052,18.8432,0.0015,2
2026-08-31,LINDESAY,754941,NANDEWAR,13.8482,21.828,18.5451,-0.0319,2
2026-08-31,RUSDEN,754947,NANDEWAR,17.2345,20.773,19.0484,0.0046,2
2026-08-31,VAUTIN,755561,RALEIGH,5.118,35.7227,29.7439,-0.2821,2
2026-08-31,ALGALAH,755088,NARROMINE,42.8773,65.8263,53.188,0.1358,4
2026-08-31,ULUNDRY,754260,LEICHHARDT,18.7726,34.3054,26.3259,0.1054,3
2026-08-31,MINJARY,757241,WYNYARD,22.59,28.7735,44.3417,0.0814,3
2026-08-31,DUVAL,755819,SANDON,7.1001,14.9976,12.2943,-0.1498,2
2026-08-31,GARWAY,754114,KING,34.9357,43.0527,56.6613,0.0019,4
2026-08-31,BENONGAL,751173,CAIRA,92.0052,84.7424,75.834,0.2425,5
2026-08-31,BOWAN,750139,ASHBURNHAM,51.284,38.9248,48.0545,0.1478,4
2026-08-31,MAMANGA,751203,CAIRA,91.7676,85.0432,75.7578,0.233,5
2026-08-31,BOOK BOOK,757217,WYNYARD,41.6552,41.0637,57.5215,0.1229,4
2026-08-31,LIVINGSTONE,757239,WYNYARD,47.6701,50.8706,59.9506,0.1331,5
2026-08-31,CUPPACUMBALONG,751813,COWLEY,44.2885,62.2529,60.4993,0.0675,5
2026-08-31,YARARA,751838,COWLEY,40.8248,63.9175,61.3759,0.0187,4
2026-08-31,MELROSE,752102,CUNNINGHAM,31.1475,49.8894,43.6072,0.1357,4
2026-08-31,MOUNT NOBBY,752107,CUNNINGHAM,29.5205,40.6691,40.3227,0.1239,3
2026-08-31,TYCAWINA,750503,BENARBA,8.2204,13.7491,14.3215,0.0126,2
2026-08-31,BEGGAN BEGGAN,753590,HARDEN,58.8592,58.5476,65.5234,0.1245,5
2026-08-31,YARRAMAN,753066,GEORGIANA,33.5431,39.02,46.3018,-0.0018,4
2026-08-31,NERRIMUNGA,750039,ARGYLE,34.4111,49.1967,65.2776,-0.4078,5
2026-08-31,BULGARRES,757045,WESTMORELAND,57.7145,68.3216,89.7554,-0.1751,5
2026-08-31,PALERANGA,756017,STAPYLTON,9.6979,17.7714,17.1214,0.019,2
2026-08-31,CANARY,755987,STAPYLTON,10.4677,19.2585,16.5499,0.0235,2
2026-08-31,WATERLOO,755129,NARROMINE,44.6663,65.2074,51.4612,0.1445,4
2026-08-31,DOONSIDE,755100,NARROMINE,42.426,61.4969,48.6435,0.1288,4
2026-08-31,DUCKMALOI,757050,WESTMORELAND,58.7334,69.7072,90.3517,-0.164,5
2026-08-31,WOOLOMOMBI,755850,SANDON,7.8112,21.7138,18.8735,-0.2442,2
2026-08-31,HARGRAVE,755828,SANDON,9.6084,19.4917,16.6236,-0.2154,2
2026-08-31,GOMMEL,753934,JAMISON,32.4949,47.419,43.1061,0.0401,4
2026-08-31,YARROW,754334,LINCOLN,13.3955,23.3792,22.1368,0.0121,2
2026-08-31,JULONG,753038,GEORGIANA,23.5016,31.5747,45.7327,-0.0249,2
2026-08-31,CUDDYONG,753025,GEORGIANA,26.1793,36.6191,51.5697,-0.0891,2
2026-08-31,JERULA,752096,CUNNINGHAM,28.1731,46.7432,43.3075,0.1141,3
2026-08-31,GULGONG,755433,PHILLIP,12.3477,23.2891,18.172,-0.0015,2
2026-08-31,GALAMBINE,755431,PHILLIP,10.8839,23.0124,17.5137,0.0032,2
2026-08-31,WILBER,753407,GOWEN,16.9553,30.415,24.4693,0.0896,3
2026-08-31,WORINJERONG,754276,LEICHHARDT,18.0748,30.5149,24.7034,0.1004,3
2026-08-31,WARRIE,752598,EWENMAR,17.8022,32.4078,25.0486,0.0922,3
2026-08-31,BIRAGANBIL,756865,WELLINGTON,12.8984,22.5189,17.7542,0.0071,2
2026-08-31,PUGGOON,750762,BLIGH,13.3068,22.6511,19.5929,0.0034,2
2026-08-31,GUNTAWANG,755434,PHILLIP,13.207,24.6436,18.6642,0.0003,2
2026-08-31,ULAMBIE,750311,BARADINE,27.0049,51.6688,40.1965,0.0829,3
2026-08-31,GUNNA,754219,LEICHHARDT,26.1528,50.7676,42.6872,0.0825,3
2026-08-31,BUNGIEBOMAR,754299,LINCOLN,15.5059,23.523,20.2077,0.0275,2
2026-08-31,WOOROOWOOLGAN,755633,RICHMOND,25.6051,72.5004,64.6639,-0.066,2
2026-08-31,CLEVEDON,755812,SANDON,6.744,15.7359,13.659,-0.192,2
2026-08-31,DAVIDSON,755815,SANDON,6.6562,16.309,14.3765,-0.2099,2
2026-08-31,WARRABAH,752202,DARLING,6.2347,12.864,9.9547,-0.0938,2
2026-08-31,COOLGA,753918,JAMISON,32.0984,49.6848,42.0053,0.077,4
2026-08-31,NERANG,756775,WARADGERY,60.6663,48.7877,46.0055,0.0925,4
2026-08-31,NANGAHRAH,752195,DARLING,6.0171,14.0637,10.9493,-0.0917,2
2026-08-31,CUBBAROO,753921,JAMISON,31.7784,47.5767,42.5559,0.0764,4
2026-08-31,TENI,750306,BARADINE,29.6924,44.7915,34.7011,0.0819,3
2026-08-31,MOGLEWIT,750296,BARADINE,30.3203,45.3646,37.9293,0.0783,4
2026-08-31,MEIT,750288,BARADINE,29.5765,43.6064,35.657,0.0794,3
2026-08-31,CULLEN,753229,GORDON,34.1763,35.9175,27.6022,0.1294,3
2026-08-31,PILLIGA,750301,BARADINE,31.4652,46.8193,39.1041,0.0813,4
2026-08-31,TALLUBA,750305,BARADINE,31.7014,47.122,42.1803,0.0832,4
2026-08-31,STURT,751341,CANBELEGO,22.0585,43.8067,33.2475,0.0757,3
2026-08-31,WARUNGO,751351,CANBELEGO,22.8485,43.1227,34.0186,0.0827,3
2026-08-31,CUMBAMURRA,753605,HARDEN,59.2075,59.3967,64.1949,0.1179,5
2026-08-31,CALLANGOAN,753375,GOWEN,16.558,32.2679,22.499,0.0859,3
2026-08-31,GALONG,753614,HARDEN,60.7904,59.0329,64.7339,0.1251,5
2026-08-31,TALLAMA,750304,BARADINE,13.8701,25.2587,19.1761,0.0601,3
2026-08-31,COOLANGOOLA,750258,BARADINE,13.8165,25.1976,19.7731,0.0526,3
2026-08-31,BERREMBED,750821,BOURKE,60.8463,53.6305,64.5865,0.0681,5
2026-08-31,GANGARRY,751573,CLYDE,22.0916,41.3768,33.7043,0.0612,3
2026-08-31,CAMDEN HAVEN,754405,MACQUARIE,10.7802,28.0436,32.1852,-0.548,2
2026-08-31,BUREEN,753771,HUNTER,4.3872,18.1401,17.4798,-0.1047,1
2026-08-31,BOONA EAST,752073,CUNNINGHAM,30.3598,56.701,47.2159,0.1323,4
2026-08-31,BOOMEY,756868,WELLINGTON,24.5709,25.4451,24.3854,0.0738,3
2026-08-31,VERE,755264,NORTHUMBERLAND,8.7941,20.8874,21.9131,-0.3571,2
2026-08-31,NARDOO,756213,THOULCANNA,83.7099,92.7846,91.4644,0.166,5
2026-08-31,PAROO,753884,IRRARA,81.0921,90.6785,89.4477,0.208,5
2026-08-31,HEBDEN,756362,ULARARA,88.5391,96.6303,95.1295,0.1538,5
2026-08-31,YERNCA,753900,IRRARA,75.1118,87.1105,87.9429,0.2039,5
2026-08-31,NARDOO,756367,ULARARA,87.6984,95.7607,94.305,0.1532,5
2026-08-31,PORIRUA,756375,ULARARA,86.0231,95.1889,94.204,0.1511,5
2026-08-31,STONY RIDGE,756216,THOULCANNA,79.0452,90.3533,89.255,0.2046,5
2026-08-31,WANAARING,756380,ULARARA,86.4557,95.9879,94.0583,0.1525,5
2026-08-31,EFFLUENCE,753863,IRRARA,83.0896,92.1494,90.3486,0.1782,5
2026-08-31,WARRUERA,756382,ULARARA,84.7744,93.8204,92.3948,0.169,5
2026-08-31,COWCUMBALA,753603,HARDEN,50.4139,51.1717,62.4278,0.1359,5
2026-08-31,KENNEDY,752715,FINCH,24.8937,31.7096,34.5611,0.0423,3
2026-08-31,PAROO,750344,BARRONA,82.9835,91.2152,90.0498,0.1912,5
2026-08-31,EFFLUENCE,750332,BARRONA,85.6662,95.1344,92.9439,0.1569,5
2026-08-31,TANTAWANGA,750346,BARRONA,83.6709,91.5238,90.9145,0.1593,5
2026-08-31,GANOO,753235,GORDON,29.2175,28.4906,26.4486,0.1088,3
2026-08-31,BOOROBIL,754928,NANDEWAR,13.7335,24.5298,20.9712,-0.04,2
2026-08-31,CARROLL,751007,BUCKLAND,13.2481,19.4491,18.98,-0.0487,2
2026-08-31,COORIDOON,751010,BUCKLAND,13.7412,28.4261,19.76,-0.0263,2
2026-08-31,NEWRY,755552,RALEIGH,6.5241,44.8495,43.3249,-0.3914,2
2026-08-31,TRIGALONG,752348,DOWLING,35.5755,38.1706,36.6686,0.1564,4
2026-08-31,OURIMBAH,755249,NORTHUMBERLAND,25.6693,39.6251,39.2248,-0.3435,2
2026-08-31,ETOO,750273,BARADINE,26.3045,38.9015,30.7949,0.0746,3
2026-08-31,JERRAWA,754122,KING,54.4132,54.4982,70.509,0.0673,5
2026-08-31,BUNTON,754106,KING,50.0981,51.419,65.7592,0.0586,5
2026-08-31,CONIMBLA,752934,FORBES,65.2248,50.4197,54.3356,0.2392,5
2026-08-31,DALTON,754111,KING,45.3777,50.7385,64.0058,0.0327,5
2026-08-31,GWABEGAR,750281,BARADINE,25.262,39.4377,29.2939,0.0786,3
2026-08-31,WARRUMBA,752959,FORBES,67.2819,55.8531,60.2283,0.2438,5
2026-08-31,BOORIMAH,750250,BARADINE,22.31,36.9538,27.3268,0.0723,3
2026-08-31,CUBBO,750263,BARADINE,25.1348,38.7142,29.7198,0.0708,3
2026-08-31,WANGAN,750315,BARADINE,22.9419,36.8888,28.2245,0.0734,3
2026-08-31,MEREBENE,750289,BARADINE,21.4805,35.8847,26.5345,0.0786,3
2026-08-31,QUEGOBLA,750302,BARADINE,26.9922,39.6631,33.0162,0.0785,3
2026-08-31,YALAMA,756352,TOWNSEND,59.2486,66.1922,53.1545,0.1538,5
2026-08-31,CUDOC,756272,TOWNSEND,60.0713,63.5169,52.0791,0.1489,5
2026-08-31,HICKEY,752416,DUDLEY,8.6998,32.1928,26.0583,-0.4794,2
2026-08-31,SOBRAON,755842,SANDON,4.8026,13.4531,11.0351,-0.1065,1
2026-08-31,YARROWICK,753683,HARDINGE,4.2151,12.0928,9.6174,-0.1019,1
2026-08-31,WALLEROOBIE,750865,BOURKE,60.0733,48.249,57.6461,0.1679,4
2026-08-31,YARRANJERRY,750870,BOURKE,60.396,50.6761,61.5171,0.1905,5
2026-08-31,WALBERTON,755797,ROXBURGH,16.0333,22.8493,19.3569,-0.0203,2
2026-08-31,DULABREE,755770,ROXBURGH,18.6308,27.0413,28.3588,-0.036,2
2026-08-31,TURON,755795,ROXBURGH,21.3898,30.2355,30.9076,-0.0544,2
2026-08-31,GUMMANALDI,752706,FINCH,28.0794,37.2643,36.0728,0.0508,3
2026-08-31,INGALBA,755545,RALEIGH,10.0867,38.4115,31.1108,-0.4759,2
2026-08-31,MONWONGA,752106,CUNNINGHAM,47.0711,58.7984,47.2928,0.2154,4
2026-08-31,COLLOMBATTI,752410,DUDLEY,9.5106,28.7503,29.1037,-0.4817,2
2026-08-31,EILGINBAH,750882,BOYD,37.4256,38.12,38.0798,0.1542,4
2026-08-31,BALALA,753640,HARDINGE,7.2641,12.7976,11.6229,-0.1175,2
2026-08-31,MORSE,753666,HARDINGE,5.4266,12.0033,10.683,-0.1032,2
2026-08-31,WALTHAM,755798,ROXBURGH,31.2571,32.9018,34.7724,0.044,4
2026-08-31,CUDJELLO,751695,COOPER,47.468,41.4599,52.5148,0.0962,4
2026-08-31,BEREMABERE,751674,COOPER,45.3619,40.7889,47.1503,0.115,4
2026-08-31,ROUSE,756902,WELLINGTON,12.3489,22.722,17.8222,0.0192,2
2026-08-31,MEERSCHAUM,755720,ROUS,25.6293,66.9587,59.1007,-0.0506,2
2026-08-31,BALMORAL,752444,DURHAM,3.2332,14.2556,8.0148,-0.2902,1
2026-08-31,SAVOY,752486,DURHAM,3.233,14.4518,10.6284,-0.1834,1
2026-08-31,BRIGALOW,750434,BENARBA,14.9333,22.0125,23.9941,0.0121,2
2026-08-31,COUBAL,750449,BENARBA,14.3501,20.0567,22.9365,0.0068,2
2026-08-31,BIMBLE,754179,LEICHHARDT,25.2484,43.197,32.364,0.1225,3
2026-08-31,EURONGILLY,751406,CLARENDON,38.8551,39.0057,50.6429,0.1272,4
2026-08-31,MERRYBUNDINAH,751418,CLARENDON,42.479,40.8857,55.1336,0.1399,4
2026-08-31,COBRABALD,756470,VERNON,14.4745,15.165,14.5553,-0.3409,2
2026-08-31,BRANGA,756468,VERNON,18.8645,18.0647,19.6113,-0.3987,2
2026-08-31,WALLINGAT,753211,GLOUCESTER,1.9383,2.4547,2.8628,-0.5483,0
2026-08-31,MULGUNNIA,753049,GEORGIANA,44.6994,47.7048,64.5435,0.0346,4
2026-08-31,KEMPFIELD,753040,GEORGIANA,46.5742,46.5418,67.0149,0.0514,4
2026-08-31,YARROBIL,750780,BLIGH,13.2984,22.5182,17.7479,0.0107,2
2026-08-31,LOOMBAH,753240,GORDON,27.0172,26.7046,25.8876,0.1021,3
2026-08-31,CATOMBAL,753228,GORDON,23.8675,24.8842,22.1419,0.0894,3
2026-08-31,BUCKLEY,750076,ARRAWATTA,3.1703,11.1542,8.1002,-0.0891,1
2026-08-31,SWAMP OAK,750121,ARRAWATTA,3.835,8.409,10.7677,-0.0968,1
2026-08-31,NIMMITABEL,756849,WELLESLEY,13.7725,19.8113,46.122,-0.4094,2
2026-08-31,WINIFRED,750566,BERESFORD,12.0208,14.7323,41.072,-0.4107,2
2026-08-31,BONDI,751679,COOPER,25.5362,32.3502,31.2399,0.0992,3
2026-08-31,BUTE,751401,CLARENDON,55.8336,54.9168,62.2873,0.1414,5
2026-08-31,GORTON,751704,COOPER,19.8369,29.8419,28.4421,0.0701,3
2026-08-31,LIDDELL,752470,DURHAM,1.8642,13.5252,8.346,-0.237,1
2026-08-31,HERSCHELL,752465,DURHAM,2.2254,13.2494,6.8364,-0.3565,1
2026-08-31,TROWAN,755312,OXLEY,32.0478,60.0869,45.5602,0.1274,4
2026-08-31,MILLIE,755511,POTTINGER,15.4273,29.052,22.3609,0.0035,2
2026-08-31,BOLAIRA,756677,WALLACE,67.5126,74.5803,76.5566,-0.0001,5
2026-08-31,SEYMOUR,756722,WALLACE,69.7573,75.1589,80.634,-0.0041,5
2026-08-31,LACHLAN,750849,BOURKE,55.8668,54.9575,63.9898,0.1597,5
2026-08-31,TERRANORA,755740,ROUS,44.546,75.9513,69.017,0.0079,5
2026-08-31,ROBERTSON,750861,BOURKE,59.0267,52.7787,64.8745,0.1622,5
2026-08-31,WONDOBA,755532,POTTINGER,13.8992,27.4526,18.1524,-0.0008,2
2026-08-31,GORAN,755500,POTTINGER,11.9202,27.5465,17.6854,-0.0041,2
2026-08-31,BUCKINBAH,753223,GORDON,32.5176,31.6623,29.9623,0.1187,4
2026-08-31,BURRAWONG,753225,GORDON,30.1081,28.6787,28.5151,0.1061,3
2026-08-31,BOOROO,751499,CLIVE,4.1219,13.9443,8.9825,-0.091,1
2026-08-31,MULLENGUDGERY,755299,OXLEY,26.6893,59.8188,39.233,0.0972,3
2026-08-31,BOLIVIA,751498,CLIVE,2.8775,10.4568,6.3855,-0.0751,1
2026-08-31,JONDOL,751524,CLIVE,3.9386,17.0043,8.9083,-0.0907,1
2026-08-31,MUMBRABAH,755300,OXLEY,27.6177,59.7955,42.5036,0.113,3
2026-08-31,MENDOORAN,754971,NAPIER,17.2323,29.8016,22.2174,0.0252,2
2026-08-31,ULUNGRA,753404,GOWEN,19.3578,30.6518,24.4822,0.0511,3
2026-08-31,BANDULLA,753366,GOWEN,17.9424,30.8357,24.4788,0.0333,2
2026-08-31,WALLAROO,754330,LINCOLN,17.6076,27.9141,24.2468,0.0314,2
2026-08-31,HURLEY,751410,CLARENDON,56.6635,53.902,62.7571,0.1429,5
2026-08-31,CRAVEN,753158,GLOUCESTER,9.6121,17.4676,19.6826,-0.5464,2
2026-08-31,CANOWINDRA,750368,BATHURST,52.2478,39.809,43.1058,0.1973,4
2026-08-31,CHAUCER,750370,BATHURST,51.7769,38.3656,43.9641,0.1957,4
2026-08-31,BURRIDGEE,753021,GEORGIANA,29.8522,40.2972,54.4537,-0.1201,2
2026-08-31,MIRRIE,754319,LINCOLN,17.8131,28.4577,21.9366,0.0409,3
2026-08-31,BREELONG SOUTH,754295,LINCOLN,19.563,29.0732,22.7037,0.0551,3
2026-08-31,CAMIRA,755605,RICHMOND,18.2924,50.3727,49.0556,-0.0304,2
2026-08-31,MYALL,755619,RICHMOND,18.7416,54.7975,47.9767,-0.0473,2
2026-08-31,RICHMOND,751382,CLARENCE,18.1718,53.7768,41.3473,-0.0624,2
2026-08-31,ROWAN,752484,DURHAM,3.3866,15.3488,9.6916,-0.2078,1
2026-08-31,BROUGHAM,752449,DURHAM,3.5256,16.2593,9.8664,-0.1678,1
2026-08-31,ULMARRA,751390,CLARENCE,16.6471,43.9033,33.0349,-0.1417,2
2026-08-31,SOUTHGATE,751386,CLARENCE,15.5352,44.0685,34.5412,-0.1055,2
2026-08-31,DYRRING,752458,DURHAM,1.0299,10.4709,4.9124,-0.4093,1
2026-08-31,COX,751565,CLYDE,21.5713,42.8296,33.9171,0.0674,3
2026-08-31,GIDGERAH,751575,CLYDE,21.2158,42.1035,33.4359,0.0543,3
2026-08-31,MULGA DOWNS,750804,BOOROONDARRA,51.6844,63.6671,64.0471,0.1638,5
2026-08-31,ETTY,755578,RANKIN,52.5164,67.0948,65.517,0.1642,5
2026-08-31,TURNER,755595,RANKIN,52.1538,67.9087,65.1199,0.186,5
2026-08-31,WARRANGONG,752958,FORBES,67.2272,53.8465,57.8806,0.1941,5
2026-08-31,MULYAN,752948,FORBES,66.3781,49.6445,49.6224,0.2216,4
2026-08-31,MORONGLA,752947,FORBES,68.0823,49.0535,54.2503,0.2069,5
2026-08-31,BROULA,752932,FORBES,67.1239,51.3962,54.8884,0.2173,5
2026-08-31,JAMALONG,750283,BARADINE,29.6433,52.0775,41.4363,0.0863,3
2026-08-31,CURRAWONG,753609,HARDEN,63.6987,63.2073,66.7263,0.128,5
2026-08-31,MONGYER,750483,BENARBA,18.1342,24.3682,27.91,0.0125,2
2026-08-31,CARBEENBRI,750442,BENARBA,17.5874,24.1541,27.3531,0.0103,2
2026-08-31,CONGEWAI,755216,NORTHUMBERLAND,16.2539,32.9096,31.9455,-0.4408,2
2026-08-31,BINDA,752927,FORBES,56.7703,49.8291,45.8593,0.2432,4
2026-08-31,KANGAROOBY,752943,FORBES,64.6541,51.4958,55.4565,0.26,5
2026-08-31,NANIMA,752950,FORBES,55.6482,50.0059,44.5065,0.2495,4
2026-08-31,NANAMI,750175,ASHBURNHAM,54.3352,44.2893,43.9847,0.235,4
2026-08-31,GOONIGAL,752941,FORBES,60.0782,53.1739,48.6769,0.2719,4
2026-08-31,GOOLOOGONG,752940,FORBES,55.523,46.2874,45.0299,0.2247,4
2026-08-31,URANBENE,752159,DAMPIER,4.191,12.7325,18.9754,-0.4548,1
2026-08-31,WAUGOOLA,750417,BATHURST,51.1482,38.0513,52.7373,0.1442,4
2026-08-31,BUNGAWALBIN,755603,RICHMOND,22.7771,66.5993,57.8067,-0.0706,2
2026-08-31,INNES,753787,HUNTER,5.8118,24.804,23.7634,-0.1792,2
2026-08-31,PARRY,753806,HUNTER,4.5575,18.4355,18.6309,-0.1625,1
2026-08-31,MARY,755586,RANKIN,58.7013,74.7855,76.0272,0.1408,5
2026-08-31,TANKAROOK,755593,RANKIN,61.4699,77.1749,78.4306,0.1361,5
2026-08-31,THREE BROTHERS,750411,BATHURST,56.9307,56.3089,79.652,0.0385,5
2026-08-31,OURENDUMBEE,750898,BOYD,37.2073,39.1853,43.9692,0.1204,4
2026-08-31,BANANDRA,750873,BOYD,34.7986,38.6318,41.7535,0.113,4
2026-08-31,YAMBIRA,754610,MONTEAGLE,68.8309,57.5097,60.8044,0.2186,5
2026-08-31,BUNGALONG,754580,MONTEAGLE,70.3225,60.3094,60.4357,0.1912,5
2026-08-31,THE PEAK,751734,COOPER,27.9139,31.1977,28.6171,0.1005,3
2026-08-31,GILMANDYKE,753029,GEORGIANA,58.069,62.9023,81.6188,0.0182,5
2026-08-31,GROVELAND,753032,GEORGIANA,52.811,55.8602,74.9629,0.0208,5
2026-08-31,GINDOONO,752090,CUNNINGHAM,33.5337,48.7911,44.5939,0.1469,4
2026-08-31,FORBES,754413,MACQUARIE,27.5165,63.0856,67.079,-0.4184,2
2026-08-31,BRUNDAH,754578,MONTEAGLE,74.0932,65.3912,67.197,0.2049,5
2026-08-31,BLACKMAN,753014,GEORGIANA,28.5574,36.8517,49.1139,-0.013,2
2026-08-31,MEGLO,753046,GEORGIANA,29.4514,37.7163,48.3419,-0.0204,2
2026-08-31,PULLETOP,751725,COOPER,24.6053,30.067,27.7383,0.0911,3
2026-08-31,TABBITA NORTH,751731,COOPER,23.026,29.3497,27.7756,0.0842,3
2026-08-31,BINGAR,751675,COOPER,18.7004,28.8283,25.6103,0.0573,3
2026-08-31,NELGOWRIE,754238,LEICHHARDT,23.9064,44.0429,32.8189,0.0657,3
2026-08-31,WYNDHAM,750128,ARRAWATTA,4.3691,7.8671,12.8565,-0.117,1
2026-08-31,REDBANK,750115,ARRAWATTA,6.3634,11.878,14.8719,-0.1008,2
2026-08-31,KANIMBLA,751647,COOK,38.2559,51.3637,48.6857,-0.2697,5
2026-08-31,GANBENANG,757051,WESTMORELAND,46.7724,56.796,63.9244,-0.2098,5
2026-08-31,CLARENZA,751362,CLARENCE,14.3826,41.0122,31.2424,-0.1498,2
2026-08-31,ARMATREE,752550,EWENMAR,17.8758,32.9171,24.8737,0.0873,3
2026-08-31,NINGADHUN,754945,NANDEWAR,18.8539,21.7524,22.8325,0.0201,2
2026-08-31,WOLLARA,750966,BRISBANE,6.2382,16.0719,17.5025,-0.0785,2
2026-08-31,MAYNE,756007,STAPYLTON,11.3332,21.6019,19.4643,0.0115,2
2026-08-31,BOGGABILLA,755980,STAPYLTON,8.8815,20.1638,13.1218,0.011,2
2026-08-31,BALOON,752641,FINCH,22.4761,25.4534,28.9379,0.0461,3
2026-08-31,BAGOT,752640,FINCH,21.6591,24.4527,28.6974,0.0324,2
2026-08-31,CAMBO CAMBO,752670,FINCH,23.1926,27.1103,31.8571,0.0422,3
2026-08-31,BOORARA,752653,FINCH,26.339,29.0644,30.2145,0.0477,3
2026-08-31,WILLYDAH,755132,NARROMINE,34.188,55.2532,43.4162,0.1024,4
2026-08-31,WIADERE,756922,WELLINGTON,12.1346,20.5416,14.5238,0.0165,2
2026-08-31,PIAMBONG,756901,WELLINGTON,10.8826,20.9377,14.6478,0.0073,2
2026-08-31,BOTANY,752015,CUMBERLAND,24.2211,38.6224,33.2352,-0.3488,2
2026-08-31,DUNBIBLE,755702,ROUS,32.9478,65.9624,53.6846,0.0262,4
2026-08-31,CONDONG,755698,ROUS,36.39,69.028,61.5358,0.0094,5
2026-08-31,BILLYENA,754925,NANDEWAR,16.3004,26.5296,24.4479,-0.0011,2
2026-08-31,DURRISDEER,754936,NANDEWAR,18.1916,30.5081,27.7572,0.0171,2
2026-08-31,RED ROCK,751381,CLARENCE,23.6669,41.1052,35.1049,-0.1211,2
2026-08-31,OVINGHAM,755250,NORTHUMBERLAND,7.8127,22.9665,23.5468,-0.4291,2
2026-08-31,WALLANDOOLA,751291,CAMDEN,38.8712,44.0232,55.9555,-0.3256,5
2026-08-31,BANKSIA,751249,CAMDEN,39.3762,42.2401,55.4822,-0.3463,5
2026-08-31,MOONBUCCA,750613,BLAND,71.1591,61.2817,66.5472,0.1659,5
2026-08-31,BLACKNOTE,755809,SANDON,13.8361,16.3706,15.3145,-0.2461,2
2026-08-31,HARNHAM,755829,SANDON,10.6018,14.4152,13.2863,-0.1677,2
2026-08-31,SANDON,755838,SANDON,11.8801,14.5263,13.0731,-0.1857,2
2026-08-31,GOONOO GOONOO,755327,PARRY,7.5681,14.9717,9.7642,-0.0893,2
2026-08-31,BLAKNEY,754102,KING,52.1028,49.0286,66.5627,0.0889,4
2026-08-31,DULLADERRY,750155,ASHBURNHAM,56.4973,43.1211,49.8839,0.2152,4
2026-08-31,TOOLAMANANG,756909,WELLINGTON,12.6481,19.731,14.3558,-0.0229,2
2026-08-31,BOIGA,756867,WELLINGTON,12.7021,19.4068,13.7932,0.0002,2
2026-08-31,FOSTERTON,753169,GLOUCESTER,1.3631,3.8442,5.7544,-0.5371,1
2026-08-31,THALABA,753199,GLOUCESTER,1.5302,4.2824,6.34,-0.5562,1
2026-08-31,ROBERTSON,751077,BULLER,28.5911,52.7074,52.6163,-0.1039,2
2026-08-31,BONALBO,751042,BULLER,27.7265,51.6148,51.2943,-0.1106,2
2026-08-31,TULLIN TULLA,751135,BURNETT,11.7227,16.2367,17.0687,0.019,2
2026-08-31,MITCHELL,751116,BURNETT,11.398,17.034,17.3544,0.0163,2
2026-08-31,NATTERY,750038,ARGYLE,42.9115,58.4345,78.1076,-0.2511,5
2026-08-31,MERIGAN,754894,MURRAY,28.3372,51.2651,62.6256,-0.2347,2
2026-08-31,ELLENDEN,754877,MURRAY,33.3288,52.446,63.2073,-0.1392,4
2026-08-31,GOORARA,755999,STAPYLTON,16.0683,27.0088,26.6293,0.0139,2
2026-08-31,MURRUMBIDGERIE,754321,LINCOLN,28.8252,32.4172,26.9375,0.109,3
2026-08-31,COOLUMBOOKA,756827,WELLESLEY,11.236,8.3553,21.817,-0.3592,2
2026-08-31,TOMBONG,756859,WELLESLEY,12.1777,8.1459,30.9145,-0.2323,2
2026-08-31,BUDGEON,754184,LEICHHARDT,21.8322,39.3318,29.9494,0.1056,3
2026-08-31,QUIDONG,756852,WELLESLEY,12.0186,8.5535,22.7439,-0.2493,2
2026-08-31,DERRINGULLEN,754112,KING,55.9747,54.3103,70.319,0.1021,5
2026-08-31,MANNUS,755878,SELWYN,51.2525,60.8469,72.133,0.1191,5
2026-08-31,HAMILTON,752378,DRAKE,17.5479,42.429,42.4421,-0.0766,2
2026-08-31,DUNGARY,755102,NARROMINE,34.7845,39.1567,29.9621,0.1258,3
2026-08-31,BULLIA,752507,EVELYN,96.7082,99.4531,98.3187,0.0707,5
2026-08-31,GOOLMA,750752,BLIGH,13.7273,22.7654,17.4162,0.017,2
2026-08-31,PEACOCK,751074,BULLER,27.3463,54.6062,56.2791,-0.0878,2
2026-08-31,PACKSADDLE,752525,EVELYN,97.043,98.9217,98.0496,0.0569,5
2026-08-31,GRATTAI,756884,WELLINGTON,9.9815,18.431,12.8766,0.0072,2
2026-08-31,CURTIS,755284,OXLEY,37.4129,65.1041,52.097,0.1514,4
2026-08-31,BUCUMBA,753018,GEORGIANA,44.9668,50.7686,67.1261,-0.0016,5
2026-08-31,WANGAMONG,752301,DENISON,56.4732,54.7203,51.1777,0.1124,5
2026-08-31,YARROL,750519,BENARBA,15.9307,19.916,22.2764,-0.0048,2
2026-08-31,NOONAH,750491,BENARBA,15.0221,20.6086,23.2802,-0.0017,2
2026-08-31,COBBADAH,754823,MURCHISON,8.3341,18.2704,17.3218,-0.0803,2
2026-08-31,ANDERSON,754816,MURCHISON,8.0268,18.8358,15.5436,-0.0736,2
2026-08-31,TANTAWANGALO,750231,AUCKLAND,7.7448,7.9277,20.7974,-0.26,2
2026-08-31,CANDELO,750201,AUCKLAND,7.2377,10.5262,22.1699,-0.2832,2
2026-08-31,LOUTH,755666,ROBINSON,54.9602,66.7417,66.786,0.1814,5
2026-08-31,WINBAR,755681,ROBINSON,54.6721,66.5884,66.1283,0.1832,5
2026-08-31,BAROONA,750422,BENARBA,14.8789,23.8623,25.0928,0.0062,2
2026-08-31,YAMBUNYA,756386,ULARARA,90.5386,96.6398,96.5826,0.1653,5
2026-08-31,OBERON,757068,WESTMORELAND,65.0566,69.4406,90.4509,-0.0482,5
2026-08-31,KERR,756887,WELLINGTON,11.4953,18.319,11.0954,0.0169,2
2026-08-31,PEKA,756374,ULARARA,89.3529,96.0629,95.2654,0.1584,5
2026-08-31,NULLUM,755730,ROUS,32.4729,66.1659,55.3154,0.0369,4
2026-08-31,GUNNARY,754117,KING,44.6089,42.0349,51.6817,0.1152,4
2026-08-31,WARE,754145,KING,43.0005,40.6584,54.8059,0.1068,4
2026-08-31,WALLAMBINE,755265,NORTHUMBERLAND,14.432,22.6796,32.2353,-0.4112,2
2026-08-31,WINBURN,755804,ROXBURGH,35.1654,38.257,40.5612,0.0271,4
2026-08-31,BOREEGERRY,756393,URANA,56.3649,55.8988,51.4385,0.1223,5
2026-08-31,NARROW PLAINS,752292,DENISON,56.1133,54.8636,50.6849,0.1153,5
2026-08-31,GILGAL,753236,GORDON,29.7469,29.6932,26.2491,0.1166,3
2026-08-31,DRAWAY,753232,GORDON,31.1338,30.1775,25.7311,0.1196,3
2026-08-31,LACHLAN,752333,DOWLING,40.4473,41.6101,40.5364,0.1646,4
2026-08-31,ULAMBONG,752351,DOWLING,38.1478,39.3043,39.347,0.1535,4
2026-08-31,CUNNA,750747,BLIGH,9.2352,17.0861,6.1325,-0.0593,2
2026-08-31,NAGORA,750758,BLIGH,8.4931,16.5205,14.7059,-0.0573,2
2026-08-31,MORVEN,753751,HUME,62.578,63.6622,69.0074,0.1732,5
2026-08-31,CARABOBALA,753330,GOULBURN,57.0155,57.9866,65.0821,0.1581,5
2026-08-31,BULGA,750741,BLIGH,9.7563,19.0399,15.7131,-0.0384,2
2026-08-31,WILLAWONG,754607,MONTEAGLE,63.0324,60.5561,67.9674,0.1352,5
2026-08-31,CUNNINGHAM,753608,HARDEN,55.7623,57.1062,64.2082,0.1142,5
2026-08-31,COONEY,753600,HARDEN,52.7766,52.3516,64.2308,0.1201,5
2026-08-31,BUNDARBO,750977,BUCCLEUCH,47.6323,49.3723,59.8779,0.121,4
2026-08-31,JUGIONG,753621,HARDEN,49.8158,53.0352,62.6899,0.1146,5
2026-08-31,CLANRICARD,750919,BRISBANE,3.68,17.4398,14.4002,-0.1361,1
2026-08-31,DUNDOO,751368,CLARENCE,22.8176,40.5739,33.7301,-0.1373,2
2026-08-31,BOGOLONG,752929,FORBES,73.0719,65.2553,64.6309,0.225,5
2026-08-31,TUNIS,750309,BARADINE,28.5444,41.1582,36.9989,0.0666,3
2026-08-31,BULLERAWA,750252,BARADINE,29.0684,42.1949,37.058,0.0719,3
2026-08-31,BETHUNGRA,751396,CLARENDON,50.2792,47.7215,59.0061,0.1479,4
2026-08-31,BARNEY DOWNS,751491,CLIVE,7.1149,24.3829,11.5459,-0.0982,2
2026-08-31,BALFOUR,757037,WESTMORELAND,65.795,73.4679,94.0137,-0.0637,5
2026-08-31,ADDERLEY,757034,WESTMORELAND,62.4757,68.6614,84.7946,-0.0207,5
2026-08-31,MERRIWA,756009,STAPYLTON,11.4999,20.4861,18.4819,0.0036,2
2026-08-31,DUMARESQ,750087,ARRAWATTA,13.0812,20.6497,18.9784,0.0026,2
2026-08-31,ANDERSON,750062,ARRAWATTA,11.614,16.4496,14.7065,-0.0046,2
2026-08-31,GORDON,750094,ARRAWATTA,9.4651,15.1786,13.9421,-0.0116,2
2026-08-31,BEBO,750070,ARRAWATTA,7.639,13.1226,11.6432,-0.0264,2
2026-08-31,MEROWA,756101,TAILA,87.7967,80.8771,74.3821,0.2473,5
2026-08-31,GOONIAN,750093,ARRAWATTA,3.9363,9.7926,8.2921,-0.0536,1
2026-08-31,HAYDEN,756837,WELLESLEY,12.0008,6.0343,27.9102,-0.299,2
2026-08-31,BOOBERA,755981,STAPYLTON,9.7596,20.3325,16.187,0.0221,2
2026-08-31,BORA,750074,ARRAWATTA,4.9202,11.5864,9.7692,-0.042,1
2026-08-31,MULLENDAREE,755950,ST VINCENT,3.293,11.0224,18.0389,-0.4079,1
2026-08-31,TEXAS,750122,ARRAWATTA,3.9964,9.9016,7.2742,-0.051,1
2026-08-31,GONOWLIA,752973,FRANKLIN,42.1701,41.2215,40.3427,0.1451,4
2026-08-31,TUENA,753057,GEORGIANA,34.7655,42.9548,48.4626,-0.0362,4
2026-08-31,MANILDRA,750166,ASHBURNHAM,52.1299,41.3414,48.4498,0.1949,4
2026-08-31,CUMBLE,750151,ASHBURNHAM,49.4384,40.3245,45.7349,0.1751,4
2026-08-31,BURRUMBUTTOCK,753730,HUME,68.786,68.0654,72.2032,0.1859,5
2026-08-31,HOVELL,753743,HUME,70.6819,68.2176,72.5815,0.1939,5
2026-08-31,KEIRANGUNYAH,757339,YANDA,50.9203,64.9769,64.2453,0.2153,5
2026-08-31,MARANOA,757344,YANDA,50.5427,65.3085,62.6568,0.21,5
2026-08-31,NARWARRE,757353,YANDA,48.7917,64.6377,62.6637,0.2059,5
2026-08-31,YARRAMAN,751799,COURALLIE,15.0316,28.9213,24.6052,0.0213,2
2026-08-31,BOONOONA,750430,BENARBA,15.5158,28.3257,27.3255,0.0143,2
2026-08-31,WINDUELLA,754147,KING,26.1679,34.5424,50.7339,-0.0296,2
2026-08-31,BIALA,754101,KING,31.5562,38.6613,51.9767,-0.0011,4
2026-08-31,BINGHAM,753013,GEORGIANA,32.1783,42.8095,55.024,-0.0969,4
2026-08-31,WANGALO,753060,GEORGIANA,28.6497,38.4255,50.2134,-0.0824,2
2026-08-31,BOOROONDARRA,755643,ROBINSON,51.8162,66.1765,64.4424,0.1861,5
2026-08-31,CUTTAGULLYAROO,755653,ROBINSON,53.373,66.6038,64.5687,0.1812,5
2026-08-31,MOQUILAMBA,755668,ROBINSON,46.4266,64.9701,60.1849,0.1618,5
2026-08-31,GIDDA,755655,ROBINSON,48.242,65.1655,61.7519,0.1737,5
2026-08-31,CHESNEY,755648,ROBINSON,45.6312,64.0819,60.4671,0.1645,4
2026-08-31,WERRI BERRI,750237,AUCKLAND,9.8447,10.0969,14.9385,-0.385,2
2026-08-31,BIRREMA,753592,HARDEN,52.5416,51.1582,61.2635,0.123,5
2026-08-31,BLACKCAMP,753148,GLOUCESTER,1.8657,4.458,6.3299,-0.5808,1
2026-08-31,COONALGRA,750448,BENARBA,17.8314,20.0085,22.0345,-0.0051,2
2026-08-31,KYNNUMBOON,755715,ROUS,27.1365,63.6043,46.6662,0.0196,3
2026-08-31,WYOMING,754455,MACQUARIE,10.2758,25.6593,29.5062,-0.6135,2
2026-08-31,DUNEDOO,754309,LINCOLN,12.9515,29.572,22.9057,0.0088,2
2026-08-31,BULLINDA,754298,LINCOLN,14.782,26.4037,20.0793,0.0131,2
2026-08-31,EURIMBULA,753234,GORDON,27.504,26.8787,24.9238,0.0942,3
2026-08-31,THE GAP,753251,GORDON,36.3783,32.5149,31.8043,0.1221,4
2026-08-31,BUNNA BUNNA,750438,BENARBA,19.8552,32.3684,34.5901,0.023,2
2026-08-31,AVISFORD,756864,WELLINGTON,9.9788,18.536,12.9971,-0.0034,2
2026-08-31,WARRATRA,756917,WELLINGTON,10.4534,19.0366,14.0621,-0.0168,2
2026-08-31,CARWELL,753435,GREGORY,19.5711,44.6008,32.3244,0.0179,2
2026-08-31,GARNPUNG,755367,PERRY,80.5378,85.727,81.4902,0.0978,5
2026-08-31,BULLANMONG,756930,WENTWORTH,81.8081,85.029,80.6722,0.0988,5
2026-08-31,ROMA,756976,WENTWORTH,82.5,86.2421,80.6869,0.0973,5
2026-08-31,ZANCI,756116,TAILA,81.5584,85.3819,81.7933,0.0943,5
2026-08-31,PERRY,755393,PERRY,81.0695,85.813,81.2276,0.0992,5
2026-08-31,BURKETT,756082,TAILA,80.8722,85.7449,81.8678,0.0955,5
2026-08-31,BEELA,755355,PERRY,79.7792,83.9573,80.6318,0.1113,5
2026-08-31,PAN BAN,755391,PERRY,80.7162,85.4204,80.5786,0.1068,5
2026-08-31,MORTHONG,755382,PERRY,80.3908,85.2348,80.997,0.1154,5
2026-08-31,MULURULA,754488,MANARA,78.4919,82.6978,81.0352,0.1207,5
2026-08-31,KHARTOUM,754479,MANARA,77.8638,84.3337,82.5012,0.1233,5
2026-08-31,KANDRA,755373,PERRY,79.4352,84.5078,80.9324,0.1182,5
2026-08-31,GUNDAR,752824,FITZROY,8.9646,44.3998,39.0712,-0.1652,2
2026-08-31,UCOMBE,752848,FITZROY,9.3814,49.9276,39.5027,-0.1896,2
2026-08-31,BURBURGATE,754931,NANDEWAR,14.313,27.2754,21.0424,-0.0224,2
2026-08-31,TEMI,750952,BRISBANE,13.9994,18.9317,7.5979,-0.2123,2
2026-08-31,TEMI,751028,BUCKLAND,11.3138,18.0729,7.5164,-0.1365,2
2026-08-31,COONCOONBURRA,751181,CAIRA,87.8965,85.4994,79.1399,0.1962,5
2026-08-31,GANAWAY,751186,CAIRA,88.7784,85.4494,80.8405,0.1988,5
2026-08-31,CARRIGAN,752567,EWENMAR,25.5805,43.3275,33.1127,0.0917,3
2026-08-31,WEEMABAH,755130,NARROMINE,28.827,46.0731,35.4227,0.1018,3
2026-08-31,MULLINGOWBA,752732,FINCH,28.6377,34.6826,36.3326,0.0517,3
2026-08-31,NARRAN,752736,FINCH,29.2419,31.8195,31.3242,0.0473,3
2026-08-31,FLEMING,752182,DARLING,7.8189,12.3118,12.8635,-0.1101,2
2026-08-31,GREAVES,752704,FINCH,39.0944,48.718,43.4965,0.0719,4
2026-08-31,WINGADEE,754273,LEICHHARDT,26.6899,51.2472,35.2597,0.0808,3
2026-08-31,PIPER,755788,ROXBURGH,35.4551,32.887,35.6484,0.0565,4
2026-08-31,FREEMANTLE,750381,BATHURST,40.5181,35.5146,40.5778,0.0635,4
2026-08-31,AUBURN VALE,753638,HARDINGE,7.5085,13.0204,17.7259,-0.1363,2
2026-08-31,VENESS,752201,DARLING,8.1849,12.4907,13.5105,-0.1096,2
2026-08-31,TIABUNDIE,752200,DARLING,7.0773,13.7357,15.7431,-0.1209,2
2026-08-31,ULAMAMBRI,753403,GOWEN,16.7288,24.5571,21.6116,0.0353,2
2026-08-31,BABY,753364,GOWEN,16.9323,25.7241,22.1564,0.0336,2
2026-08-31,MULGUTHRIE,752109,CUNNINGHAM,35.3862,51.0017,43.4968,0.1657,4
2026-08-31,OGRO,756967,WENTWORTH,92.5708,85.345,85.6041,0.0932,5
2026-08-31,BURTUNDY,756935,WENTWORTH,93.2493,88.3288,87.7521,0.0886,5
2026-08-31,COPAR,756939,WENTWORTH,93.5388,88.3215,85.1774,0.0901,5
2026-08-31,WAMBERA,756993,WENTWORTH,92.6176,84.9387,83.3294,0.1037,5
2026-08-31,TIL TIL,756985,WENTWORTH,93.0468,86.9366,85.5292,0.0938,5
2026-08-31,MERCHE,756952,WENTWORTH,93.7138,89.2342,89.4912,0.0881,5
2026-08-31,GILGULDRY,754214,LEICHHARDT,19.6816,36.6254,27.067,0.1054,3
2026-08-31,CAMBARA,754189,LEICHHARDT,20.736,37.8509,28.1034,0.0975,3
2026-08-31,COONGHAN,755023,NARRAN,42.62,51.397,46.8777,0.0903,5
2026-08-31,BOURBAH,752556,EWENMAR,19.8343,38.0711,28.5306,0.0913,3
2026-08-31,GULARGAMBONE,752582,EWENMAR,19.3391,36.9609,27.082,0.094,3
2026-08-31,THE OAKS,755123,NARROMINE,41.1663,50.9646,41.6563,0.155,4
2026-08-31,TOMINGLEY,755125,NARROMINE,39.2916,44.5469,34.1749,0.1463,4
2026-08-31,BIRIDOO,755091,NARROMINE,37.0633,37.2404,29.1533,0.1403,3
2026-08-31,CALOMA,755095,NARROMINE,42.678,37.0939,29.103,0.1571,3
2026-08-31,MARLEE,754435,MACQUARIE,14.0933,38.8974,43.4185,-0.5723,2
2026-08-31,WINGHAM,754454,MACQUARIE,12.7066,36.3102,35.9179,-0.6043,2
2026-08-31,SOUTH GUNDAGAI,757248,WYNYARD,28.81,30.4357,47.6177,0.0917,3
2026-08-31,WILLIE PLOMA,757258,WYNYARD,24.749,27.4197,47.1289,0.0863,3
2026-08-31,TARRABANDRA,757251,WYNYARD,25.0276,28.994,48.4215,0.0907,3
2026-08-31,GUNDONG,755110,NARROMINE,42.8288,46.3151,37.321,0.1554,4
2026-08-31,BULGANDRAMINE,755093,NARROMINE,47.1657,54.4459,45.5381,0.1666,4
2026-08-31,KILLARNEY,754939,NANDEWAR,21.5244,38.0556,31.9687,0.0435,3
2026-08-31,TIPPEREENA,754949,NANDEWAR,21.0008,39.6333,30.7286,0.0443,3
2026-08-31,BULLAWA,754930,NANDEWAR,19.8604,32.4072,27.1926,0.0324,2
2026-08-31,TREVETHIN,751427,CLARENDON,53.3352,50.7244,60.89,0.1502,5
2026-08-31,ILLAWLA,757145,WINDEYER,91.3731,85.8632,86.2688,0.0814,5
2026-08-31,BINGERRY,757136,WINDEYER,90.8643,85.8918,86.6306,0.0827,5
2026-08-31,PALINOR,757160,WINDEYER,90.1986,86.7425,87.3918,0.0819,5
2026-08-31,EULAN,752691,FINCH,29.9583,47.2135,38.6454,0.0257,2
2026-08-31,BOOTAWA,753152,GLOUCESTER,9.0626,23.9796,21.8677,-0.6173,2
2026-08-31,NEBEA,754235,LEICHHARDT,23.4291,40.9115,30.1447,0.1135,3
2026-08-31,GELAMBULA,754210,LEICHHARDT,24.7329,41.917,30.2598,0.1199,3
2026-08-31,BUTTABONE,753432,GREGORY,23.0478,49.2952,34.9437,0.0635,3
2026-08-31,BOBUNDARA,756676,WALLACE,17.4758,21.7482,44.1849,-0.2759,2
2026-08-31,ARUMPO,756925,WENTWORTH,84.0393,86.1832,82.9556,0.0989,5
2026-08-31,MINDELWUL,756957,WENTWORTH,87.3947,83.5365,81.2597,0.1109,5
2026-08-31,BURAGUY,756933,WENTWORTH,85.4126,85.2881,82.6151,0.1008,5
2026-08-31,MORAMINA,752730,FINCH,26.4421,46.2957,39.4536,0.0762,3
2026-08-31,MILDOOL,755051,NARRAN,47.3769,54.5912,47.8125,0.1099,5
2026-08-31,GUROBA,750753,BLIGH,13.0798,21.8405,16.6541,0.0266,2
2026-08-31,GORIE GORIE,752702,FINCH,26.3257,44.8205,35.3003,0.0776,3
2026-08-31,LOLLEEP,752720,FINCH,26.7549,44.8933,35.0202,0.0895,3
2026-08-31,BUNDAWARRAH,750587,BLAND,68.6646,54.0019,66.3421,0.1532,5
2026-08-31,MUREABUN,752735,FINCH,32.5508,50.466,40.6383,0.0957,4
2026-08-31,COOBAH,755020,NARRAN,35.1826,55.2837,41.8996,0.1067,4
2026-08-31,KONANGAROO,757059,WESTMORELAND,43.6492,56.6886,63.1198,-0.2534,5
2026-08-31,JENOLAN,757055,WESTMORELAND,49.9934,57.7965,66.2644,-0.214,5
2026-08-31,NINMEGATE,755064,NARRAN,34.5842,53.0947,41.9684,0.1056,4
2026-08-31,BULEEK,755008,NARRAN,36.4596,54.8256,45.7642,0.1053,4
2026-08-31,GEELNOY,754209,LEICHHARDT,21.9316,38.9086,27.1222,0.0991,3
2026-08-31,WARRABA EAST,754266,LEICHHARDT,24.7374,41.7095,31.5944,0.101,3
2026-08-31,NANDABAH,755621,RICHMOND,20.8982,53.9161,53.673,-0.0498,2
2026-08-31,WYANDAH,755635,RICHMOND,18.6107,47.6331,47.1812,-0.0368,2
2026-08-31,CLEAR HILL,756402,URANA,56.398,55.2438,52.7121,0.1183,5
2026-08-31,HOGARTH,755616,RICHMOND,20.4228,48.4823,50.0193,-0.0482,2
2026-08-31,GUNAMBILL,756419,URANA,56.6712,55.082,54.2707,0.1123,5
2026-08-31,MYRTLE,755620,RICHMOND,20.3451,52.2914,52.0012,-0.0462,2
2026-08-31,BIMMIL,750192,AUCKLAND,4.8519,10.4869,23.7817,-0.3093,1
2026-08-31,STRATHMORE,751132,BURNETT,11.5194,16.6404,17.7998,-0.0015,2
2026-08-31,OREGON,751122,BURNETT,11.5555,17.2123,17.9,-0.0101,2
2026-08-31,STEWART,754448,MACQUARIE,9.3531,25.4954,27.4798,-0.5781,2
2026-08-31,JOHNS RIVER,754418,MACQUARIE,11.4683,31.9693,34.1892,-0.5297,2
2026-08-31,IMBERGEE,755039,NARRAN,43.1356,59.8943,46.0047,0.1071,5
2026-08-31,BOGEIRA,754995,NARRAN,47.0967,58.8026,49.015,0.1034,5
2026-08-31,HAMMOND,755038,NARRAN,45.8476,61.1352,47.1903,0.1026,5
2026-08-31,EILGINBAH,755288,OXLEY,34.2375,58.2207,43.9006,0.1265,4
2026-08-31,GUTPY,756947,WENTWORTH,91.6612,86.6284,85.7942,0.0855,5
2026-08-31,NIALIA,756170,TARA,91.1501,89.1546,89.1728,0.0734,5
2026-08-31,OOTOOTWA,756171,TARA,91.6744,89.0288,89.4782,0.0718,5
2026-08-31,TULRIGO,756990,WENTWORTH,92.1685,87.4697,87.7733,0.0803,5
2026-08-31,YOEE,754280,LEICHHARDT,24.6569,42.7865,32.3075,0.1063,3
2026-08-31,COONAMBLE,754199,LEICHHARDT,23.8383,42.842,32.0854,0.1085,3
2026-08-31,KEE KEE,752712,FINCH,27.0373,45.4076,37.2887,0.0679,3
2026-08-31,BIMBER,752646,FINCH,26.841,46.9297,37.6355,0.0725,3
2026-08-31,TELINEBONE,752748,FINCH,26.3286,45.187,35.6319,0.0744,3
2026-08-31,GURILLY,752708,FINCH,33.6609,52.7512,40.5411,0.0941,4
2026-08-31,KIGWIGIL,752716,FINCH,29.0473,46.249,36.2405,0.0743,3
2026-08-31,GURLEY,752709,FINCH,28.4152,47.173,37.1025,0.0546,3
2026-08-31,PLUMBOLAH,752741,FINCH,26.5293,43.2991,35.939,0.0674,3
2026-08-31,TINDAYREY,755677,ROBINSON,38.9358,61.9534,55.4085,0.1484,4
2026-08-31,CORONGA,755652,ROBINSON,40.3652,62.272,55.662,0.1464,4
2026-08-31,BOREE CREEK,756392,URANA,57.9131,53.4759,63.6904,0.0815,5
2026-08-31,LAKE,756428,URANA,56.2336,53.0316,60.0428,0.1032,5
2026-08-31,ALLAMURGOOLA,752549,EWENMAR,17.4224,31.6293,24.3582,0.086,3
2026-08-31,MILDA,752589,EWENMAR,17.916,35.3536,24.6596,0.0887,3
2026-08-31,WAGONGA,752162,DAMPIER,3.1199,7.8939,12.1528,-0.3012,1
2026-08-31,EUROBODALLA,752145,DAMPIER,3.1404,8.8096,12.2226,-0.2971,1
2026-08-31,WOOLOONDOOL,756811,WARADGERY,49.7183,41.7843,41.7276,0.08,4
2026-08-31,LEURA,756766,WARADGERY,49.1142,41.9753,43.3428,0.0721,4
2026-08-31,CONGO,752137,DAMPIER,2.9671,8.5995,13.6159,-0.3658,1
2026-08-31,JERILDERIE NORTH,756425,URANA,47.4993,54.1055,48.4843,0.1555,4
2026-08-31,CARNERNEY,756401,URANA,48.9975,56.3736,49.8955,0.1531,4
2026-08-31,DALEY,754304,LINCOLN,27.4901,34.1978,26.8355,0.1117,3
2026-08-31,WINTON,755348,PARRY,9.7143,15.3027,14.4791,-0.0922,2
2026-08-31,KNORRIT,754426,MACQUARIE,9.2059,22.1887,30.8557,-0.6159,2
2026-08-31,DONALDSON,751508,CLIVE,2.6766,8.1323,6.0235,-0.0535,1
2026-08-31,LAWSON,751525,CLIVE,2.6076,7.725,4.8011,-0.0404,1
2026-08-31,YARRIGAN,750322,BARADINE,12.6022,22.9763,17.8826,0.0567,3
2026-08-31,BARWON,750247,BARADINE,14.3661,26.6083,20.9187,0.0672,3
2026-08-31,WONGAWANGA,752852,FITZROY,12.088,58.7547,47.1297,-0.2376,2
2026-08-31,COOMA,750535,BERESFORD,13.5598,29.1494,44.989,-0.2351,2
2026-08-31,COOTA,750376,BATHURST,63.3846,44.219,50.7657,0.2012,4
2026-08-31,NEWHAM,754133,KING,41.7703,39.991,51.5252,0.1092,4
2026-08-31,DUNLEARY,750378,BATHURST,47.8605,39.2727,50.1662,0.1154,4
2026-08-31,KEMBER,754123,KING,51.6854,43.8444,51.9196,0.1321,4
2026-08-31,MILBURN,750396,BATHURST,56.4599,40.1712,49.6505,0.1551,4
2026-08-31,CLIFTON,751504,CLIVE,2.8947,9.2941,6.122,-0.0496,1
2026-08-31,COOPER,756828,WELLESLEY,13.3896,18.2224,28.2272,-0.3658,2
2026-08-31,NELSON,756848,WELLESLEY,14.7175,20.3973,37.9148,-0.3311,2
2026-08-31,JOUNAMA,750989,BUCCLEUCH,41.0969,56.335,75.9222,0.1779,5
2026-08-31,WHITE,751485,CLARKE,5.1774,21.6081,16.5912,-0.1512,2
2026-08-31,WARD,751483,CLARKE,4.9827,17.7819,16.896,-0.1353,1
2026-08-31,MUNYANG,756713,WALLACE,74.0337,86.0101,95.3825,-0.0139,5
2026-08-31,MITCHELL,756710,WALLACE,75.1372,81.895,91.421,-0.0406,5
2026-08-31,GREAT MARLOW,751371,CLARENCE,12.0103,40.2617,33.2071,-0.1228,2
2026-08-31,CLIFDEN,751363,CLARENCE,12.3489,41.1974,39.1526,-0.0927,2
2026-08-31,TUGGERANONG,754912,MURRAY,53.5858,66.0414,67.6251,0.1135,5
2026-08-31,MEIN,752724,FINCH,30.8645,49.4483,38.4387,0.0799,4
2026-08-31,BLACKWOOD,752649,FINCH,29.1711,46.4264,36.6219,0.0723,3
2026-08-31,KOSCIUSZKO,756705,WALLACE,82.8867,84.5467,93.6671,-0.0176,5
2026-08-31,BINGAGONG,756389,URANA,44.4919,45.4601,50.0152,0.1247,4
2026-08-31,WAUGH,756452,URANA,44.682,44.0567,49.6987,0.1183,4
2026-08-31,BROBENAH,751682,COOPER,35.6885,36.1251,40.0295,0.1134,4
2026-08-31,BUNGEY,752564,EWENMAR,19.6447,33.9814,24.2318,0.1045,3
2026-08-31,BALLADORAN,752551,EWENMAR,21.1961,31.4651,24.1856,0.1068,3
2026-08-31,BREELONG,752557,EWENMAR,20.1221,31.3557,23.69,0.1025,3
2026-08-31,EUMUNGERIE,752579,EWENMAR,23.9043,30.886,24.9333,0.1097,3
2026-08-31,DRILLWARRINA,752575,EWENMAR,22.8785,29.434,24.0841,0.1078,3
2026-08-31,BURRA,753597,HARDEN,44.1404,41.2155,58.8132,0.1386,4
2026-08-31,THE MOLE,753494,GREGORY,19.8703,43.1512,30.9947,0.0443,3
2026-08-31,GREENBAH,751769,COURALLIE,14.578,28.3325,21.3892,0.018,2
2026-08-31,GOORIBUN,753456,GREGORY,20.1957,43.8314,32.084,0.0574,3
2026-08-31,NEWSTEAD,753299,GOUGH,2.8012,4.8372,6.8882,-0.0884,1
2026-08-31,DEVLIN,750835,BOURKE,56.3977,49.5219,63.8047,0.13,4
2026-08-31,GORDON,753283,GOUGH,2.7473,9.6165,8.7035,-0.0794,1
2026-08-31,STRATHBOGIE,753313,GOUGH,2.7262,8.981,7.5887,-0.0702,1
2026-08-31,NIMBIN,755726,ROUS,40.7198,73.0719,64.2073,0.0213,5
2026-08-31,RUSSELL,751224,CAIRA,68.3303,65.7145,59.1785,0.1141,5
2026-08-31,ROOKERY,751223,CAIRA,70.7906,69.52,62.064,0.119,5
2026-08-31,CURRUMBAH,755994,STAPYLTON,15.7142,23.2399,23.7198,0.0502,3
2026-08-31,WOLLOMBI,755270,NORTHUMBERLAND,8.8705,19.9196,22.2795,-0.2846,2
2026-08-31,WANGA,754730,MOSSGIEL,54.62,51.2902,54.7454,0.1549,5
2026-08-31,NEILA,752951,FORBES,59.7051,47.6708,54.5809,0.1649,4
2026-08-31,COOMBIE,754680,MOSSGIEL,54.6789,50.948,54.4238,0.1506,5
2026-08-31,CARTER,754676,MOSSGIEL,57.7584,53.786,58.531,0.1603,5
2026-08-31,MAROOPNA,754700,MOSSGIEL,58.2871,52.8454,57.8484,0.1564,5
2026-08-31,MERRIMERRIWA,750690,BLAXLAND,59.4092,53.7452,58.3315,0.1364,5
2026-08-31,YANG YANG,756813,WARADGERY,63.3189,55.117,50.5801,0.0921,5
2026-08-31,NICHOLSON,751211,CAIRA,67.4644,63.1932,58.3432,0.1079,5
2026-08-31,TULLOONA,756024,STAPYLTON,17.004,26.0387,24.7822,0.0579,3
2026-08-31,WARRA WARRAMA,756027,STAPYLTON,20.15,26.2423,26.7513,0.0568,3
2026-08-31,GALBRAITH,750382,BATHURST,61.555,57.3843,75.0943,0.0345,5
2026-08-31,COOLANGA,755992,STAPYLTON,14.095,22.5787,22.0172,0.0433,3
2026-08-31,COPPYMURRUMBILL,755993,STAPYLTON,12.1001,21.0199,20.7293,0.0237,2
2026-08-31,YARROWFORD,753325,GOUGH,5.7084,14.9868,11.1129,-0.1031,2
2026-08-31,ERROL,750380,BATHURST,58.7066,51.0788,71.6889,0.0577,5
2026-08-31,LINDSAY,750390,BATHURST,61.3196,52.7054,72.6866,0.0547,5
2026-08-31,WUNNAMURRA,756456,URANA,50.1155,55.4894,50.6065,0.1518,5
2026-08-31,JERILDERIE SOUTH,756426,URANA,48.9013,54.4699,49.1363,0.1525,4
2026-08-31,LAKE GEORGE,754891,MURRAY,36.4969,51.0233,60.1624,-0.0628,4
2026-08-31,FENS,753166,GLOUCESTER,2.6513,2.432,4.2353,-0.58,0
2026-08-31,COWEAMBAH,753157,GLOUCESTER,2.6881,3.0393,4.8471,-0.6034,0
2026-08-31,TALAWA,752747,FINCH,34.5419,45.676,38.6011,0.0487,4
2026-08-31,YAMBY,755085,NARRAN,28.4837,46.1946,39.0111,0.1164,3
2026-08-31,MILREA,752725,FINCH,26.6559,44.0055,36.5993,0.0887,3
2026-08-31,FINLEY,752283,DENISON,52.8863,55.0571,48.8613,0.1606,4
2026-08-31,ULUPNA,752299,DENISON,53.0337,55.796,48.638,0.1727,4
2026-08-31,BELMORE,756147,TARA,92.4669,92.8938,92.2619,0.1016,5
2026-08-31,YARLLALLA SOUTH,756198,TARA,91.6247,92.5865,92.0388,0.0746,5
2026-08-31,YOUNG,756199,TARA,92.4528,92.9701,91.7751,0.1128,5
2026-08-31,YARLLALLA,756197,TARA,91.7371,92.3592,91.5969,0.0712,5
2026-08-31,KEREWONG,754420,MACQUARIE,28.7576,60.5531,63.9056,-0.418,2
2026-08-31,INNES,754416,MACQUARIE,18.4191,40.9445,46.3332,-0.4789,2
2026-08-31,WAMBIANNA,752597,EWENMAR,25.2456,43.9639,34.0186,0.0883,3
2026-08-31,CAMPBELL,750916,BRISBANE,5.7698,15.6597,17.186,-0.0775,2
2026-08-31,BLENHEIM,757042,WESTMORELAND,63.8047,67.6165,86.4772,-0.0764,5
2026-08-31,NORWAY,757067,WESTMORELAND,65.833,73.2574,92.1118,-0.0963,5
2026-08-31,TRUGANINI,754650,MOOTWINGEE,91.2102,95.9609,95.1491,0.0733,5
2026-08-31,NEARGO,750489,BENARBA,18.1677,20.7609,23.1717,0.0022,2
2026-08-31,KAMANDRA,750164,ASHBURNHAM,55.4204,45.3202,45.8441,0.2623,4
2026-08-31,GUNNINGBA,755294,OXLEY,30.8713,55.4103,41.8613,0.1086,4
2026-08-31,MUCKERAWEA,755059,NARRAN,39.0981,57.5924,42.8105,0.0927,4
2026-08-31,HARDEN,751520,CLIVE,2.7618,8.0447,6.1981,-0.0617,1
2026-08-31,JEFFREY,751523,CLIVE,2.7364,8.312,6.0154,-0.0419,1
2026-08-31,ROCKLEY,753052,GEORGIANA,60.9874,64.1907,78.2647,0.0391,5
2026-08-31,WINDAUNKA,754653,MOOTWINGEE,96.062,97.0969,96.0623,0.0663,5
2026-08-31,CARRAWA,753022,GEORGIANA,56.5383,56.166,78.1111,0.036,5
2026-08-31,POPRAN,755253,NORTHUMBERLAND,25.9338,41.3859,43.3577,-0.3812,2
2026-08-31,RANGIRA,754946,NANDEWAR,12.1559,25.2452,19.5492,-0.062,2
2026-08-31,RANGERS VALLEY,753303,GOUGH,2.8297,10.7004,6.7963,-0.0798,1
2026-08-31,LOUIS,753291,GOUGH,4.191,12.4211,9.2814,-0.0963,1
2026-08-31,BARNETT,754100,KING,33.4749,35.8754,52.4744,0.0769,4
2026-08-31,HOVELL,754120,KING,33.7875,34.5597,51.8398,0.0803,4
2026-08-31,EGLINGTON,755224,NORTHUMBERLAND,28.6197,42.2199,44.1367,-0.3679,2
2026-08-31,NALOIRA,754522,MENINDEE,84.2669,86.4668,85.9207,0.0758,5
2026-08-31,UNDEATHI,754388,LIVINGSTONE,82.9415,85.6009,85.2194,0.0835,5
2026-08-31,ROUCHEL,752483,DURHAM,3.8306,14.249,8.0975,-0.3436,1
2026-08-31,TELTAWONGEE,754648,MOOTWINGEE,94.9794,94.6248,95.0302,0.0667,5
2026-08-31,TUCINYAH,754651,MOOTWINGEE,95.769,94.3777,94.7244,0.0562,5
2026-08-31,BALLANBILLIAN,754987,NARRAN,49.1522,55.3401,48.1146,0.109,5
2026-08-31,BILLYRAMBIJA,750003,ARGYLE,42.0118,56.1526,71.3312,-0.26,5
2026-08-31,TARATTA,752118,CUNNINGHAM,28.1309,42.4204,41.3919,0.1131,3
2026-08-31,BOONA WEST,752074,CUNNINGHAM,29.9895,49.948,44.7663,0.1285,3
2026-08-31,LACHLAN,754632,MOOTWINGEE,91.2006,94.4416,94.627,0.0658,5
2026-08-31,YANGIMULLA,754658,MOOTWINGEE,95.2968,95.5103,95.6693,0.0772,5
2026-08-31,WOOBURRABEBE,752766,FINCH,34.8893,49.3972,43.0143,0.0402,4
2026-08-31,YOURBLAH,752770,FINCH,33.3396,47.9283,39.9929,0.0406,4
2026-08-31,TEEGARRAARA,754647,MOOTWINGEE,96.3147,92.9518,92.5467,0.0229,5
2026-08-31,BLIGH,752605,FARNELL,96.4595,92.1522,91.8456,0.061,5
2026-08-31,BYJERKERNO,752610,FARNELL,94.1875,91.5777,90.6097,0.086,5
2026-08-31,ALBERTA,752602,FARNELL,94.1038,91.4831,91.2194,0.0904,5
2026-08-31,CORONA,752616,FARNELL,96.0152,91.9968,92.0428,0.0857,5
2026-08-31,WALKERS HILL,752912,FLINDERS,40.353,58.4405,51.7166,0.1767,4
2026-08-31,TANGORY,752493,DURHAM,0.9511,10.8115,4.4179,-0.4887,1
2026-08-31,MIRANNIE,752475,DURHAM,0.7627,8.6124,3.1025,-0.4492,1
2026-08-31,PARNELL,751023,BUCKLAND,12.5794,17.6011,7.3419,-0.1519,2
2026-08-31,CRAWNEY,755323,PARRY,12.9821,17.2897,6.6102,-0.1817,2
2026-08-31,DARBY,753655,HARDINGE,2.7434,9.1031,9.243,-0.0906,1
2026-08-31,SINGLE,753673,HARDINGE,1.9408,8.0174,5.082,-0.0654,1
2026-08-31,SWINTON,753678,HARDINGE,2.2311,8.1532,7.7129,-0.0913,1
2026-08-31,DUNGELL,752685,FINCH,30.3557,45.9213,39.1505,0.0341,4
2026-08-31,WOMMO,751618,CLYDE,23.3088,43.9762,35.5599,0.1015,3
2026-08-31,GINGE,751576,CLYDE,23.905,44.6185,36.5496,0.1134,3
2026-08-31,MUNGILADH,755060,NARRAN,41.6445,57.6906,43.7973,0.0905,5
2026-08-31,BROTHERONEY,752313,DOWLING,30.1563,33.3319,32.2295,0.1267,4
2026-08-31,WARDRY,752353,DOWLING,27.2549,32.5526,32.181,0.1114,3
2026-08-31,TOMORRAGO,752749,FINCH,30.0176,47.0069,38.3331,0.0254,4
2026-08-31,DIRELMABILDI,750459,BENARBA,16.7509,19.912,22.4254,-0.0045,2
2026-08-31,BARRANGEEL,752643,FINCH,27.9383,44.0994,38.129,0.0261,2
2026-08-31,SPEEWA,756580,WAKOOL,88.1481,77.4239,66.3212,0.1835,5
2026-08-31,PUAH,756577,WAKOOL,87.6443,77.5047,66.9729,0.1858,5
2026-08-31,BARNBAH,752642,FINCH,26.277,45.4861,35.4604,0.0904,3
2026-08-31,ROSE,752744,FINCH,27.5862,44.0382,36.6077,0.0573,3
2026-08-31,NAMBUCURRA,755386,PERRY,81.2711,85.7102,80.7666,0.1077,5
2026-08-31,BYGALORIE,753076,GIPPS,39.8962,35.6587,38.6861,0.168,4
2026-08-31,CURRIBA,752320,DOWLING,36.9495,34.4465,34.2814,0.1493,4
2026-08-31,BUMBERRY,750142,ASHBURNHAM,55.0374,42.0468,44.6987,0.2355,4
2026-08-31,BINDOGUNDRA,750135,ASHBURNHAM,54.9687,42.9258,41.0379,0.2495,4
2026-08-31,MERRIGAL,752587,EWENMAR,20.955,40.3493,29.5611,0.0862,3
2026-08-31,CONNIBONG,752571,EWENMAR,19.9689,37.8631,28.2174,0.0892,3
2026-08-31,CULLULLA,750012,ARGYLE,30.199,54.0931,65.5549,-0.3754,5
2026-08-31,NADGIGOMAR,750036,ARGYLE,24.7161,50.7528,59.3416,-0.3955,2
2026-08-31,UROTAH,755847,SANDON,7.2834,18.4229,16.9011,-0.2431,2
2026-08-31,BLUFF LAND,751497,CLIVE,4.0144,16.8221,8.7634,-0.089,1
2026-08-31,BLOXSOME,752650,FINCH,28.7885,43.0429,36.7712,0.0362,2
2026-08-31,BARFORD,752445,DURHAM,1.431,8.9878,5.2646,-0.565,1
2026-08-31,YARRA YARRA,753363,GOULBURN,54.2739,56.0484,66.8061,0.1525,5
2026-08-31,NARRA NARRA WA,753353,GOULBURN,56.1247,64.4889,71.6567,0.1451,5
2026-08-31,HILLGROVE,755830,SANDON,6.7901,17.0465,14.0677,-0.1823,2
2026-08-31,METZ,755834,SANDON,7.2956,16.1909,14.5725,-0.1809,2
2026-08-31,KIRBAN,753388,GOWEN,18.0056,24.3279,21.7124,0.0463,3
2026-08-31,WINGABUTTA,753409,GOWEN,17.9189,23.185,20.8777,0.0423,3
2026-08-31,EURUNDEREE,753162,GLOUCESTER,2.0182,1.9726,2.93,-0.5489,0
2026-08-31,VICARS,751136,BURNETT,11.0364,16.36,18.1931,-0.0207,2
2026-08-31,CLARE,751095,BURNETT,9.7965,17.3088,19.5116,-0.0272,2
2026-08-31,ADAMS,751085,BURNETT,10.9465,17.8679,19.0827,-0.0485,2
2026-08-31,FITZROY,753987,KENNEDY,39.0511,60.9534,53.0492,0.1782,4
2026-08-31,BURRA,753976,KENNEDY,36.47,58.4613,48.5947,0.1732,4
2026-08-31,CURUMBENYA,750153,ASHBURNHAM,52.1576,41.0089,39.1359,0.2214,4
2026-08-31,BEARGAMIL,750132,ASHBURNHAM,54.8497,44.3459,42.6763,0.2247,4
2026-08-31,MUNDONGO,750991,BUCCLEUCH,21.6678,28.1795,47.4868,0.0746,3
2026-08-31,TUMUT,757252,WYNYARD,20.7682,29.6888,45.8313,0.0722,3
2026-08-31,CARISBROOK,752316,DOWLING,31.9089,31.9612,31.9446,0.1325,4
2026-08-31,CONTARLO,752318,DOWLING,30.6265,29.8236,30.7667,0.1241,3
2026-08-31,BORO,750004,ARGYLE,24.0325,51.3624,59.2398,-0.3487,2
2026-08-31,GIN GIN,755107,NARROMINE,29.1661,47.2362,37.2582,0.0967,3
2026-08-31,MULLAH,755116,NARROMINE,30.8862,49.3897,39.9338,0.095,4
2026-08-31,TUNCURRY,753207,GLOUCESTER,2.3131,4.3548,4.3736,-0.6048,0
2026-08-31,WANG WAUK,753212,GLOUCESTER,2.0693,3.6853,3.5242,-0.5953,0
2026-08-31,YALCOGRIN,753411,GOWEN,17.8172,34.0288,23.7996,0.0887,3
2026-08-31,BIRALBUNG,753369,GOWEN,17.9393,30.7764,23.797,0.0752,3
2026-08-31,DIGHT,751013,BUCKLAND,11.6208,18.3336,16.3896,-0.0427,2
2026-08-31,JOHNSTON,755505,POTTINGER,12.8255,29.0833,17.9678,-0.0256,2
2026-08-31,MOLONGLO,754895,MURRAY,35.2782,57.6176,59.375,-0.1307,5
2026-08-31,BANGAROO,750356,BATHURST,54.6309,42.6399,43.591,0.2127,4
2026-08-31,BELUBULA,750134,ASHBURNHAM,53.0686,40.5421,43.4101,0.2129,4
2026-08-31,COLLETT,750147,ASHBURNHAM,51.242,39.6149,42.5411,0.1962,4
2026-08-31,KING,751774,COURALLIE,16.6834,23.4376,24.6049,0.0386,2
2026-08-31,HARVEY,756001,STAPYLTON,15.8179,21.6607,22.963,0.0456,3
2026-08-31,BENDEMEER,753831,INGLIS,9.2606,12.0737,10.7235,-0.119,2
2026-08-31,MINNAMINANE,751778,COURALLIE,19.8811,34.2038,30.8731,0.0187,2
2026-08-31,KRUI,750475,BENARBA,19.0098,31.2141,30.5553,0.0163,2
2026-08-31,GUNDEMAIN,753936,JAMISON,30.7353,47.3247,47.395,0.0392,4
2026-08-31,MERIAH,753946,JAMISON,30.7366,46.1637,46.1943,0.0422,4
2026-08-31,NARANGARIE,754977,NAPIER,12.9475,27.5803,20.7223,0.0066,2
2026-08-31,TALBRAGAR,750766,BLIGH,11.8141,27.1845,21.6513,0.0052,2
2026-08-31,FALNASH,755774,ROXBURGH,35.8048,42.7297,59.411,-0.0923,5
2026-08-31,TRIELMAN,754258,LEICHHARDT,24.2693,47.0042,37.7043,0.0707,3
2026-08-31,LANSDOWNE,754429,MACQUARIE,9.1928,30.011,31.5227,-0.5751,2
2026-08-31,WHITBARROW,752918,FLINDERS,23.6515,53.9314,41.87,0.1117,3
2026-08-31,BOREE,752861,FLINDERS,27.3193,53.1127,44.9244,0.1243,3
2026-08-31,FOSTER,752877,FLINDERS,26.0801,52.8958,46.7596,0.1186,3
2026-08-31,ALTHORPE,752441,DURHAM,3.921,17.8456,16.2248,-0.1215,1
2026-08-31,GRUBBEN,754553,MITCHELL,59.7013,65.6852,67.9911,0.1077,5
2026-08-31,HENTY,753741,HUME,60.6448,64.765,68.6021,0.1335,5
2026-08-31,MATALONG,756098,TAILA,91.8874,79.8621,76.6935,0.1598,5
2026-08-31,BERTRAM,756077,TAILA,90.527,79.0124,75.1981,0.1892,5
2026-08-31,BENGALLOW,756076,TAILA,91.4956,79.8963,76.6897,0.154,5
2026-08-31,HARROWBY,755229,NORTHUMBERLAND,4.8282,16.7746,17.6535,-0.2952,1
2026-08-31,MOLLEE,757115,WHITE,30.7671,45.8966,41.321,0.0504,4
2026-08-31,GALATHERA,753932,JAMISON,31.0036,45.8721,42.612,0.0501,4
2026-08-31,PALMER,756315,TOWNSEND,49.9523,47.0227,42.3078,0.1308,4
2026-08-31,WARGAM,756338,TOWNSEND,49.9142,47.9589,42.8125,0.1295,4
2026-08-31,BULGOGAR,754186,LEICHHARDT,26.6095,45.0353,33.8021,0.1055,3
2026-08-31,WEETALIBA,754271,LEICHHARDT,26.1503,43.0327,32.2836,0.1044,3
2026-08-31,GILGOOMA,754213,LEICHHARDT,24.9145,42.6566,32.7256,0.1131,3
2026-08-31,CAMPBELL,754190,LEICHHARDT,25.9097,44.8022,31.881,0.1185,3
2026-08-31,ST PETER,752062,CUMBERLAND,38.8969,46.1089,60.5758,-0.2951,5
2026-08-31,TOWYAL,753118,GIPPS,58.2411,61.9327,52.8372,0.2754,5
2026-08-31,WARROO,753127,GIPPS,51.3672,58.1596,48.6202,0.2362,4
2026-08-31,BAGOT,751436,CLARKE,4.9547,13.5238,8.7785,-0.0656,1
2026-08-31,LINDSAY,751586,CLYDE,29.3597,47.8948,39.237,0.1561,3
2026-08-31,CUDGELONG,752935,FORBES,60.7369,45.1039,51.089,0.1742,4
2026-08-31,BIRRUMA,754992,NARRAN,44.8929,52.8592,46.0845,0.092,5
2026-08-31,MOONGOONOOLA,755056,NARRAN,47.0426,57.0684,46.9705,0.0995,5
2026-08-31,WOODONGA,754609,MONTEAGLE,65.4767,65.6849,69.3917,0.1391,5
2026-08-31,YOUNG,754611,MONTEAGLE,63.8941,64.9624,69.0593,0.1345,5
2026-08-31,WOOLABRAR,753964,JAMISON,22.1354,35.6854,36.0415,0.0309,2
2026-08-31,MANAMOI,753941,JAMISON,20.8347,34.8268,34.9453,0.0274,2
2026-08-31,WATERLOO,753961,JAMISON,20.4188,33.9851,34.4242,0.0268,2
2026-08-31,BURRA,752134,DAMPIER,3.077,9.6412,14.9189,-0.3443,1
2026-08-31,MACKENZIE,750936,BRISBANE,6.1812,17.4735,16.5496,-0.0816,2
2026-08-31,BERGALIA,752129,DAMPIER,2.9389,8.8234,13.2115,-0.3179,1
2026-08-31,GALWADGERE,756882,WELLINGTON,16.8054,25.5177,20.8553,0.047,3
2026-08-31,WELLINGTON,756920,WELLINGTON,21.8717,28.8617,25.0245,0.0578,3
2026-08-31,CRINOLINE,750451,BENARBA,17.0239,19.4022,21.4206,-0.011,2
2026-08-31,NUMBY NUMBY,750493,BENARBA,17.6252,19.8405,22.2618,-0.0028,2
2026-08-31,ONSLOW,750554,BERESFORD,21.6591,45.9931,52.8416,-0.2116,2
2026-08-31,BEN LOMOND,753263,GOUGH,3.5248,12.1639,6.8591,-0.0536,1
2026-08-31,MOREDUN,753665,HARDINGE,3.4331,11.6581,6.3875,-0.0596,1
2026-08-31,YARRAMAN,752767,FINCH,26.5628,37.549,35.2488,0.0404,3
2026-08-31,GAMALALLY,752696,FINCH,23.3128,29.4936,33.0985,0.0426,3
2026-08-31,MOONGULLA,752727,FINCH,27.5404,39.9617,35.2352,0.0418,3
2026-08-31,BENEREE,750360,BATHURST,52.6102,41.7955,65.3896,0.0831,4
2026-08-31,BARWON,752644,FINCH,25.7754,36.9196,34.7897,0.0421,3
2026-08-31,ROBERTS,752743,FINCH,22.8301,30.9042,33.3849,0.0448,3
2026-08-31,COWELBA,752678,FINCH,27.6796,38.7013,35.8612,0.0469,3
2026-08-31,CRUDINE,755768,ROXBURGH,14.3454,22.1306,17.2756,-0.0171,2
2026-08-31,TUNNABIDGEE,756913,WELLINGTON,14.3985,20.8484,15.1488,-0.0133,2
2026-08-31,DAWSON,754410,MACQUARIE,9.9729,31.8224,33.8478,-0.5902,2
2026-08-31,MANILLA,752191,DARLING,9.013,13.0324,13.782,-0.1024,2
2026-08-31,BALDWIN,752169,DARLING,10.4983,15.0521,14.8905,-0.0882,2
2026-08-31,NEUREA,753242,GORDON,21.7019,24.1285,22.1847,0.0619,3
2026-08-31,NARRAGAL,753241,GORDON,20.2871,24.029,21.5847,0.0602,3
2026-08-31,MOUNT POOLE,755462,POOLE,98.588,100,99.5042,0.0462,5
2026-08-31,WARRATTA,756240,TONGOWOKO,97.8729,100,99.3645,0.0469,5
2026-08-31,GNUPA,750207,AUCKLAND,4.028,8.345,21.7075,-0.3042,1
2026-08-31,LANG,755459,POOLE,99.0951,100,99.7032,0.0314,5
2026-08-31,STURT,755467,POOLE,99.2765,100,99.7466,0.0187,5
2026-08-31,YOWAKA,750242,AUCKLAND,6.5558,12.7583,23.8907,-0.3,2
2026-08-31,QWYARIGO,751380,CLARENCE,19.1354,40.2067,31.7078,-0.151,2
2026-08-31,CALAMIA,751358,CLARENCE,23.0164,40.3813,29.119,-0.14,2
2026-08-31,GRABBEN GULLEN,754115,KING,27.9801,35.8932,53.215,-0.0695,2
2026-08-31,CUNNAWARRA,751447,CLARKE,21.9871,59.8611,56.6933,-0.236,2
2026-08-31,COOLRINGDON,750534,BERESFORD,22.2787,39.749,60.9559,-0.2153,2
2026-08-31,BINGLE,755473,POTTINGER,11.7527,28.2873,16.5069,0.008,2
2026-08-31,EMOGANDRY,752577,EWENMAR,28.0971,40.9919,31.3618,0.108,3
2026-08-31,WIRRIGAI,752600,EWENMAR,30.0321,47.8432,33.5711,0.1089,4
2026-08-31,NERANG COWAL,753109,GIPPS,48.452,51.5513,48.4266,0.2178,4
2026-08-31,MOORA MOORA,753106,GIPPS,54.3119,58.6307,52.7433,0.2423,5
2026-08-31,MURIEL,751334,CANBELEGO,29.1715,52.8062,45.3988,0.1249,3
2026-08-31,BEAUFORT,750358,BATHURST,58.5057,48.799,67.7494,0.0915,4
2026-08-31,BLOXSOME,751496,CLIVE,10.1717,28.739,18.9273,-0.0973,2
2026-08-31,TIMBARRA,751541,CLIVE,10.8653,27.959,15.7152,-0.1086,2
2026-08-31,GUNNEDAH,755503,POTTINGER,15.4259,30.95,21.1826,-0.0086,2
2026-08-31,GILL,755497,POTTINGER,15.1243,26.5046,18.3293,0.0002,2
2026-08-31,BLACK JACK,755474,POTTINGER,15.0029,28.3644,19.6119,-0.0016,2
2026-08-31,POONCAIRA,755396,PERRY,81.6661,80.0771,79.5526,0.1141,5
2026-08-31,NYMBOIDA,752836,FITZROY,8.3365,23.4206,22.0604,-0.1356,2
2026-08-31,MARTIN,752832,FITZROY,6.7532,22.5702,16.6937,-0.0893,2
2026-08-31,WILLIMBONG,751742,COOPER,37.7386,36.6897,43.1784,0.1106,4
2026-08-31,NERONG,753190,GLOUCESTER,2.6036,2.2808,4.2807,-0.605,0
2026-08-31,BLAXLAND,755210,NORTHUMBERLAND,11.806,21.1682,27.2379,-0.4085,2
2026-08-31,COLLIE,752570,EWENMAR,21.7932,38.763,30.1052,0.0851,3
2026-08-31,CARUAL,755281,OXLEY,29.6092,52.2537,40.3033,0.1015,3
2026-08-31,TACKLEBANG,752593,EWENMAR,21.4417,38.1073,29.1101,0.0916,3
2026-08-31,NEWRYBAR,755725,ROUS,31.2922,70.991,57.7804,-0.0495,5
2026-08-31,BUGALDIE,750251,BARADINE,14.0115,21.142,18.5812,0.045,3
2026-08-31,HORTON,753176,GLOUCESTER,1.8113,4.9422,6.5613,-0.5898,1
2026-08-31,COOLAMON,750829,BOURKE,52.7203,51.9253,65.7969,0.1184,5
2026-08-31,GOALLY,755498,POTTINGER,13.1667,26.3319,18.4613,0.014,2
2026-08-31,HERMITAGE,751322,CANBELEGO,27.1369,51.6379,41.1,0.1173,3
2026-08-31,MEDWAY,754317,LINCOLN,15.4475,27.9263,22.9657,0.0283,2
2026-08-31,GAMBA,754312,LINCOLN,15.9911,29.36,23.0539,0.0314,2
2026-08-31,COBBORA,754301,LINCOLN,13.6038,28.0378,23.6998,0.018,2
2026-08-31,BLACKHEATH,754289,LINCOLN,14.3625,26.812,21.1514,0.019,2
2026-08-31,GUNNING GRACH,756836,WELLESLEY,11.7725,10.748,19.9952,-0.3202,2
2026-08-31,COOLAH,754966,NAPIER,15.2901,24.6047,19.2804,0.006,2
2026-08-31,MUMBEDAH,754975,NAPIER,16.7998,24.3585,19.8876,0.0097,2
2026-08-31,TINKRAMEANAH,755523,POTTINGER,14.4654,26.8368,17.7511,0.0171,2
2026-08-31,URANGERA,755526,POTTINGER,11.4637,25.9118,16.2115,0.0122,2
2026-08-31,WOODFORD,751670,COOK,21.8248,47.4152,43.0723,-0.3175,2
2026-08-31,LINDEN,751652,COOK,25.8028,51.7429,45.0665,-0.3333,2
2026-08-31,YERAI,750637,BLAND,71.5884,63.0499,65.3391,0.1681,5
2026-08-31,YARRAN,750635,BLAND,68.9787,61.3525,64.4586,0.1497,5
2026-08-31,BOYEO,756258,TOWNSEND,59.4006,61.8881,52.6687,0.1482,5
2026-08-31,ORARA,757159,WINDEYER,87.4647,83.4651,82.7334,0.1046,5
2026-08-31,BARRAGANYATTI,752403,DUDLEY,10.4768,37.7222,36.6891,-0.4755,2
2026-08-31,UNKYA,755559,RALEIGH,10.5142,35.404,32.0206,-0.4749,2
2026-08-31,HAMILTON,753284,GOUGH,2.6762,9.7762,7.9815,-0.0668,1
2026-08-31,STRATHBOGIE NORTH,753314,GOUGH,2.6024,9.4276,6.7195,-0.0703,1
2026-08-31,BUNDAR,753268,GOUGH,2.509,9.734,5.8253,-0.0628,1
2026-08-31,SCONE,753308,GOUGH,2.7301,9.9667,7.3577,-0.0679,1
2026-08-31,OURAL,754243,LEICHHARDT,26.3404,49.6204,34.3597,0.0731,3
2026-08-31,WOOLINGAR,754275,LEICHHARDT,26.8793,47.9154,35.6437,0.0876,3
2026-08-31,BURRIE,756934,WENTWORTH,87.8773,83.6563,82.9399,0.1064,5
2026-08-31,MERNO,756953,WENTWORTH,90.5719,85.5021,83.5877,0.0992,5
2026-08-31,CONNARGEE,756937,WENTWORTH,85.4828,82.915,81.9938,0.115,5
2026-08-31,MERINGO,756843,WELLESLEY,11.6047,9.7315,22.3763,-0.2643,2
2026-08-31,CAMBALONG,756825,WELLESLEY,12.0654,14.3278,25.6024,-0.2888,2
2026-08-31,JAMISON,751646,COOK,21.8194,47.6186,38.3812,-0.3249,2
2026-08-31,WYNN,752503,DURHAM,3.8507,16.9535,13.617,-0.1543,1
2026-08-31,BOLARO,754291,LINCOLN,12.8058,28.0176,23.5069,0.0123,2
2026-08-31,WARGUNDY,750774,BLIGH,12.1699,27.3462,23.2314,0.0078,2
2026-08-31,PINEGOBLA,752740,FINCH,30.7442,41.8069,37.8549,0.0468,4
2026-08-31,GOONINGERI,752699,FINCH,28.3321,41.1938,36.2451,0.0434,3
2026-08-31,GUNDABLOUI,752707,FINCH,22.0739,25.5562,30.7954,0.0341,2
2026-08-31,GREEN,752705,FINCH,24.914,33.8002,34.577,0.0433,3
2026-08-31,MUNDOO,752733,FINCH,32.0051,45.0747,38.5909,0.0438,4
2026-08-31,PEELBOROUGH,752738,FINCH,28.9865,41.7329,36.6742,0.0377,2
2026-08-31,DUNUMBRAL,752686,FINCH,27.7776,41.2935,35.618,0.0418,3
2026-08-31,SOUTH CONDOBOLIN,753113,GIPPS,22.4885,33.298,32.6026,0.0929,3
2026-08-31,CONDOBOLIN,752080,CUNNINGHAM,21.9837,34.0996,33.639,0.09,3
2026-08-31,ST GEORGE,752056,CUMBERLAND,24.6555,46.8405,48.0742,-0.3416,2
2026-08-31,SCOTT,756978,WENTWORTH,92.2618,85.0972,85.3372,0.0927,5
2026-08-31,CURNOO,756942,WENTWORTH,90.4752,84.9664,84.0594,0.1007,5
2026-08-31,TARANGARA,756981,WENTWORTH,91.8339,85.2961,85.2504,0.0969,5
2026-08-31,BEBRUE,753416,GREGORY,21.8647,48.7969,32.5175,0.0535,3
2026-08-31,MERRINELE,753473,GREGORY,20.7502,47.4366,32.8553,0.0427,3
2026-08-31,WANGANDERRY,751293,CAMDEN,35.0133,46.7839,62.1569,-0.3759,5
2026-08-31,BULLIO,751256,CAMDEN,32.2758,46.812,60.6946,-0.3752,5
2026-08-31,TERRAMUNGAMINE,754328,LINCOLN,30.6797,36.6597,27.2581,0.1187,3
2026-08-31,GOONOO,754314,LINCOLN,27.6709,34.0147,25.6871,0.1062,3
2026-08-31,COOMASSIE,751635,COOK,22.5193,47.5112,59.2431,-0.3149,2
2026-08-31,MAGDALA,751654,COOK,23.4369,45.932,57.4264,-0.308,2
2026-08-31,LOWRY,750391,BATHURST,62.5344,57.9482,70.0734,0.0427,5
2026-08-31,BERRY JERRY,750822,BOURKE,54.9746,49.6637,64.8499,0.1483,4
2026-08-31,KINDRA,750846,BOURKE,52.9682,49.0111,65.304,0.133,4
2026-08-31,MURRULEBALE,750857,BOURKE,53.8597,53.5325,64.165,0.1521,5
2026-08-31,YERTA,756996,WENTWORTH,92.5491,89.4254,86.9672,0.0865,5
2026-08-31,REDBANK,753246,GORDON,28.0306,30.216,26.9312,0.101,3
2026-08-31,RYANDA,751474,CLARKE,4.9777,13.9521,10.061,-0.0737,1
2026-08-31,TUBBAMURRA,751482,CLARKE,6.8174,14.9169,13.9944,-0.0877,2
2026-08-31,BRYANUNGRA,755986,STAPYLTON,20.7309,29.7385,29.3668,0.0629,3
2026-08-31,TUN COOEY,756025,STAPYLTON,17.9211,23.0001,24.2819,0.0501,3
2026-08-31,GUNGEWALLA,754591,MONTEAGLE,57.4511,54.9811,66.4636,0.1315,5
2026-08-31,MURRINGO,754598,MONTEAGLE,64.4926,62.0497,67.1152,0.1389,5
2026-08-31,LINCOLN,751327,CANBELEGO,23.0292,45.7414,34.92,0.0976,3
2026-08-31,TRITTON,751346,CANBELEGO,25.5957,48.6702,37.1931,0.1062,3
2026-08-31,EUALDRIE,752939,FORBES,75.1953,67.9645,68.1173,0.2093,5
2026-08-31,MELYRA,752945,FORBES,71.5187,62.8351,63.1433,0.2261,5
2026-08-31,CURRA,753230,GORDON,23.6178,26.5089,23.1827,0.0648,3
2026-08-31,GUNDY,753238,GORDON,25.7858,28.4668,25.7579,0.0748,3
2026-08-31,STRATHEDEN,755738,ROUS,35.3863,71.7383,69.0699,-0.0608,5
2026-08-31,WALLENDOON,753630,HARDEN,57.3128,56.0201,66.4574,0.1379,5
2026-08-31,COPES CREEK,753654,HARDINGE,2.0918,7.9368,6.1151,-0.0796,1
2026-08-31,NEW VALLEY,753667,HARDINGE,2.3756,9.1009,5.5063,-0.0849,1
2026-08-31,THERRIBRI,754948,NANDEWAR,16.7995,28.4532,25.7028,0.0105,2
2026-08-31,LEARD,754940,NANDEWAR,15.7183,26.9651,22.0082,-0.0007,2
2026-08-31,NULTY,753571,GUNDERBOOKA,42.8842,61.4673,59.1055,0.1805,4
2026-08-31,URANA,756447,URANA,54.1848,53.7381,56.6938,0.1108,5
2026-08-31,ARIPILIS,753541,GUNDERBOOKA,43.9873,62.4898,60.5719,0.1863,4
2026-08-31,MEGALONG,751657,COOK,36.2006,53.5649,51.1921,-0.2956,5
2026-08-31,MAREBONE,753466,GREGORY,23.2503,47.2044,35.1627,0.0641,3
2026-08-31,DRYBURGH,753439,GREGORY,23.535,45.661,34.4739,0.0694,3
2026-08-31,NAMBUCCA,755550,RALEIGH,6.8905,40.7524,37.0737,-0.4295,2
2026-08-31,VALLEY VALLEY,755560,RALEIGH,7.4079,45.1917,44.2601,-0.4101,2
2026-08-31,MARAH,751149,CADELL,70.0347,63.6298,52.0116,0.1422,5
2026-08-31,GOBRAM,756285,TOWNSEND,64.4727,60.1717,50.1901,0.144,5
2026-08-31,BULLENBONG,754542,MITCHELL,60.27,61.8491,70.1307,0.0743,5
2026-08-31,TOOTOOL,754566,MITCHELL,59.4817,63.5303,69.5049,0.0792,5
2026-08-31,STURT,756979,WENTWORTH,93.6176,90.6851,89.4553,0.087,5
2026-08-31,MATE,757240,WYNYARD,33.9609,42.2603,57.5026,0.1029,4
2026-08-31,BELMORE,757215,WYNYARD,35.8133,43.4179,59.8594,0.1094,4
2026-08-31,ARNDELL,753767,HUNTER,4.8283,17.8403,17.8087,-0.0859,1
2026-08-31,MEDIWAH,753797,HUNTER,4.8113,18.6881,18.5432,-0.1019,1
2026-08-31,SEVERN,753310,GOUGH,4.315,13.5687,8.8503,-0.0948,1
2026-08-31,BLOXSOME,753266,GOUGH,5.595,15.7094,12.7685,-0.1053,2
2026-08-31,MERRILL,754129,KING,31.216,39.3271,54.4196,-0.0224,4
2026-08-31,GURRUNDAH,750019,ARGYLE,29.8361,38.4221,54.6825,-0.0722,2
2026-08-31,GRANTHAM,750385,BATHURST,58.9586,52.4066,61.8086,0.0516,5
2026-08-31,BORAIG,750974,BUCCLEUCH,40.2905,54.6058,70.9512,0.1554,5
2026-08-31,SALT LAKE,756977,WENTWORTH,91.4324,85.4124,84.9645,0.0911,5
2026-08-31,GUNDARY,750018,ARGYLE,36.4798,54.5516,71.8926,-0.2778,5
2026-08-31,MOORQUONG,752784,FITZGERALD,84.9597,93.2672,92.7492,0.133,5
2026-08-31,LESTRANGE,752781,FITZGERALD,84.7381,92.4104,91.8352,0.1258,5
2026-08-31,PORTHOLE,751156,CADELL,74.7931,66.1032,53.3914,0.1498,5
2026-08-31,DANBERRY,756535,WAKOOL,80.1355,69.1226,59.9715,0.1576,5
2026-08-31,MIA MIA,756559,WAKOOL,78.1269,68.3431,59.2854,0.1556,5
2026-08-31,HANGING ROCK,754554,MITCHELL,58.0266,63.5662,67.0156,0.096,5
2026-08-31,GOWANG,753383,GOWEN,15.4775,20.0061,16.9964,0.0312,2
2026-08-31,UARGON,753402,GOWEN,17.8971,21.8166,21.4919,0.0479,3
2026-08-31,BURRA,754871,MURRAY,60.5738,67.3069,70.9405,0.076,5
2026-08-31,TILLEGRA,752494,DURHAM,1.5335,3.8987,4.9921,-0.5258,0
2026-08-31,HAY SOUTH,756756,WARADGERY,50.6512,43.7739,42.8292,0.1103,4
2026-08-31,NARRAWIDGERY,756774,WARADGERY,52.1871,44.3939,41.7292,0.1142,4
2026-08-31,CARGELLIGO,752314,DOWLING,35.9146,35.6666,33.8574,0.1537,4
2026-08-31,YARRAN,752360,DOWLING,35.8948,36.8886,35.8561,0.1518,4
2026-08-31,MEEHAN,751656,COOK,16.4395,35.3388,45.6512,-0.3943,2
2026-08-31,WOWAGIN,753063,GEORGIANA,29.9755,45.5367,67.5274,-0.2638,4
2026-08-31,GUINEACOR,750017,ARGYLE,26.4455,44.6942,69.2075,-0.3,2
2026-08-31,MURROON,755333,PARRY,9.9967,17.9173,14.5064,-0.125,2
2026-08-31,CARWOOLA,754875,MURRAY,48.1954,59.7311,64.4097,-0.002,5
2026-08-31,YARROW,754922,MURRAY,53.5888,62.5259,67.8722,-0.0029,5
2026-08-31,TOONGCOOMA,756020,STAPYLTON,16.1896,22.942,23.8324,0.0422,3
2026-08-31,COX,751098,BURNETT,9.9839,14.7081,15.7124,0.0069,2
2026-08-31,MURGO,751118,BURNETT,11.5846,16.6524,17.5174,0.0184,2
2026-08-31,NEROBINGABLA,750946,BRISBANE,6.4589,16.1953,11.195,-0.0864,2
2026-08-31,WILLIS,750964,BRISBANE,6.8694,16.6862,9.1325,-0.0997,2
2026-08-31,KOREELAH,751068,BULLER,20.6458,36.3273,32.0928,-0.0552,2
2026-08-31,GORDON,752031,CUMBERLAND,16.6741,40.6633,45.576,-0.3799,2
2026-08-31,WOODENBONG,751082,BULLER,26.6493,44.982,40.8707,-0.0649,2
2026-08-31,DONALDSON,751059,BULLER,30.121,47.6287,45.707,-0.0408,4
2026-08-31,GUMIN,753386,GOWEN,15.2051,20.907,19.6432,0.0479,3
2026-08-31,TONDERBURINE,753400,GOWEN,16.2222,21.265,20.3329,0.0527,3
2026-08-31,GEROGERY,753339,GOULBURN,68.5556,67.5046,72.7425,0.2147,5
2026-08-31,FINDON,755708,ROUS,32.7983,48.4216,47.1592,0.013,4
2026-08-31,UNUMGAR,755750,ROUS,33.4517,47.0345,44.222,-0.0287,4
2026-08-31,BUMBLE,752659,FINCH,36.2027,46.9038,41.0945,0.055,4
2026-08-31,BIRRAH,752648,FINCH,39.2959,50.2261,43.8679,0.0612,5
2026-08-31,TUTAWA,752751,FINCH,36.926,47.9158,42.5872,0.0538,4
2026-08-31,WORENDO,755755,ROUS,38.6058,65.6279,49.091,0.0857,4
2026-08-31,COUGAL,755700,ROUS,36.8393,55.963,51.7979,0.0556,4
2026-08-31,BOLUNGERAI,750582,BLAND,73.4424,68.5037,65.3556,0.2225,5
2026-08-31,MAROWRIE,750609,BLAND,73.6013,66.7544,65.8702,0.208,5
2026-08-31,BOUVERIE,757044,WESTMORELAND,20.8024,41.1165,61.9505,-0.3177,2
2026-08-31,WIARBOROUGH,753062,GEORGIANA,22.2977,42.3839,70.1097,-0.2985,2
2026-08-31,PARA,756970,WENTWORTH,93.7606,89.5175,89.5281,0.0881,5
2026-08-31,BINGOO,756928,WENTWORTH,94.1171,90.7747,91.0358,0.0855,5
2026-08-31,MULLOON,754897,MURRAY,25.6873,51.0882,55.1531,-0.2766,2
2026-08-31,FAIRY MEADOW,754878,MURRAY,24.117,50.6439,57.8034,-0.2962,2
2026-08-31,CURRAWONG,751312,CANBELEGO,25.7384,51.5977,39.9036,0.1144,3
2026-08-31,GRANT,753173,GLOUCESTER,2.7825,3.9719,8.0115,-0.5963,1
2026-08-31,NIRRANDA,751337,CANBELEGO,23.7018,52.3818,38.9076,0.109,3
2026-08-31,YERONG,754574,MITCHELL,58.8486,63.7832,68.1419,0.1171,5
2026-08-31,MOMOLONG,752289,DENISON,54.8624,55.3063,50.3125,0.1225,5
2026-08-31,MACLEAN,754556,MITCHELL,57.2774,59.0675,68.5956,0.1415,5
2026-08-31,CLIVE,753271,GOUGH,3.6492,9.2164,10.7787,-0.1105,1
2026-08-31,INVERELL,753287,GOUGH,6.4155,9.4573,15.5448,-0.1572,2
2026-08-31,WOOLARTHA,755316,OXLEY,31.0638,58.4169,40.5806,0.1112,4
2026-08-31,WARIEN,755313,OXLEY,27.8785,59.5141,39.6969,0.1005,3
2026-08-31,GALORE,756417,URANA,59.2955,58.9793,68.7874,0.0784,5
2026-08-31,MULYAN,756895,WELLINGTON,32.7156,28.7724,37.0184,0.0655,3
2026-08-31,LARRAS LAKE,756888,WELLINGTON,29.121,26.6824,33.0792,0.0541,3
2026-08-31,GILL,753838,INGLIS,8.7071,11.7174,9.7857,-0.0988,2
2026-08-31,GULLIGAL,752184,DARLING,8.2453,11.4218,10.0875,-0.1067,2
2026-08-31,EGERIA,752875,FLINDERS,36.4138,56.1155,47.953,0.1617,4
2026-08-31,GRAYRIGG,752881,FLINDERS,30.2296,55.3478,47.1808,0.1414,4
2026-08-31,LAMBRIGG,752888,FLINDERS,33.7152,55.6711,45.6857,0.1486,4
2026-08-31,HASTINGS,753697,HAWES,32.1286,64.1687,70.5513,-0.4239,4
2026-08-31,WERRIBERRI,751296,CAMDEN,34.6433,47.4018,58.6828,-0.3302,5
2026-08-31,BURRAGORANG,751261,CAMDEN,38.3611,47.2713,60.6555,-0.3385,5
2026-08-31,TOLLINGO,752120,CUNNINGHAM,32.3396,41.9154,41.3583,0.1379,4
2026-08-31,KALINGA,752098,CUNNINGHAM,26.5937,33.1767,32.9709,0.1098,3
2026-08-31,BOGALO SOUTH,750645,BLAXLAND,48.7075,46.7655,47.9147,0.1589,4
2026-08-31,ERIBENDERY,750662,BLAXLAND,37.8737,41.7401,39.6554,0.1489,4
2026-08-31,CREAMY HILLS,750658,BLAXLAND,36.4187,39.8,38.2976,0.1528,4
2026-08-31,WILLAMA,752124,CUNNINGHAM,37.2512,46.9817,47.195,0.1611,4
2026-08-31,BOOBEROI,750646,BLAXLAND,34.1014,37.0167,36.3123,0.1535,4
2026-08-31,GUAGONG,750668,BLAXLAND,31.6775,36.7688,35.5699,0.136,4
2026-08-31,BOGALO,750644,BLAXLAND,48.2335,47.3032,48.4049,0.1599,4
2026-08-31,EUABALONG,750663,BLAXLAND,36.5862,39.7503,38.6772,0.1463,4
2026-08-31,DEWHURST,753926,JAMISON,30.2265,47.0268,45.1927,0.0621,4
2026-08-31,KATAMBONE,752251,DENHAM,30.0155,49.216,44.0652,0.0603,4
2026-08-31,BORANEL,753153,GLOUCESTER,7.6674,16.1892,17.021,-0.5299,2
2026-08-31,BINDERA,753147,GLOUCESTER,9.1028,19.2315,21.5574,-0.5371,2
2026-08-31,EMU,752578,EWENMAR,23.0317,29.4489,24.5228,0.1024,3
2026-08-31,EURA,752580,EWENMAR,21.7106,29.8901,24.1122,0.1025,3
2026-08-31,WATT,750959,BRISBANE,6.7763,17.2086,16.6422,-0.0812,2
2026-08-31,MERRIWA,750942,BRISBANE,6.4521,17.0644,15.787,-0.0874,2
2026-08-31,ERUDGERE,756880,WELLINGTON,9.8594,19.2402,13.4759,0.0069,2
2026-08-31,HOWICK,752468,DURHAM,3.6089,16.1187,15.0463,-0.17,1
2026-08-31,TANBAN,752428,DUDLEY,9.8196,28.7378,30.4294,-0.4802,2
2026-08-31,WEAN,754953,NANDEWAR,14.7829,22.6732,19.6855,-0.0286,2
2026-08-31,WILLURI,754955,NANDEWAR,13.5,24.4986,19.2823,-0.0571,2
2026-08-31,EASTLAKE,752244,DENHAM,28.4324,47.2113,43.6423,0.0545,3
2026-08-31,TERELL,750953,BRISBANE,5.908,15.709,11.2164,-0.0929,2
2026-08-31,KINDEE,754424,MACQUARIE,14.5278,27.7532,33.4751,-0.4953,2
2026-08-31,MAMRE,752101,CUNNINGHAM,34.6739,43.4825,42.451,0.1471,4
2026-08-31,PALISTHAN,752115,CUNNINGHAM,30.9133,38.623,38.307,0.1293,4
2026-08-31,GOOBANG,750160,ASHBURNHAM,55.2815,48.4134,46.8896,0.2116,4
2026-08-31,EUMUR,752180,DARLING,7.1444,13.235,14.0527,-0.1236,2
2026-08-31,WELSH,752203,DARLING,6.7504,13.7523,12.2196,-0.101,2
2026-08-31,WILSON,752204,DARLING,7.4723,12.9374,13.7508,-0.1175,2
2026-08-31,VICTORIA,757310,YANCOWINNA,87.4355,89.54,86.4929,0.0721,5
2026-08-31,OPHARA,757297,YANCOWINNA,87.7592,89.4195,84.7874,0.0701,5
2026-08-31,COOMBARRA,757275,YANCOWINNA,84.0884,85.3373,80.4502,0.0568,5
2026-08-31,ENMORE,754516,MENINDEE,88.0317,87.2542,82.3996,0.0373,5
2026-08-31,GYGEDERICK,756698,WALLACE,41.0245,52.4913,76.0269,-0.1738,5
2026-08-31,BOOROLONG,755810,SANDON,6.023,14.108,12.6189,-0.1213,2
2026-08-31,EXMOUTH,755823,SANDON,7.0182,14.9332,13.7481,-0.1329,2
2026-08-31,YERANBAH,752768,FINCH,37.9043,48.091,42.2874,0.0624,4
2026-08-31,COOTRALANTRA,756689,WALLACE,29.1328,37.9003,62.4432,-0.2101,2
2026-08-31,COEYPOLLY,751009,BUCKLAND,6.5801,16.9663,10.7328,-0.0663,2
2026-08-31,EVAN,751014,BUCKLAND,9.6451,15.3944,8.5862,-0.1044,2
2026-08-31,UKERBARLEY,750310,BARADINE,15.3753,21.7004,20.7548,0.0444,3
2026-08-31,WHEOH,750316,BARADINE,15.7547,21.0857,20.3733,0.037,2
2026-08-31,YARRAMAN,755533,POTTINGER,4.2464,13.4322,10.1737,-0.0476,1
2026-08-31,TABLE TOP,755889,SELWYN,53.7198,68.4157,83.8837,0.0849,5
2026-08-31,KIANDRA,756704,WALLACE,54.5282,76.1638,88.6958,0.0813,5
2026-08-31,LALALTY,752287,DENISON,51.1413,48.9789,41.0919,0.1259,4
2026-08-31,NANGUNIA,752291,DENISON,52.1091,52.6808,44.3128,0.1225,4
2026-08-31,THORNSHOPE,757076,WESTMORELAND,53.5491,54.1311,75.6906,-0.0903,5
2026-08-31,WARRAMBOOL,752758,FINCH,29.2755,33.6565,35.5406,0.0496,3
2026-08-31,BURRAWANDOOL,752668,FINCH,25.4383,29.8081,33.1729,0.044,3
2026-08-31,WILLEROO,750056,ARGYLE,33.2513,50.9335,63.247,-0.1317,4
2026-08-31,CURRAWANG,750013,ARGYLE,32.266,48.037,60.0965,-0.0848,4
2026-08-31,HELEBAH,753937,JAMISON,31.4352,46.5386,44.4324,0.0332,4
2026-08-31,TULLADUNNA,753958,JAMISON,32.5043,44.5923,42.9318,0.028,4
2026-08-31,FORBES,750158,ASHBURNHAM,62.7812,62.4327,52.9851,0.3104,5
2026-08-31,MUMBIDGLE,750173,ASHBURNHAM,61.0571,59.4374,52.8955,0.3042,5
2026-08-31,STANHOPE,752492,DURHAM,2.8899,18.0227,12.4044,-0.505,1
2026-08-31,TYRAMAN,752496,DURHAM,0.9344,8.4021,3.3108,-0.5146,1
2026-08-31,BUNNERINGEE,756932,WENTWORTH,92.8952,91.0643,91.624,0.0761,5
2026-08-31,DINWOODIE,756154,TARA,93.2999,90.6743,92.0619,0.0813,5
2026-08-31,WALTRAGILE,756185,TARA,92.5673,91.6685,92.0434,0.0765,5
2026-08-31,FITZROY,756156,TARA,92.9881,92.5152,92.1412,0.087,5
2026-08-31,WARRAWENIA,756189,TARA,91.9664,90.4323,91.2968,0.0722,5
2026-08-31,STEPHEN,756180,TARA,92.4316,92.5217,92.0992,0.0806,5
2026-08-31,BURBAH,752663,FINCH,32.1529,37.6717,36.9363,0.0505,4
2026-08-31,DARAABA,752682,FINCH,32.5161,40.3016,38.3006,0.0506,4
2026-08-31,KEILMOI,752714,FINCH,35.5652,43.2589,39.1639,0.0561,4
2026-08-31,CABUL,752238,DENHAM,26.5331,40.8229,40.1865,0.0449,3
2026-08-31,ROBERTS,752265,DENHAM,25.7021,37.7136,37.5577,0.0431,3
2026-08-31,LIEBEG,752471,DURHAM,0.9203,10.7188,3.9713,-0.4938,1
2026-08-31,FOY,752460,DURHAM,0.9415,11.8636,4.9497,-0.4167,1
2026-08-31,BERGEN OP ZOOM,756466,VERNON,14.8342,16.3032,13.9466,-0.2716,2
2026-08-31,YARA,750730,BLAXLAND,53.2186,49.4369,50.415,0.1431,4
2026-08-31,MULGA,750697,BLAXLAND,48.7264,47.7375,46.1961,0.1534,4
2026-08-31,WARRELL,755562,RALEIGH,9.5971,42.2755,36.1188,-0.463,2
2026-08-31,ULALU,750714,BLAXLAND,43.3031,42.5338,42.2985,0.1537,4
2026-08-31,MATAKANA SOUTH,750687,BLAXLAND,49.9807,46.4835,46.5072,0.1495,4
2026-08-31,NORTH HYANDRA,750699,BLAXLAND,40.4923,39.805,40.7656,0.1543,4
2026-08-31,SALAMAGUNDIA,750703,BLAXLAND,44.1362,43.6493,42.6845,0.1579,4
2026-08-31,URANAWAY,750719,BLAXLAND,39.9553,40.6581,40.016,0.1621,4
2026-08-31,ONEIDA,750701,BLAXLAND,47.8167,44.7009,44.7753,0.1608,4
2026-08-31,CARUMBI,750591,BLAND,69.1249,58.2115,66.0285,0.1524,5
2026-08-31,WALLUNDRY,750629,BLAND,66.7147,56.0961,65.2565,0.1469,5
2026-08-31,BUNGABAH,754962,NAPIER,18.839,27.8483,22.1278,0.0358,2
2026-08-31,YUGGEL,754985,NAPIER,17.7663,27.7425,22.263,0.0258,2
2026-08-31,YARRAWIN,753413,GOWEN,17.9802,25.3646,21.5992,0.0428,3
2026-08-31,COOKABINGIE,754965,NAPIER,17.5612,27.0333,18.9638,0.0194,2
2026-08-31,DERINGULLA,753380,GOWEN,17.7698,25.5023,22.6131,0.0425,3
2026-08-31,HAY,755230,NORTHUMBERLAND,19.2205,28.176,33.3963,-0.4205,2
2026-08-31,SEBASTOPOL,751424,CLARENDON,60.8891,55.3913,64.6865,0.1468,5
2026-08-31,BEROWRA,752014,CUMBERLAND,24.4207,42.3226,46.7724,-0.3732,2
2026-08-31,NORTH COLAH,752048,CUMBERLAND,21.8715,45.3461,49.5723,-0.3707,2
2026-08-31,COWAN,752026,CUMBERLAND,21.6289,40.4556,43.4499,-0.3769,2
2026-08-31,CRETE,757047,WESTMORELAND,64.5842,70.9116,90.1521,-0.0493,5
2026-08-31,MOZART,757065,WESTMORELAND,67.3027,77.0368,95.2111,-0.1169,5
2026-08-31,MINTO,752043,CUMBERLAND,36.5654,49.8814,61.6369,-0.2667,5
2026-08-31,TONGO,750956,BRISBANE,7.1668,18.4458,17.9235,-0.077,2
2026-08-31,KILLOE,750934,BRISBANE,7.8496,18.7508,17.6045,-0.0814,2
2026-08-31,CONGOU,750593,BLAND,58.2915,56.8698,65.1317,0.1401,5
2026-08-31,YEO YEO,750636,BLAND,58.9641,59.8058,65.4787,0.1352,5
2026-08-31,MALEEJA,750606,BLAND,62.574,60.8525,65.7961,0.1388,5
2026-08-31,RILEY,755624,RICHMOND,23.7635,66.8942,59.1462,-0.0919,2
2026-08-31,BROADWATER,755691,ROUS,24.0259,66.1063,58.3874,-0.0689,2
2026-08-31,BINGAL,755688,ROUS,25.0323,66.5434,58.239,-0.0647,2
2026-08-31,DANGAR,753923,JAMISON,23.5397,38.3092,37.3914,0.028,2
2026-08-31,DOORABEEBA,750460,BENARBA,20.771,35.5971,36.0016,0.0232,2
2026-08-31,ST DAVID,750409,BATHURST,30.5371,28.5737,33.0484,0.0467,3
2026-08-31,LENNOX,750389,BATHURST,31.6487,28.7758,32.7399,0.0534,3
2026-08-31,PATONGA,755251,NORTHUMBERLAND,24.948,35.049,37.8039,-0.3594,2
2026-08-31,BALLINGALL,756035,STURT,19.078,29.9065,26.2975,0.0733,3
2026-08-31,COLE,750373,BATHURST,60.5266,52.9055,66.9066,0.0409,5
2026-08-31,URIALLA,754913,MURRAY,43.7704,59.7359,65.4904,-0.0428,5
2026-08-31,YASS,754149,KING,54.6382,57.8461,67.1651,0.0964,5
2026-08-31,BOWNING,753596,HARDEN,54.2775,52.4365,67.5197,0.1047,5
2026-08-31,BERRIOYE,754924,NANDEWAR,14.512,23.7874,19.3558,-0.0238,2
2026-08-31,BOLLOL,754927,NANDEWAR,14.9896,23.156,19.1899,-0.0268,2
2026-08-31,BENDUCK NORTH,756735,WARADGERY,51.2194,41.5211,40.9949,0.0744,4
2026-08-31,CLUNY,756743,WARADGERY,50.644,41.357,40.5649,0.0676,4
2026-08-31,MUCKERWA,756893,WELLINGTON,15.987,20.9125,18.0565,0.0422,3
2026-08-31,BODULDURA,756866,WELLINGTON,18.3622,21.605,18.7929,0.0486,3
2026-08-31,MILLAH MURRAH,755785,ROXBURGH,23.7338,26.5891,28.3326,0.017,2
2026-08-31,MACQUARIE,755782,ROXBURGH,21.5242,25.7361,26.8741,0.0195,2
2026-08-31,BURKE,753835,INGLIS,10.4906,13.34,12.9094,-0.1733,2
2026-08-31,SOUTH BURKE,753847,INGLIS,8.654,11.363,11.9899,-0.1752,2
2026-08-31,ABINGTON,756667,WALLACE,62.9014,81.0957,90.2285,-0.1037,5
2026-08-31,NARRABARBA,750222,AUCKLAND,4.9375,10.4605,27.1806,-0.3988,1
2026-08-31,MACQUEEN,750937,BRISBANE,3.9539,16.5846,11.8609,-0.1819,1
2026-08-31,MARULAN,750029,ARGYLE,38.1611,54.0889,68.8385,-0.3392,5
2026-08-31,CURRANDOOLY,754876,MURRAY,32.8738,52.5637,60.5182,-0.1503,4
2026-08-31,NYRANG,750178,ASHBURNHAM,53.1683,38.4843,43.5862,0.2222,4
2026-08-31,TOOGONG,750181,ASHBURNHAM,54.8459,39.044,45.9414,0.2249,4
2026-08-31,TALAWAHL,753195,GLOUCESTER,4.0864,9.8507,7.1457,-0.6065,1
2026-08-31,KALOOGLEGUY,755660,ROBINSON,57.9955,69.0339,67.943,0.1548,5
2026-08-31,COBAR,755649,ROBINSON,58.791,68.6194,68.4178,0.1526,5
2026-08-31,MONKERAI,753187,GLOUCESTER,2.0394,3.0697,6.0349,-0.5723,1
2026-08-31,EAST NELLIGEN,755933,ST VINCENT,4.579,13.1259,19.591,-0.4823,1
2026-08-31,LANGLOH,752718,FINCH,34.898,50.7269,40.8704,0.055,4
2026-08-31,FINLEY,752695,FINCH,31.4508,48.9716,39.0568,0.0661,4
2026-08-31,COOCORAN,752675,FINCH,34.1367,50.0789,39.2585,0.0641,4
2026-08-31,COLOMBO,750203,AUCKLAND,9.3145,9.9772,17.8736,-0.3955,2
2026-08-31,MOGILA,750217,AUCKLAND,8.5588,8.8512,18.6507,-0.3525,2
2026-08-31,BEMBOKA,750191,AUCKLAND,8.1775,10.662,19.2082,-0.2476,2
2026-08-31,OORANOOK,750226,AUCKLAND,8.473,9.7184,14.443,-0.3132,2
2026-08-31,GIDGINBILLA,754212,LEICHHARDT,26.895,51.9142,39.1112,0.0831,3
2026-08-31,KICKERBELL,755506,POTTINGER,3.4078,10.9414,9.4396,-0.0258,1
2026-08-31,RODD,755518,POTTINGER,5.3456,13.7835,12.168,-0.0229,2
2026-08-31,LAMPTON,754126,KING,28.6128,35.3257,50.9875,-0.0406,2
2026-08-31,BANANGALITE,756245,TOWNSEND,58.9952,57.9572,47.2265,0.1403,4
2026-08-31,MORAGO,756298,TOWNSEND,58.1871,58.25,50.0637,0.145,5
2026-08-31,GOBBAGAULA,754552,MITCHELL,53.707,49.2519,61.2749,0.08,4
2026-08-31,BUCKINBONG,754540,MITCHELL,57.6383,54.1436,63.9862,0.0754,5
2026-08-31,CAOURA,751266,CAMDEN,18.2694,25.3973,40.1466,-0.4635,2
2026-08-31,ESKDALE,755772,ROXBURGH,36.1216,38.6474,50.9649,-0.009,4
2026-08-31,LEWINSBROOK,752469,DURHAM,0.8002,3.6394,1.9873,-0.4901,0
2026-08-31,BERYAN,753146,GLOUCESTER,4.1981,11.3897,10.2618,-0.6153,1
2026-08-31,BURRILL,755920,ST VINCENT,8.3301,20.244,30.4282,-0.5115,2
2026-08-31,ENDRICK,755935,ST VINCENT,12.888,23.6565,34.6753,-0.5191,2
2026-08-31,YADBORO,755973,ST VINCENT,3.643,11.8759,20.9089,-0.5125,1
2026-08-31,MONGARLOWE,755949,ST VINCENT,23.9345,47.3232,53.348,-0.475,2
2026-08-31,TILTAO,756986,WENTWORTH,94.5974,90.8573,90.5252,0.0969,5
2026-08-31,LAWSON,755296,OXLEY,34.8017,55.1776,42.0355,0.1242,4
2026-08-31,CANDOLE,751359,CLARENCE,25.141,41.7033,45.2487,-0.0993,2
2026-08-31,CANOULAM,751360,CLARENCE,25.2712,47.0225,39.0589,-0.0932,2
2026-08-31,GONOWLIA,755162,NICHOLSON,34.3359,39.7332,38.8891,0.1162,4
2026-08-31,TINEBANK,754450,MACQUARIE,11.0557,25.4545,30.9091,-0.4487,2
2026-08-31,WITTITRIN,752435,DUDLEY,9.3454,18.9541,23.1812,-0.4608,2
2026-08-31,LINCOLN,754431,MACQUARIE,10.5415,22.1314,29.954,-0.4631,2
2026-08-31,BALLENGARRA,754397,MACQUARIE,11.7464,21.6641,29.7376,-0.4584,2
2026-08-31,BERANGHI,754400,MACQUARIE,10.3781,23.9597,30.6801,-0.4651,2
2026-08-31,WOLSELEY,750910,BOYD,42.1749,40.2602,41.4827,0.1644,4
2026-08-31,OOLAMBEYAN,750897,BOYD,43.2896,41.2289,41.5455,0.1616,4
2026-08-31,NORTH ZARA,756312,TOWNSEND,54.7765,52.3497,47.02,0.1362,4
2026-08-31,OFFICER,756314,TOWNSEND,55.8646,53.5707,46.574,0.1329,4
2026-08-31,WILLI WILLI,752434,DUDLEY,14.7917,47.4321,47.4186,-0.4403,2
2026-08-31,CLARKE,752407,DUDLEY,35.7991,70.4178,73.2038,-0.3037,5
2026-08-31,TYRINGHAM,752847,FITZROY,11.9987,49.4092,40.3416,-0.1993,2
2026-08-31,BLICKS,752812,FITZROY,11.1227,45.6937,35.1721,-0.1915,2
2026-08-31,BUNNA,753911,JAMISON,23.8086,38.3955,38.9961,0.0326,2
2026-08-31,YARRANBAR,753965,JAMISON,26.213,42.0116,42.6725,0.039,2
2026-08-31,MOORA,754226,LEICHHARDT,26.7507,50.5983,37.7735,0.0824,3
2026-08-31,WARRAGAN,754268,LEICHHARDT,25.7527,50.3105,42.0111,0.0797,3
2026-08-31,DAHWILLY,756274,TOWNSEND,56.3916,61.8785,54.2346,0.167,5
2026-08-31,TERALBA,755262,NORTHUMBERLAND,4.6755,15.0506,13.9744,-0.5328,1
2026-08-31,BEGA,750190,AUCKLAND,6.5924,11.8652,21.3244,-0.3353,2
2026-08-31,WALLAGOOT,750236,AUCKLAND,6.8373,12.7574,22.737,-0.3344,2
2026-08-31,QUEENS LAKE,754444,MACQUARIE,12.1881,29.9844,34.4022,-0.5223,2
2026-08-31,MOOBALL,755721,ROUS,35.1466,67.8533,56.7908,-0.0076,5
2026-08-31,BULGUNDARA,756680,WALLACE,26.6671,32.8284,60.2255,-0.2421,2
2026-08-31,GORDON,756694,WALLACE,24.0543,28.9312,53.4074,-0.2462,2
2026-08-31,BUNDANOON,751259,CAMDEN,16.6159,28.4692,41.4999,-0.4635,2
2026-08-31,BODALLA,752131,DAMPIER,2.5939,6.7408,11.6171,-0.3115,1
2026-08-31,BUMBO,752132,DAMPIER,2.988,8.393,12.2904,-0.3591,1
2026-08-31,BALLAREE,751546,CLYDE,21.1626,43.8052,33.9702,0.0838,3
2026-08-31,CASHMERE,751557,CLYDE,22.3413,44.105,35.3938,0.0958,3
2026-08-31,GINGHET,751577,CLYDE,22.2477,42.9369,34.5963,0.0815,3
2026-08-31,PELWALKA,756174,TARA,93.095,96.3818,93.9485,0.1745,5
2026-08-31,URINGALLA,750053,ARGYLE,38.0527,52.8282,66.3685,-0.3252,5
2026-08-31,NUNDIALLA,751286,CAMDEN,33.7525,45.994,62.2118,-0.3802,5
2026-08-31,NEWBOLD,753528,GRESHAM,4.8939,27.3218,16.5777,-0.0324,1
2026-08-31,COPMANHURST,751366,CLARENCE,6.4319,34.1739,25.3787,-0.0534,2
2026-08-31,CUNJEGONG,753606,HARDEN,52.1473,54.9809,65.8883,0.1501,5
2026-08-31,MUTTAMA,753625,HARDEN,46.7451,46.2821,58.6787,0.1366,4
2026-08-31,URAYARRA,751835,COWLEY,45.5388,53.0707,70.9821,0.087,5
2026-08-31,UMBURRA,751834,COWLEY,54.7488,57.075,63.4451,0.0801,5
2026-08-31,WEETANGERA,754918,MURRAY,55.2481,64.2333,63.2933,0.0797,5
2026-08-31,WALLAROO,754914,MURRAY,55.5369,62.1471,63.8731,0.075,5
2026-08-31,ORARA,756172,TARA,93.2531,93.4337,92.8935,0.1192,5
2026-08-31,PECHILBA,756173,TARA,92.4648,94.0762,92.3442,0.1237,5
2026-08-31,VICTORIA,756183,TARA,92.9678,92.6355,93.7652,0.1451,5
2026-08-31,KENNEDY,756161,TARA,92.4705,93.9782,92.7135,0.1475,5
2026-08-31,WANNAWANNA,756187,TARA,93.0661,95.6923,93.9102,0.1636,5
2026-08-31,CORROWONG,756830,WELLESLEY,11.5447,6.9643,42.9151,-0.2257,2
2026-08-31,COBRA,750202,AUCKLAND,4.9626,8.9659,21.0033,-0.2989,1
2026-08-31,WOLLONDIBBY,756863,WELLESLEY,12.7231,8.3314,43.0677,-0.2295,2
2026-08-31,BARGO,751250,CAMDEN,40.7821,40.3988,56.9153,-0.3287,5
2026-08-31,TERRAGONG,751290,CAMDEN,20.3184,37.4691,50.7734,-0.3991,2
2026-08-31,DEVON,756276,TOWNSEND,57.0472,60.722,50.1133,0.1432,5
2026-08-31,WOMBIN,754026,KENNEDY,51.7863,60.1375,49.0496,0.2093,4
2026-08-31,KUNDIBAKH,753182,GLOUCESTER,7.6763,17.5741,15.5487,-0.599,2
2026-08-31,MANNA,753099,GIPPS,43.5624,51.8206,47.8516,0.1959,4
2026-08-31,BOGANDILLON,753073,GIPPS,33.8946,43.7823,41.339,0.1516,4
2026-08-31,MOONBIA,753105,GIPPS,35.8331,49.3978,42.8617,0.1652,4
2026-08-31,BAGO,757212,WYNYARD,42.4972,54.2122,67.0846,0.1811,5
2026-08-31,CLYDE,756686,WALLACE,61.3329,78.5898,85.9211,-0.0964,5
2026-08-31,ROSS,756442,URANA,62.8181,64.0665,69.7878,0.1175,5
2026-08-31,WALLANDOON,756449,URANA,63.7115,66.4948,70.1663,0.1227,5
2026-08-31,WAPENGO,752165,DAMPIER,5.8409,8.9616,16.5145,-0.3302,2
2026-08-31,GREGADO,757231,WYNYARD,39.1959,45.5274,54.7769,0.1132,4
2026-08-31,GUMLY GUMLY,757232,WYNYARD,37.1315,45.6314,53.877,0.1062,4
2026-08-31,BRUNGLE,750976,BUCCLEUCH,26.6312,30.0613,48.3328,0.0967,3
2026-08-31,WAGARA,751000,BUCCLEUCH,32.742,34.252,52.067,0.1075,4
2026-08-31,ALBERT,755900,ST VINCENT,3.2649,10.2047,18.4973,-0.4894,1
2026-08-31,WORCESTER,750418,BATHURST,38.4318,31.8594,38.5238,0.0679,4
2026-08-31,EUTHER,753163,GLOUCESTER,5.45,7.2315,8.4603,-0.6063,2
2026-08-31,CLINTON,750372,BATHURST,37.8486,30.9187,39.611,0.0686,4
2026-08-31,SASSAFRAS,755956,ST VINCENT,29.1229,41.7694,56.4759,-0.4507,2
2026-08-31,ST GEORGE,755958,ST VINCENT,26.3123,35.9915,52.313,-0.4663,2
2026-08-31,BOOLIJAH,755909,ST VINCENT,16.8882,27.7881,37.0788,-0.4992,2
2026-08-31,FITZROY,753167,GLOUCESTER,4.986,12.3543,15.1925,-0.593,1
2026-08-31,BOSTON,754293,LINCOLN,16.4227,26.9498,22.628,0.0317,2
2026-08-31,ADELYNE,754283,LINCOLN,13.8848,28.9537,22.3205,0.0184,2
2026-08-31,GLEN LYON,751517,CLIVE,3.6072,12.2393,7.0188,-0.0649,1
2026-08-31,GRAHAM,751519,CLIVE,4.9584,16.6211,8.0562,-0.0853,1
2026-08-31,DANJERA,755931,ST VINCENT,17.4073,26.8826,36.956,-0.4851,2
2026-08-31,YALWAL,755974,ST VINCENT,17.9571,25.8689,38.4782,-0.4731,2
2026-08-31,NORTH BARRABA,752197,DARLING,8.1299,15.2507,16.9994,-0.1089,2
2026-08-31,PIEDMONT,754857,MURCHISON,6.9105,18.2187,15.2283,-0.0826,2
2026-08-31,EVANS,750275,BARADINE,28.2311,52.2552,37.5852,0.0783,3
2026-08-31,KEADOOL,754220,LEICHHARDT,28.866,52.6355,37.9299,0.0856,3
2026-08-31,PALINYEWAH,756969,WENTWORTH,94.2179,89.3491,90.6787,0.0896,5
2026-08-31,BROUGHTON,752450,DURHAM,1.2504,11.4368,6.4674,-0.3637,1
2026-08-31,BUANGLA,755916,ST VINCENT,19.5115,29.2006,40.0676,-0.4446,2
2026-08-31,MARYVALE,751378,CLARENCE,23.2765,38.1628,28.7511,-0.1429,2
2026-08-31,WIAGDON,755803,ROXBURGH,22.9646,26.5476,31.2,0.0034,2
2026-08-31,SOFALA,755790,ROXBURGH,16.7132,25.5887,25.664,-0.0158,2
2026-08-31,BURGESS,755152,NICHOLSON,34.1777,38.2665,37.5672,0.1238,4
2026-08-31,MOLESWORTH,755181,NICHOLSON,35.1598,39.8209,38.2883,0.1278,4
2026-08-31,ANSON,750353,BATHURST,51.9826,40.569,57.1775,0.0735,4
2026-08-31,YASS,754923,MURRAY,55.968,58.8196,68.3724,0.1008,5
2026-08-31,BENGALLA,750071,ARRAWATTA,13.7689,18.6896,18.3915,-0.0029,2
2026-08-31,BARDEN,750069,ARRAWATTA,13.1345,17.6531,16.4705,-0.001,2
2026-08-31,CHADWICK,751179,CAIRA,91.4697,81.9632,77.0313,0.2441,5
2026-08-31,MERWIN,756558,WAKOOL,86.3728,80.4101,71.8273,0.2099,5
2026-08-31,PEREKERTEN,756574,WAKOOL,85.4951,78.7989,72.4889,0.2051,5
2026-08-31,CUNNINYEUK,756533,WAKOOL,85.9472,76.7969,66.193,0.1589,5
2026-08-31,YEWRANGARA,753067,GEORGIANA,28.9842,36.0133,47.7415,0.0499,3
2026-08-31,WEDDERBURN,752066,CUMBERLAND,32.6623,42.6927,51.4237,-0.3392,5
2026-08-31,ELLIS,750926,BRISBANE,3.7678,17.4343,14.1672,-0.1469,1
2026-08-31,GRABINE,753031,GEORGIANA,34.3788,37.8211,46.6758,0.0645,4
2026-08-31,STRATHEARN,750951,BRISBANE,4.1416,17.9228,14.6918,-0.1475,1
2026-08-31,NOORONG,756569,WAKOOL,85.2559,75.8906,65.8121,0.1527,5
2026-08-31,BIGGA,753011,GEORGIANA,28.2072,36.0787,46.1644,0.0298,2
2026-08-31,WOOLUMLA,750568,BERESFORD,13.1743,30.9901,44.3649,-0.2005,2
2026-08-31,BUNYAN,750530,BERESFORD,12.7092,27.7702,42.7786,-0.2655,2
2026-08-31,DUFFITY,753440,GREGORY,20.5945,45.8106,32.2313,0.0446,3
2026-08-31,NOONBAH,753481,GREGORY,20.3092,45.5068,31.4893,0.0344,2
2026-08-31,NARIRA,752154,DAMPIER,4.0439,7.1913,11.5416,-0.2934,1
2026-08-31,MOOLARBEN,755442,PHILLIP,11.1783,24.487,17.7651,-0.0169,2
2026-08-31,WILPINJONG,755454,PHILLIP,9.8166,20.7817,19.4318,-0.029,2
2026-08-31,BOYNE,755912,ST VINCENT,3.1742,9.4292,18.2123,-0.5049,1
2026-08-31,MYALL CAMP,755118,NARROMINE,38.6201,53.8334,41.2831,0.1324,4
2026-08-31,IRONBONG,751411,CLARENDON,50.0405,48.8301,58.2091,0.1456,4
2026-08-31,IVOR,751412,CLARENDON,49.7238,50.6145,57.1956,0.1574,5
2026-08-31,THUDDUNGARA,754603,MONTEAGLE,68.7871,68.2782,69.0885,0.1515,5
2026-08-31,MEMAGONG,750610,BLAND,67.8755,66.3619,67.1016,0.1485,5
2026-08-31,GRADELL,755109,NARROMINE,42.7604,55.4409,47.0438,0.1514,4
2026-08-31,ENERWEENA,755103,NARROMINE,44.1518,59.4739,47.8426,0.1457,4
2026-08-31,BENANDARAH,755904,ST VINCENT,4.3645,10.8255,17.4871,-0.5151,1
2026-08-31,CLYDE,755921,ST VINCENT,3.9526,12.0479,19.6901,-0.4888,1
2026-08-31,WHEENY,751664,COOK,13.3712,30.5667,39.5051,-0.313,2
2026-08-31,COOLATAI,751097,BURNETT,5.8491,11.4528,12.02,-0.0344,2
2026-08-31,MANDOE,751115,BURNETT,6.3658,11.8913,12.0192,-0.0237,2
2026-08-31,HOLLINGSWORTH,751113,BURNETT,6.5602,13.5932,13.6199,-0.0513,2
2026-08-31,CODRINGTON,751096,BURNETT,6.9863,13.4027,13.1787,-0.0334,2
2026-08-31,MARWOOD,752473,DURHAM,2.4322,14.6269,11.7903,-0.4627,1
2026-08-31,BOMBALA,756819,WELLESLEY,11.3776,9.5272,19.6309,-0.339,2
2026-08-31,GECAR,756832,WELLESLEY,11.4603,9.2125,19.0308,-0.3023,2
2026-08-31,MATHOURA,751151,CADELL,61.5859,61.8873,53.4316,0.1475,5
2026-08-31,PATTERSON,751724,COOPER,25.3655,31.0474,29.7556,0.0926,3
2026-08-31,BINYA,751676,COOPER,21.9801,30.2782,27.467,0.076,3
2026-08-31,BARELLAN,751672,COOPER,29.6071,31.0797,31.8924,0.1036,3
2026-08-31,SEDGEFIELD,752488,DURHAM,1.9396,14.9717,11.0802,-0.4111,1
2026-08-31,STANBRIDGE,751728,COOPER,16.6923,27.2152,24.3884,0.0487,3
2026-08-31,JONDARYAN,751709,COOPER,18.3493,28.5142,26.6234,0.0691,3
2026-08-31,STYX,751479,CLARKE,15.3623,42.7605,36.5311,-0.2692,2
2026-08-31,WONBOYN,750239,AUCKLAND,4.7856,9.235,25.7273,-0.3734,1
2026-08-31,YAROUAH,750518,BENARBA,21.4883,22.0017,26.2806,0.0043,2
2026-08-31,HAMILTON,750471,BENARBA,18.0702,21.5338,24.3765,-0.0003,2
2026-08-31,LANITZA,751374,CLARENCE,18.1899,40.3243,30.5846,-0.1535,2
2026-08-31,LAVADIA,751376,CLARENCE,19.2536,40.1442,30.5449,-0.1594,2
2026-08-31,BATHURST,750357,BATHURST,52.751,48.4599,51.989,0.0806,5
2026-08-31,ILLINGRAMMINDI,756003,STAPYLTON,14.1162,22.4111,22.0387,0.0382,2
2026-08-31,LIMEBON,756006,STAPYLTON,12.6011,21.6612,20.5171,0.0356,2
2026-08-31,WALKER,752122,CUNNINGHAM,40.8969,56.3865,50.9438,0.1797,4
2026-08-31,TARRAN,750711,BLAXLAND,48.6275,56.7183,51.4669,0.2021,5
2026-08-31,TINDA,752119,CUNNINGHAM,37.4742,51.8268,48.4666,0.1664,4
2026-08-31,MOURAMBA,750696,BLAXLAND,46.3043,52.5447,49.9226,0.1905,4
2026-08-31,NANGERYBONE,752899,FLINDERS,47.3908,61.2853,52.0228,0.2066,5
2026-08-31,OXLEY NORTH,752113,CUNNINGHAM,43.6358,55.4808,48.6531,0.1868,4
2026-08-31,WICKLOW,752123,CUNNINGHAM,45.5257,59.1846,50.2247,0.1974,4
2026-08-31,STAG,754861,MURCHISON,9.085,14.4458,17.5743,-0.1058,2
2026-08-31,DINGO,754829,MURCHISON,7.3471,13.3919,16.5772,-0.0964,2
2026-08-31,OLNEY,754135,KING,49.2846,47.1532,59.391,0.1052,4
2026-08-31,GIRRALONG,753453,GREGORY,23.2871,45.5775,35.1961,0.0288,2
2026-08-31,QUONDONG,753487,GREGORY,22.3138,46.3621,36.5998,0.0185,2
2026-08-31,WALCHA,756502,VERNON,18.1257,20.5735,19.2916,-0.3416,2
2026-08-31,RYLSTONE,755789,ROXBURGH,9.5136,22.4336,19.0385,-0.0525,2
2026-08-31,WELLS,755802,ROXBURGH,10.2969,22.1979,17.2097,-0.0388,2
2026-08-31,BOOGLEDIE,755415,PHILLIP,9.6387,20.1324,15.8502,-0.0183,2
2026-08-31,BOTOBOLAR,755416,PHILLIP,9.8292,19.4282,14.9342,-0.0339,2
2026-08-31,BARA,755412,PHILLIP,8.8514,21.1516,16.2683,-0.0281,2
2026-08-31,CLYBUCCA,752409,DUDLEY,10.4393,34.7122,35.4747,-0.473,2
2026-08-31,ARAKOON,754396,MACQUARIE,10.3352,38.9948,40.2323,-0.4599,2
2026-08-31,WALLAROBBA,752501,DURHAM,1.4944,5.5936,6.2017,-0.5601,1
2026-08-31,DUNGOG,752457,DURHAM,1.2482,4.0476,4.5841,-0.5391,0
2026-08-31,COURIDJAH,751270,CAMDEN,41.2845,43.3422,60.1272,-0.3293,5
2026-08-31,MURRIMBOOLA,753624,HARDEN,62.8515,62.1759,65.8693,0.1278,5
2026-08-31,HUON,753342,GOULBURN,68.2578,69.7978,72.0853,0.2151,5
2026-08-31,MIMI,753186,GLOUCESTER,4.688,9.3165,9.9509,-0.6009,1
2026-08-31,COCOPARRA,751687,COOPER,28.808,29.4056,28.6087,0.1144,3
2026-08-31,CONAPAIRA,751690,COOPER,27.9399,28.9876,28.7145,0.1033,3
2026-08-31,BARTON,751624,COOK,9.8731,34.9485,30.3308,-0.1978,2
2026-08-31,GINDANTHERIE,751639,COOK,8.5186,31.5688,29.0035,-0.1672,2
2026-08-31,GILLINDICH,753028,GEORGIANA,26.8076,36.0414,50.5462,-0.0313,2
2026-08-31,KANGALOOLAH,753039,GEORGIANA,28.2705,36.7577,46.4461,-0.0466,2
2026-08-31,LEIGH,752830,FITZROY,9.7212,48.045,42.3471,-0.1856,2
2026-08-31,BLIGH,752813,FITZROY,9.8855,54.3771,46.9853,-0.2131,2
2026-08-31,PIALLAWAY,751025,BUCKLAND,8.9077,15.1537,13.9253,-0.0594,2
2026-08-31,MOOLUNMOOLA,755330,PARRY,10.2688,14.9272,13.6664,-0.0727,2
2026-08-31,NARARA,755246,NORTHUMBERLAND,25.0504,39.695,41.5389,-0.3686,2
2026-08-31,NORTH CODRINGTON,755728,ROUS,30.5352,69.4624,61.3954,-0.0499,4
2026-08-31,PERRY,753843,INGLIS,9.122,10.9309,10.4382,-0.1196,2
2026-08-31,NERRIGUNDAH,752156,DAMPIER,2.9095,8.8075,11.9277,-0.312,1
2026-08-31,CADGEE,752135,DAMPIER,3.5237,9.4492,13.6929,-0.314,1
2026-08-31,GULPH,752147,DAMPIER,4.2388,10.5726,15.3817,-0.4036,1
2026-08-31,YERRIYONG,755975,ST VINCENT,16.967,27.9961,36.4792,-0.477,2
2026-08-31,BUNDOCK,755602,RICHMOND,26.7645,69.9632,64.739,-0.0678,2
2026-08-31,DYRAABA,755704,ROUS,25.3767,57.3334,57.0115,-0.0692,2
2026-08-31,MOOMBOOLDOOL NORTH,751716,COOPER,38.4497,37.5707,39.9302,0.1208,4
2026-08-31,MOOMBOOLDOOL,751715,COOPER,40.7831,38.4237,41.6357,0.1213,4
2026-08-31,RAMSAY,750860,BOURKE,61.064,48.7379,53.5669,0.183,4
2026-08-31,YALGOGORING,751744,COOPER,49.9641,42.1474,48.527,0.1489,4
2026-08-31,CROOKWELL,754108,KING,25.9975,34.1056,51.7599,-0.0818,2
2026-08-31,KIAMMA,753042,GEORGIANA,28.3217,37.2911,56.5944,-0.136,2
2026-08-31,EUSDALE,755773,ROXBURGH,41.1686,47.1314,70.7595,-0.0554,5
2026-08-31,KENDALE,757058,WESTMORELAND,60.2613,57.4261,74.2965,-0.0513,5
2026-08-31,WARRI,750867,BOURKE,60.1203,47.7888,56.5066,0.1792,4
2026-08-31,NORTH BOLARO,751722,COOPER,50.5987,42.2088,48.7152,0.1419,4
2026-08-31,TIANJARA,755962,ST VINCENT,14.2004,26.1704,34.412,-0.517,2
2026-08-31,EAST GUNDURIMBA,755705,ROUS,34.745,70.1694,64.7753,-0.0292,5
2026-08-31,JERRICKNORRA,755940,ST VINCENT,32.0303,54.8108,62.7518,-0.427,5
2026-08-31,KILLENDOON,752586,EWENMAR,28.4949,47.774,37.7975,0.097,3
2026-08-31,UMANGLA,752595,EWENMAR,27.6954,50.0114,39.8955,0.0918,3
2026-08-31,WARREN,755314,OXLEY,31.5081,52.9827,40.8461,0.1106,4
2026-08-31,SHERLOCK,750559,BERESFORD,9.5611,38.0562,44.8666,-0.3476,2
2026-08-31,MILFORD,750550,BERESFORD,13.5382,44.141,48.1278,-0.2824,2
2026-08-31,BRINGAGEE,756039,STURT,25.8587,35.3871,29.4967,0.1114,3
2026-08-31,BENDIGO,756037,STURT,24.8565,32.3874,28.6111,0.1098,3
2026-08-31,OALLEN,750041,ARGYLE,26.3493,51.9199,60.194,-0.4298,2
2026-08-31,JERRALONG,750021,ARGYLE,34.7069,53.3145,66.1882,-0.4132,5
2026-08-31,BALD HILL,754284,LINCOLN,20.0451,27.5664,23.5214,0.0478,3
2026-08-31,MALLARA,757150,WINDEYER,85.0636,81.9825,81.5352,0.1148,5
2026-08-31,ILLINGERRY,756948,WENTWORTH,92.8482,88.5139,87.6919,0.0887,5
2026-08-31,NANGA,756963,WENTWORTH,92.3196,87.413,87.1765,0.091,5
2026-08-31,MULLOJAMA,757155,WINDEYER,83.1155,80.5416,80.9077,0.1134,5
2026-08-31,MOONBI,753841,INGLIS,8.0081,10.8734,11.244,-0.1406,2
2026-08-31,BOORABEE,755690,ROUS,37.6984,72.0282,62.031,0.0026,5
2026-08-31,BATLOW,757214,WYNYARD,23.2918,42.4733,60.2225,0.0887,3
2026-08-31,SALISBURY,755836,SANDON,10.7782,15.9374,15.3646,-0.2161,2
2026-08-31,DANGARSLEIGH,755814,SANDON,7.7749,16.0477,13.5548,-0.189,2
2026-08-31,SAUMAREZ,755840,SANDON,8.4892,17.1489,14.6864,-0.2026,2
2026-08-31,MACDONALD,753793,HUNTER,11.6679,21.824,31.1025,-0.3969,2
2026-08-31,MIHI,755835,SANDON,9.9996,16.8139,15.9944,-0.2302,2
2026-08-31,CARNGHAM,756619,WALJEERS,55.9988,60.9281,63.1882,0.1275,5
2026-08-31,CULPARLING,756621,WALJEERS,67.4666,75.5699,74.471,0.1844,5
2026-08-31,ST ANDREW,756651,WALJEERS,59.9519,68.6078,68.0969,0.1623,5
2026-08-31,WICKHAM,756662,WALJEERS,65.9631,75.4805,74.7864,0.1908,5
2026-08-31,HEARNE,755778,ROXBURGH,14.7028,22.3607,20.5112,-0.0606,2
2026-08-31,WARRANGUNIA,755799,ROXBURGH,13.8966,22.5382,18.2654,-0.0305,2
2026-08-31,NUBRIGYN,756898,WELLINGTON,21.8581,24.6277,22.018,0.0668,3
2026-08-31,COOPER,756875,WELLINGTON,20.1608,23.1604,22.7652,0.0556,3
2026-08-31,COOLAMIN,756874,WELLINGTON,18.0817,23.0906,21.2824,0.0393,2
2026-08-31,TOMKI,755742,ROUS,35.3762,74.5041,68.6852,-0.0442,5
2026-08-31,KIGA,751114,BURNETT,14.3081,19.6152,20.3471,0.0283,2
2026-08-31,DEMONDRILLE,753610,HARDEN,60.1293,60.0239,66.3319,0.1343,5
2026-08-31,CULLINGA,753604,HARDEN,55.4896,54.9475,65.6907,0.1363,5
2026-08-31,CARINGY,756083,TAILA,84.8769,74.81,72.4544,0.2167,5
2026-08-31,PARK,756108,TAILA,84.816,76.5825,74.3458,0.2086,5
2026-08-31,TAILA,756112,TAILA,85.5759,76.0792,70.9086,0.2333,5
2026-08-31,KOORAKEE,756090,TAILA,85.2261,75.0272,72.1419,0.2322,5
2026-08-31,LETTE,756092,TAILA,86.3381,79.3924,76.5253,0.2055,5
2026-08-31,EUSTON,756085,TAILA,88.1252,77.8059,73.4877,0.2116,5
2026-08-31,AMOONA,754457,MANARA,70.9846,80.8878,79.8018,0.1623,5
2026-08-31,NANGUTYAH,754489,MANARA,65.9358,79.0919,77.4046,0.1746,5
2026-08-31,UMALEE,754496,MANARA,64.8669,78.5254,77.2506,0.1775,5
2026-08-31,WARRENITCHIE,754734,MOSSGIEL,56.2246,70.6705,69.0739,0.1672,5
2026-08-31,MERROO,751658,COOK,15.9226,36.0498,45.2703,-0.3708,2
2026-08-31,UMUTBEE,757255,WYNYARD,30.8138,31.1009,49.5502,0.088,4
2026-08-31,COREINBOB,757222,WYNYARD,33.6131,35.0972,52.0005,0.0953,4
2026-08-31,JINGELLIC EAST,755872,SELWYN,44.9071,57.4024,68.4749,0.1167,5
2026-08-31,JINGELLIC,753346,GOULBURN,43.3625,55.5147,67.1029,0.1277,5
2026-08-31,CUNNINGAR,753607,HARDEN,62.9104,61.1074,66.9696,0.1283,5
2026-08-31,DOUGLAS,753611,HARDEN,63.3804,61.1138,68.3796,0.1295,5
2026-08-31,ILLALONG,753619,HARDEN,53.8244,54.3473,68.7728,0.1074,5
2026-08-31,MIA MIA,751777,COURALLIE,16.6566,24.7476,23.1557,0.0295,2
2026-08-31,GIL GIL,755998,STAPYLTON,16.038,20.0836,21.6876,0.0367,2
2026-08-31,BAROMA,751087,BURNETT,11.8086,16.1324,17.1921,0.0215,2
2026-08-31,MOUNT PLEASANT,756014,STAPYLTON,20.3888,27.0093,27.9346,0.0588,3
2026-08-31,STACK,751129,BURNETT,13.0587,17.0217,18.7616,0.0248,2
2026-08-31,WARRIE,754331,LINCOLN,30.6264,36.7853,28.5521,0.1218,3
2026-08-31,TANTARANA,756019,STAPYLTON,15.7287,18.9236,20.4042,0.0379,2
2026-08-31,BOGAMILDI,751090,BURNETT,14.6392,18.4683,19.4262,0.0244,2
2026-08-31,HARVEY,751773,COURALLIE,15.9027,19.5239,21.0378,0.0383,2
2026-08-31,GOORABIL,751105,BURNETT,14.2862,17.8414,19.3739,0.0267,2
2026-08-31,DENMAN,750924,BRISBANE,3.9466,17.817,16.7907,-0.0983,1
2026-08-31,VAUX,752500,DURHAM,3.7088,16.8438,14.8241,-0.1354,1
2026-08-31,LAY GREEN,756005,STAPYLTON,16.6236,22.067,23.0524,0.0384,2
2026-08-31,WAUGORAH,751237,CAIRA,84.0091,80.7871,74.5969,0.175,5
2026-08-31,LOORICA,751201,CAIRA,84.5457,81.85,74.6726,0.1835,5
2026-08-31,BEECROFT,755903,ST VINCENT,18.2639,23.943,32.2879,-0.4444,2
2026-08-31,JUNEE,751414,CLARENDON,47.7665,49.791,60.9271,0.1574,4
2026-08-31,BRINGELLET,750364,BATHURST,61.0977,61.4189,77.8132,0.0426,5
2026-08-31,KATABRITOI,754478,MANARA,58.679,74.7624,73.456,0.1728,5
2026-08-31,WILLANDRA,756663,WALJEERS,58.819,72.4707,71.2739,0.1675,5
2026-08-31,TOORAK,754724,MOSSGIEL,57.3992,72.6687,70.771,0.168,5
2026-08-31,TREWALLA,754725,MOSSGIEL,56.7867,69.5535,67.3528,0.1652,5
2026-08-31,MOORNANYAH,754487,MANARA,69.0205,79.7702,78.9876,0.1624,5
2026-08-31,WHITMINBAH,754499,MANARA,61.9412,76.1061,74.5643,0.1741,5
2026-08-31,CHANDLER,751442,CLARKE,8.4574,22.7407,19.4551,-0.2412,2
2026-08-31,ROCKVALE,751473,CLARKE,7.4884,22.7483,19.4013,-0.2598,2
2026-08-31,TIMBUMBURI,755343,PARRY,6.361,12.6081,11.7079,-0.1117,2
2026-08-31,CARRINGTON,753155,GLOUCESTER,2.1653,2.3276,4.8549,-0.6138,0
2026-08-31,KARUAH,753178,GLOUCESTER,1.9248,2.6696,4.8951,-0.603,0
2026-08-31,GUNDAINE,753174,GLOUCESTER,2.1732,1.9965,4.7615,-0.607,0
2026-08-31,BOORAL,753151,GLOUCESTER,1.999,1.9491,4.8804,-0.599,0
2026-08-31,PALMERSTON,754441,MACQUARIE,11.6843,28.6861,33.965,-0.4595,2
2026-08-31,WINGELLO,751298,CAMDEN,29.9335,46.4207,59.1089,-0.3936,2
2026-08-31,BUMBALLA,751257,CAMDEN,27.5989,40.5348,54.6161,-0.423,2
2026-08-31,BRIERY,755005,NARRAN,29.6337,47.1778,39.4739,0.1305,3
2026-08-31,BINALONG,753591,HARDEN,54.0124,54.5401,65.6682,0.1135,5
2026-08-31,EUBINDAL,753613,HARDEN,53.362,53.2843,66.7897,0.1151,5
2026-08-31,SHADFORTH,750406,BATHURST,59.4209,47.6244,67.4916,0.0624,5
2026-08-31,ALLANS WATER,752807,FITZROY,26.2488,59.5566,50.759,-0.2038,2
2026-08-31,HERNANI,752825,FITZROY,28.2615,57.2114,50.3958,-0.2117,2
2026-08-31,MOORPA,756960,WENTWORTH,94.0099,90.3152,91.5735,0.0844,5
2026-08-31,JINDALEE,753620,HARDEN,56.8487,56.0692,66.4944,0.148,5
2026-08-31,PAMBULA,750227,AUCKLAND,7.36,15.6739,25.5823,-0.3075,2
2026-08-31,BOURNDA,750194,AUCKLAND,6.6962,14.8458,24.0024,-0.327,2
2026-08-31,KADINA,753997,KENNEDY,52.3492,43.0664,40.0492,0.1763,4
2026-08-31,DURRIDGERE,750750,BLIGH,9.4919,19.0053,18.7044,-0.0315,2
2026-08-31,LENNOX,755439,PHILLIP,8.6046,19.6834,19.0876,-0.0411,2
2026-08-31,BEACONSFIELD,755136,NICHOLSON,32.6284,38.4812,36.9558,0.1105,4
2026-08-31,CARREGO,756043,STURT,33.2274,39.4031,36.6455,0.1153,4
2026-08-31,WYCHEPROOF,756073,STURT,30.6305,37.8699,33.1849,0.1085,4
2026-08-31,DOORAN,755286,OXLEY,27.8991,52.7849,39.4578,0.0898,3
2026-08-31,TEROOBLE,755310,OXLEY,27.04,56.4927,39.1254,0.0876,3
2026-08-31,BULPUNGA,756150,TARA,93.8089,90.5424,92.2397,0.0891,5
2026-08-31,CARABOST,753331,GOULBURN,55.6543,52.9271,67.418,0.1384,5
2026-08-31,LITTLE BILLABUNG,753347,GOULBURN,55.5705,54.0896,67.727,0.1396,5
2026-08-31,HINDMARSH,757234,WYNYARD,28.8166,50.8963,62.9633,0.1199,3
2026-08-31,BALLIMORE,754285,LINCOLN,20.9811,30.1174,23.2802,0.0642,3
2026-08-31,MURRUNGUNDIE,754322,LINCOLN,21.5281,29.7621,24.1359,0.0637,3
2026-08-31,BENI,754287,LINCOLN,28.6396,33.1259,26.418,0.1067,3
2026-08-31,BARBIGAL,754286,LINCOLN,26.4256,32.1618,25.9177,0.0893,3
2026-08-31,MUMMULGUM,755723,ROUS,23.0054,52.8669,49.1449,-0.0714,2
2026-08-31,SANDRIDGE,753489,GREGORY,19.6536,43.9251,32.3247,0.0242,2
2026-08-31,WEENCULLING,753498,GREGORY,19.4575,44.3213,33.9828,0.0166,2
2026-08-31,CUDMORE,756941,WENTWORTH,94.4827,91.1759,92.0891,0.0914,5
2026-08-31,WILTON,756191,TARA,93.9631,91.3639,92.4526,0.0931,5
2026-08-31,GIDLEY,752030,CUMBERLAND,20.5414,40.9554,52.7191,-0.358,2
2026-08-31,WILBY,755076,NARRAN,36.3436,56.7621,45.1189,0.1043,4
2026-08-31,YAMBOOR,755084,NARRAN,44.9782,64.0097,48.7869,0.1314,5
2026-08-31,WARRAMBOOL,755075,NARRAN,44.9828,62.3767,48.2724,0.1268,5
2026-08-31,LULAWAR,755050,NARRAN,44.1862,63.0255,47.7814,0.1281,5
2026-08-31,MUNGRADA,755061,NARRAN,41.993,61.3783,45.0768,0.1167,4
2026-08-31,BUGINDEAR,755007,NARRAN,43.1719,60.8911,45.9935,0.1148,5
2026-08-31,WILLAWILLINBAH,755078,NARRAN,38.4249,60.0352,48.1214,0.1145,4
2026-08-31,AKOLIA,754986,NARRAN,35.985,56.3049,43.8087,0.1069,4
2026-08-31,BURRELL,755013,NARRAN,37.209,59.7019,46.4024,0.1109,4
2026-08-31,WIRRAWARRA,755080,NARRAN,41.696,62.7609,47.1889,0.1265,4
2026-08-31,COOBUNG,755022,NARRAN,40.3809,61.8018,47.2949,0.12,4
2026-08-31,CONCORD,755019,NARRAN,38.3478,58.5808,43.6947,0.1036,4
2026-08-31,BULLENBALONG,756681,WALLACE,66.1607,78.0139,83.6937,-0.0661,5
2026-08-31,DUNOON,755703,ROUS,40.2099,73.0771,64.3657,0.0087,5
2026-08-31,WILBERFORCE,751665,COOK,22.4521,43.9791,53.118,-0.383,2
2026-08-31,WHIAN WHIAN,755752,ROUS,25.598,62.3806,52.811,0.0366,3
2026-08-31,FLORABEL,752971,FRANKLIN,39.3935,43.9709,42.9582,0.1237,4
2026-08-31,WOGONGA,753002,FRANKLIN,38.8012,43.0284,41.1095,0.124,4
2026-08-31,HUME,754884,MURRAY,55.6417,56.947,66.6686,0.0929,5
2026-08-31,NANIMA,754900,MURRAY,54.4565,57.9525,67.5483,0.0774,5
2026-08-31,MANTON,754128,KING,54.8117,56.498,69.3939,0.0796,5
2026-08-31,GWYNNE,754779,MOURAMBA,56.7055,64.1465,63.1527,0.1746,5
2026-08-31,PRIORY,754799,MOURAMBA,57.8418,63.5747,64.9035,0.1724,5
2026-08-31,COHN,755650,ROBINSON,42.2952,60.071,51.9654,0.1504,4
2026-08-31,LAMBRIGG,755662,ROBINSON,41.4745,60.8758,52.203,0.1421,4
2026-08-31,FIBY,752776,FITZGERALD,83.6779,91.8872,91.6722,0.1308,5
2026-08-31,RUTHERFORD,757501,YUNGNULGRA,83.7689,90.2539,91.0862,0.1063,5
2026-08-31,BLANTYRE,754994,NARRAN,35.0166,53.6211,49.4522,0.1249,4
2026-08-31,COLLYWARRY,755018,NARRAN,31.7098,46.6343,41.3313,0.1449,4
2026-08-31,NARRANDOOL,755063,NARRAN,35.5281,53.8689,51.63,0.1376,4
2026-08-31,BELBROOK,754989,NARRAN,33.6062,49.0461,42.4178,0.1217,4
2026-08-31,QUANTAMBONE,755066,NARRAN,33.7295,48.9678,41.8478,0.1391,4
2026-08-31,WOOLNORTH,755082,NARRAN,35.4349,53.7085,49.5189,0.1162,4
2026-08-31,QUANDARY,750859,BOURKE,69.1913,54.9023,65.1734,0.1878,5
2026-08-31,STANFORD,755259,NORTHUMBERLAND,7.2973,29.9293,20.2942,-0.5159,2
2026-08-31,PALMER,756439,URANA,55.1666,56.456,52.442,0.1314,5
2026-08-31,THANOWRING,750621,BLAND,70.9459,56.882,69.3871,0.1589,5
2026-08-31,HARDIE,756420,URANA,53.4233,58.4313,53.1482,0.1413,5
2026-08-31,CULINGERAI,750595,BLAND,72.3527,58.7705,68.7356,0.1839,5
2026-08-31,MORELLA,755058,NARRAN,35.3366,51.7792,44.6279,0.1071,4
2026-08-31,WELLINGTON VALE,753323,GOUGH,2.4031,9.3328,5.3292,-0.0676,1
2026-08-31,CUNNINGDROO,757224,WYNYARD,35.717,41.2594,49.4405,0.1048,4
2026-08-31,TYWONG,757253,WYNYARD,37.9853,39.9177,53.495,0.1119,4
2026-08-31,BRALTCHEE,755004,NARRAN,34.999,49.7594,41.9542,0.1055,4
2026-08-31,GILLGI,755033,NARRAN,30.9217,47.3535,39.8693,0.1191,4
2026-08-31,LOLAH,755049,NARRAN,32.683,48.6176,39.3988,0.1035,4
2026-08-31,BLAKE,754993,NARRAN,36.203,53.3355,42.6765,0.1063,4
2026-08-31,BOOMAN GABAR,754999,NARRAN,31.6905,47.2229,38.6207,0.1041,4
2026-08-31,CARCOOL,755015,NARRAN,35.2847,51.4429,41.8707,0.1049,4
2026-08-31,GLADSTONE,755543,RALEIGH,5.5138,42.3961,41.3491,-0.3895,2
2026-08-31,SOUTH BELLINGEN,755557,RALEIGH,5.2854,39.5295,34.6412,-0.3723,2
2026-08-31,TERRABELLA,753250,GORDON,27.99,34.8939,28.4937,0.1008,3
2026-08-31,BRUAH,754296,LINCOLN,25.9709,31.8053,24.5621,0.0972,3
2026-08-31,ERSKINE,754311,LINCOLN,23.8365,30.2137,23.8611,0.0858,3
2026-08-31,HAY,755867,SELWYN,56.2802,65.936,72.1796,0.1375,5
2026-08-31,MARAGLE,755879,SELWYN,49.5428,60.1869,70.0306,0.1122,5
2026-08-31,EDEN,750205,AUCKLAND,3.9789,8.4324,22.3086,-0.3162,1
2026-08-31,BYNG,750365,BATHURST,51.434,41.1959,54.4795,0.0743,4
2026-08-31,COLVILLE,750375,BATHURST,58.0746,48.5714,67.6632,0.0534,5
2026-08-31,ST LEONARD,756497,VERNON,22.563,20.9408,23.6533,-0.3904,2
2026-08-31,TIA,756499,VERNON,38.684,31.4006,44.4601,-0.3556,5
2026-08-31,SALWAY,756494,VERNON,26.7214,24.4924,31.761,-0.3985,2
2026-08-31,MANDOLONG,755238,NORTHUMBERLAND,28.4931,40.9433,36.5111,-0.348,2
2026-08-31,THULAMA,755072,NARRAN,29.4412,45.4623,37.7893,0.1081,3
2026-08-31,BREWARRENA,754539,MITCHELL,58.6201,57.4474,67.3088,0.0708,5
2026-08-31,KURRAGONG,752717,FINCH,28.4491,45.3604,36.4493,0.098,3
2026-08-31,BOOROOMA,752654,FINCH,27.6827,43.8379,36.6384,0.0998,3
2026-08-31,WAUBERRIMA,754569,MITCHELL,59.5422,59.0753,70.1129,0.0693,5
2026-08-31,TAUNTON,754143,KING,52.0488,50.2384,64.6707,0.1149,5
2026-08-31,CROSBY,754109,KING,52.8233,50.7183,67.3935,0.1027,5
2026-08-31,CROZIER,756152,TARA,94.0275,92.4079,92.5256,0.1155,5
2026-08-31,BOOLONKEENA,756148,TARA,93.8994,92.5658,92.6669,0.1084,5
2026-08-31,MURTEE,757019,WERUNDA,82.1197,86.2217,87.921,0.0321,5
2026-08-31,MOORABIN,757447,YOUNG,82.8963,87.2147,89.0219,0.0277,5
2026-08-31,WILKIE,752764,FINCH,28.6529,47.0739,37.0853,0.0967,3
2026-08-31,TEREWAH,755069,NARRAN,30.176,46.1463,37.6337,0.1032,4
2026-08-31,STRATHDON,751662,COOK,22.8765,44.99,55.8999,-0.2954,2
2026-08-31,JOADJA,751276,CAMDEN,35.8847,48.3394,63.9321,-0.3911,5
2026-08-31,BANGADILLY,751248,CAMDEN,33.7437,46.2712,64.558,-0.3781,5
2026-08-31,BUDDAH,752656,FINCH,28.2823,44.7565,35.4861,0.0876,3
2026-08-31,BUNDIDGERRY,751683,COOPER,54.9662,49.0109,62.1229,0.0783,4
2026-08-31,NARRANDERA,751719,COOPER,48.4945,43.3887,55.44,0.0841,4
2026-08-31,BROGO,750197,AUCKLAND,6.5357,11.9703,20.4415,-0.3193,2
2026-08-31,NUMBUGGA,750224,AUCKLAND,7.0955,9.5404,17.4322,-0.2677,2
2026-08-31,PINE,752739,FINCH,30.274,46.7321,39.9864,0.0881,4
2026-08-31,CUMBERTINE,751271,CAMDEN,39.6017,45.2805,61.0148,-0.3427,5
2026-08-31,MUMBOWANNA,755671,ROBINSON,53.1657,66.2778,64.6332,0.1861,5
2026-08-31,TAMBUA,755676,ROBINSON,51.4546,63.9615,63.6074,0.1884,5
2026-08-31,BROUGHAM,757417,YOUNG,84.6018,87.2557,89.9676,0.0322,5
2026-08-31,WELLINGTON NORTH,753322,GOUGH,2.4318,9.2924,5.5276,-0.0606,1
2026-08-31,WOYTCHUGGA,757031,WERUNDA,82.7137,86.5112,88.1198,0.0303,5
2026-08-31,NULLICA,750223,AUCKLAND,4.3154,7.4457,23.2413,-0.3209,1
2026-08-31,KIAH,750213,AUCKLAND,4.7948,8.4392,23.1007,-0.3414,1
2026-08-31,FINGAL,752459,DURHAM,1.1378,5.7857,2.9515,-0.5353,1
2026-08-31,GRESFORD,752464,DURHAM,0.7203,3.1429,1.815,-0.4899,0
2026-08-31,OAKLEY,750400,BATHURST,59.4222,58.3717,68.3366,0.064,5
2026-08-31,PONSONBY,750403,BATHURST,61.6602,59.7225,71.2599,0.0524,5
2026-08-31,APSLEY,750354,BATHURST,56.7367,53.2291,61.9919,0.0733,5
2026-08-31,GLENLOGAN,750383,BATHURST,61.9623,42.757,44.6838,0.2154,4
2026-08-31,COWRA,750377,BATHURST,62.507,42.1166,47.169,0.2092,4
2026-08-31,BINJURA,750524,BERESFORD,14.7498,32.5816,49.4605,-0.2173,2
2026-08-31,JILLIMATONG,750545,BERESFORD,20.5077,34.8916,60.4457,-0.2642,2
2026-08-31,LYNCH,751328,CANBELEGO,23.0678,51.2992,35.0787,0.1058,3
2026-08-31,BOREE,751307,CANBELEGO,23.3802,51.971,34.8015,0.098,3
2026-08-31,JEIR,754885,MURRAY,54.5078,59.8015,64.5019,0.0767,5
2026-08-31,THURGOONA,753356,GOULBURN,60.7438,67.9146,73.5024,0.228,5
2026-08-31,TOOLOON,754256,LEICHHARDT,23.7701,43.0651,31.9266,0.0862,3
2026-08-31,DINOA,754203,LEICHHARDT,24.2923,41.425,30.9963,0.0856,3
2026-08-31,NARRAGAMBA,750761,BLIGH,11.9797,24.7554,20.3839,0.005,2
2026-08-31,COOROOBONGATTI,752412,DUDLEY,10.1634,26.7568,30.0723,-0.4739,2
2026-08-31,YARRABANDINI,752437,DUDLEY,8.6067,22.6617,26.8151,-0.4805,2
2026-08-31,COPE,750746,BLIGH,14.0087,25.1579,19.9568,0.0018,2
2026-08-31,BABBINBOON,751005,BUCKLAND,11.0992,16.7077,13.5266,-0.0547,2
2026-08-31,SOMERTON,755340,PARRY,11.1338,16.5567,15.9734,-0.0782,2
2026-08-31,AVOCA,756926,WENTWORTH,94.7706,91.5695,91.7448,0.0964,5
2026-08-31,FOSTER,756157,TARA,94.3037,92.1738,91.9936,0.1022,5
2026-08-31,WILPATERA,756190,TARA,94.2827,92.2022,92.4796,0.0986,5
2026-08-31,TUNSTALL,755747,ROUS,46.0208,75.4698,67.4423,-0.0077,5
2026-08-31,BAXTER,754575,MONTEAGLE,63.8001,64.441,70.2343,0.1389,5
2026-08-31,MILONG,750611,BLAND,65.1857,64.5085,67.7284,0.1408,5
2026-08-31,DUBBO,753233,GORDON,33.7035,39.8745,30.2869,0.1271,4
2026-08-31,DUBBO,754308,LINCOLN,31.366,36.3821,28.04,0.1211,3
2026-08-31,POMEROY,750043,ARGYLE,30.4168,38.9315,58.0696,-0.1191,4
2026-08-31,COLARAGANG,751688,COOPER,26.1487,32.226,30.4944,0.1187,3
2026-08-31,BENEREMBAH,756038,STURT,25.5774,32.4072,29.6307,0.1152,3
2026-08-31,AVONDALE,756608,WALJEERS,61.4291,72.0681,71.3105,0.1762,5
2026-08-31,ALMA,756605,WALJEERS,64.5611,75.1641,74.2807,0.1851,5
2026-08-31,CAMPBELL,756618,WALJEERS,58.4373,67.2837,67.2386,0.1558,5
2026-08-31,MERRI MERRIGAL,752336,DOWLING,34.0037,34.6791,34.6934,0.1489,4
2026-08-31,MONEYBUNG,752338,DOWLING,32.8202,34.2117,32.9033,0.1412,4
2026-08-31,BULGAN,751400,CLARENDON,46.619,51.6268,63.8206,0.1296,4
2026-08-31,CUDAL,750150,ASHBURNHAM,57.6939,41.0555,47.3531,0.2105,4
2026-08-31,GREGRA,750162,ASHBURNHAM,55.0482,42.2842,50.3694,0.18,4
2026-08-31,JINDERA,753345,GOULBURN,68.6723,70.072,74.2148,0.2242,5
2026-08-31,YAMBLA,753361,GOULBURN,66.7256,68.0361,72.4469,0.2289,5
2026-08-31,TOOLOND,755743,ROUS,25.2273,61.0895,52.5927,0.063,3
2026-08-31,GRIFFIN,754475,MANARA,69.2135,78.2793,77.2135,0.1685,5
2026-08-31,WAUGH,754497,MANARA,73.1521,80.3254,78.7863,0.1463,5
2026-08-31,BOBADEEN,750736,BLIGH,11.2818,22.3029,19.2844,-0.0143,2
2026-08-31,ULAN,750773,BLIGH,13.4616,26.3862,20.3943,-0.0025,2
2026-08-31,GOONDOOLA,754473,MANARA,73.6712,82.7408,80.0834,0.1343,5
2026-08-31,MANFRED,754485,MANARA,75.3478,84.2316,81.7269,0.1269,5
2026-08-31,DARWIN,754469,MANARA,66.0073,78.0395,75.9883,0.1742,5
2026-08-31,GUNARRAMBY,754476,MANARA,71.0452,80.6695,79.4537,0.1472,5
2026-08-31,TRIGALONG,750624,BLAND,64.967,56.8734,66.4212,0.1499,5
2026-08-31,WALLADILLY,750628,BLAND,65.3375,59.1491,68.2799,0.1638,5
2026-08-31,COPPABELLA,753602,HARDEN,55.5561,54.024,64.8569,0.1162,5
2026-08-31,MULLENGANDRA,753350,GOULBURN,66.2976,67.591,73.1943,0.2281,5
2026-08-31,HUME,753341,GOULBURN,63.1509,68.7896,75.1375,0.1954,5
2026-08-31,RUBY,755306,OXLEY,26.7628,59.6323,41.6582,0.124,3
2026-08-31,MUDALL,755297,OXLEY,25.0258,56.9282,42.2249,0.1266,3
2026-08-31,ALBURY,753326,GOULBURN,64.9181,69.906,74.2889,0.2299,5
2026-08-31,KILKOOBWAL,754692,MOSSGIEL,55.6642,70.3797,68.6785,0.1687,5
2026-08-31,YELTY,754502,MANARA,57.7082,74.2611,72.632,0.1758,5
2026-08-31,IVANHOE,754687,MOSSGIEL,55.9785,72.5366,69.7817,0.1803,5
2026-08-31,MITCHELL,753348,GOULBURN,59.2107,63.3229,70.8323,0.1835,5
2026-08-31,WOOMARGAMA,753359,GOULBURN,63.8232,66.3996,72.9533,0.2111,5
2026-08-31,SURBITON,754382,LIVINGSTONE,81.4915,82.7514,86.1905,0.0846,5
2026-08-31,NELIA GAARI,756133,TANDORA,82.0547,83.8434,85.9771,0.0756,5
2026-08-31,COREGA,757425,YOUNG,81.2739,83.2229,86.6103,0.0744,5
2026-08-31,WARONG,751348,CANBELEGO,30.5668,52.4047,46.1737,0.1286,4
2026-08-31,PIAN,753954,JAMISON,30.8904,46.9405,43.0995,0.0435,4
2026-08-31,BUDGERY,752862,FLINDERS,30.0112,54.1445,47.7992,0.1355,4
2026-08-31,MERAH NORTH,753945,JAMISON,31.6458,46.4911,41.4021,0.0562,4
2026-08-31,YOONGEE,752924,FLINDERS,34.5103,55.3719,45.8591,0.1393,4
2026-08-31,DONALD,755817,SANDON,6.733,15.7453,13.3067,-0.1621,2
2026-08-31,TILBUSTER,755844,SANDON,6.7475,14.9801,13.5118,-0.1405,2
2026-08-31,MYACK,756715,WALLACE,42.2213,52.2614,79.1672,-0.1761,5
2026-08-31,COOLAMATONG,756687,WALLACE,39.5668,48.1061,77.3346,-0.2037,5
2026-08-31,LOWTHER,757063,WESTMORELAND,47.6535,53.5428,57.1727,-0.1805,5
2026-08-31,ANTONIO,757036,WESTMORELAND,47.5892,51.7102,64.789,-0.1345,5
2026-08-31,TALYEALE,756217,THOULCANNA,81.2588,89.8351,92.4121,0.2196,5
2026-08-31,KELLY,756210,THOULCANNA,76.6487,86.4568,88.6021,0.2176,5
2026-08-31,KILLOWEN,753872,IRRARA,69.6797,83.1063,85.4761,0.2293,5
2026-08-31,KERRININNA,756211,THOULCANNA,77.2048,86.5005,89.054,0.2279,5
2026-08-31,MOOLORT,753879,IRRARA,70.0474,83.2326,84.7422,0.2405,5
2026-08-31,NEWLAND,756214,THOULCANNA,80.7892,89.4791,90.9684,0.2148,5
2026-08-31,WARROO,753898,IRRARA,72.1354,84.6229,87.1358,0.2374,5
2026-08-31,BERAWINNIA,753855,IRRARA,74.5528,85.8639,88.4637,0.2343,5
2026-08-31,TALYEALYE,753892,IRRARA,74.6546,85.5479,87.7687,0.214,5
2026-08-31,MOBBINDRY,756011,STAPYLTON,11.9404,20.8558,20.0616,0.0132,2
2026-08-31,TACKINBRI,751134,BURNETT,14.1726,20.3875,21.3046,0.0305,2
2026-08-31,MINGAN,756010,STAPYLTON,11.3924,19.3212,19.7777,0.0148,2
2026-08-31,BOORABA,755984,STAPYLTON,11.2998,17.4934,18.6437,0.0164,2
2026-08-31,CULLARIN,754110,KING,32.6695,44.8885,58.8477,-0.0177,4
2026-08-31,LERIDA,754127,KING,32.7777,45.3459,60.937,-0.0105,4
2026-08-31,MILBANG,750031,ARGYLE,30.4103,45.1473,58.6835,-0.0512,4
2026-08-31,COLLECTOR,750008,ARGYLE,30.558,46.2474,58.5494,-0.0456,4
2026-08-31,NORTH DENILIQUIN,756310,TOWNSEND,55.9413,65.2306,55.4149,0.1813,5
2026-08-31,SOUTH DENILIQUIN,756325,TOWNSEND,57.9133,66.201,56.3615,0.1748,5
2026-08-31,EGBERT,750379,BATHURST,45.2684,40.862,54.3158,0.0767,4
2026-08-31,QUANDONG,753395,GOWEN,15.9017,26.0946,21.2484,0.0698,3
2026-08-31,COPPERHANNIA,753023,GEORGIANA,42.7167,42.3591,57.7987,0.0472,4
2026-08-31,BUNGHILL,752662,FINCH,26.6518,43.9372,34.7983,0.0745,3
2026-08-31,EALES,752688,FINCH,26.8164,44.2049,35.3331,0.0929,3
2026-08-31,GRAWIN,752703,FINCH,32.4728,52.421,39.9002,0.0758,4
2026-08-31,MORENDAH,752731,FINCH,29.2374,47.6035,36.7047,0.0641,3
2026-08-31,ULAH,752752,FINCH,26.1261,44.757,35.8522,0.0885,3
2026-08-31,BROULEE,755914,ST VINCENT,3.7932,8.2075,14.8329,-0.4394,1
2026-08-31,THURUNGLY,750623,BLAND,73.3221,62.5339,69.3871,0.1834,5
2026-08-31,BOGINDERRA,750581,BLAND,72.5062,61.2438,67.7619,0.177,5
2026-08-31,ARMIDALE,755808,SANDON,7.8119,16.0806,11.5266,-0.1909,2
2026-08-31,GARA,755826,SANDON,7.2022,16.2648,12.7286,-0.1726,2
2026-08-31,CURRALL,752681,FINCH,31.7846,48.7289,39.6649,0.0958,4
2026-08-31,BOLTON,757043,WESTMORELAND,57.8812,56.4737,67.8551,0.0133,5
2026-08-31,TABRATONG,754018,KENNEDY,35.93,64.1484,49.5066,0.1591,4
2026-08-31,DANDALOO,753983,KENNEDY,38.4131,65.3221,53.6946,0.1635,4
2026-08-31,WERIBIDDEE,751608,CLYDE,22.5294,41.4894,33.5108,0.0551,3
2026-08-31,WILLEWA,751613,CLYDE,22.031,40.7306,33.0541,0.0537,3
2026-08-31,WILLENBONE,751612,CLYDE,22.5755,40.7412,33.8898,0.0618,3
2026-08-31,COORABUR,751561,CLYDE,23.2699,43.3545,34.9666,0.0602,3
2026-08-31,CARINDA,751556,CLYDE,22.2641,41.5285,33.2029,0.0474,3
2026-08-31,MOLLE,751589,CLYDE,21.437,40.9316,33.1572,0.0462,3
2026-08-31,GILWARNY,754215,LEICHHARDT,23.2954,43.4996,33.0625,0.0529,3
2026-08-31,QUABOTHOO,751594,CLYDE,22.0313,42.2023,33.0277,0.0437,3
2026-08-31,COOTAMUNDRA,753601,HARDEN,55.3105,55.8901,65.1738,0.1473,5
2026-08-31,DUDAUMAN,750598,BLAND,56.9515,56.0122,62.5155,0.135,5
2026-08-31,TAREAN,753196,GLOUCESTER,1.7525,2.8954,4.9448,-0.6181,0
2026-08-31,JELLORE,751275,CAMDEN,36.4749,47.1872,63.2881,-0.3854,5
2026-08-31,NUBBA,753627,HARDEN,58.7851,57.7182,66.5964,0.1434,5
2026-08-31,BERTHONG,750578,BLAND,61.0357,60.2137,66.6669,0.1406,5
2026-08-31,DERRY,750834,BOURKE,55.8347,49.823,65.2673,0.1087,4
2026-08-31,ELLIOTT,750838,BOURKE,59.5995,51.723,64.082,0.0951,5
2026-08-31,WAMBAT,753631,HARDEN,60.8058,61.6033,67.2256,0.1301,5
2026-08-31,WILKIE,753632,HARDEN,62.1143,62.7072,67.9925,0.1309,5
2026-08-31,MEIN,756555,WAKOOL,81.9879,77.8283,67.1025,0.19,5
2026-08-31,ROTHBURY,755255,NORTHUMBERLAND,9.1136,27.9884,29.0312,-0.4681,2
2026-08-31,ALLANDALE,755204,NORTHUMBERLAND,8.1645,29.5746,25.8346,-0.5038,2
2026-08-31,CALMULDI,752669,FINCH,27.6549,43.8372,36.1811,0.0453,3
2026-08-31,GLATHERINDI,752698,FINCH,26.8925,39.2118,35.9167,0.04,2
2026-08-31,CUNNIANNA,752680,FINCH,27.4928,41.2559,34.9394,0.041,3
2026-08-31,WALLAH,752755,FINCH,27.5777,43.3319,35.0784,0.0415,3
2026-08-31,TRAJERE,750182,ASHBURNHAM,54.8156,44.5974,42.6139,0.2503,4
2026-08-31,GOIMBLA,750159,ASHBURNHAM,55.1593,40.8352,44.217,0.2629,4
2026-08-31,PARINGI,756971,WENTWORTH,91.5673,79.5957,77.9123,0.1219,5
2026-08-31,BUNDABARRINA,752660,FINCH,26.759,40.9496,35.0345,0.0408,3
2026-08-31,LEMINGTON,753792,HUNTER,4.2707,18.5401,18.5764,-0.2014,1
2026-08-31,THITTO,756983,WENTWORTH,91.7671,80.5877,78.0312,0.1351,5
2026-08-31,CLIFFS,756936,WENTWORTH,92.2696,80.786,78.4059,0.1092,5
2026-08-31,MURRABRINE,752152,DAMPIER,5.0326,9.5355,14.7432,-0.2946,2
2026-08-31,PUEN BUEN,750229,AUCKLAND,6.5033,8.9602,15.0537,-0.2656,2
2026-08-31,DOWLING,750154,ASHBURNHAM,58.1773,52.6521,47.0232,0.2914,4
2026-08-31,MUGINCOBLE,750172,ASHBURNHAM,56.276,47.8824,46.9799,0.2838,4
2026-08-31,SOMERS,750408,BATHURST,46.6528,44.5122,66.9968,0.0988,4
2026-08-31,DEWHURST,757101,WHITE,16.02,27.4559,21.5228,0.0304,2
2026-08-31,HALL,750282,BARADINE,14.1335,22.514,19.8152,0.0444,3
2026-08-31,BADHAM,750245,BARADINE,15.1575,22.6281,20.4063,0.0413,3
2026-08-31,WALLA WALLA WEST,755528,POTTINGER,18.0295,30.0462,24.8267,0.0257,2
2026-08-31,MORISSET,755242,NORTHUMBERLAND,26.9125,35.6177,32.8876,-0.3678,2
2026-08-31,ANTIMONY,751040,BULLER,18.5727,42.9125,40.5759,-0.1055,2
2026-08-31,EMU,751061,BULLER,23.9661,48.005,48.1142,-0.1119,2
2026-08-31,ST PHILIP,752063,CUMBERLAND,21.2576,38.1364,40.7134,-0.3639,2
2026-08-31,KEEWONG,754889,MURRAY,50.704,65.5756,65.1532,0.031,5
2026-08-31,BALFOUR,751086,BURNETT,10.0435,15.7539,18.4128,-0.0592,2
2026-08-31,WARIALDA,751137,BURNETT,10.8636,16.3879,18.9728,-0.032,2
2026-08-31,BOOBAH,751091,BURNETT,10.3024,16.2837,17.8088,-0.0413,2
2026-08-31,BERRYGILL,751749,COURALLIE,17.9493,24.9559,24.4851,0,2
2026-08-31,DUCKHOLE,751765,COURALLIE,15.3831,21.1057,20.8675,-0.0105,2
2026-08-31,MERRIGULA,755510,POTTINGER,11.2513,25.9213,17.1292,0.0002,2
2026-08-31,TAMBAR,755522,POTTINGER,11.288,25.3367,17.0418,0.0077,2
2026-08-31,CAMPBELL,751761,COURALLIE,15.9641,21.0934,20.7706,-0.0013,2
2026-08-31,TERRERGEE,751789,COURALLIE,19.0137,26.5686,24.8767,0.0069,2
2026-08-31,WINGEN,750965,BRISBANE,8.0942,19.4441,13.1573,-0.1904,2
2026-08-31,HUNTLEY,750387,BATHURST,57.2872,44.6337,64.4615,0.074,4
2026-08-31,TANNAWANDA,757122,WHITE,15.3957,22.8503,19.8178,0.0363,2
2026-08-31,YAMINBA,757127,WHITE,16.1553,23.3193,19.4582,0.0365,2
2026-08-31,MOONAN,752476,DURHAM,8.7926,17.1442,9.1127,-0.5308,2
2026-08-31,OLDCASTLE,752478,DURHAM,19.8297,21.5723,19.6606,-0.5379,2
2026-08-31,BELL,750133,ASHBURNHAM,37.2676,33.3024,32.5544,0.1208,4
2026-08-31,LIMESTONE,753184,GLOUCESTER,1.8675,2.6845,5.3128,-0.5671,1
2026-08-31,STROUD,753193,GLOUCESTER,1.822,2.0566,4.7274,-0.6023,0
2026-08-31,LITTLE FOREST,755942,ST VINCENT,10.638,22.9209,30.4804,-0.5368,2
2026-08-31,WOONOX,756350,TOWNSEND,55.4288,63.173,55.9757,0.1754,5
2026-08-31,WANDOOK,756335,TOWNSEND,53.8547,63.5092,54.4057,0.179,5
2026-08-31,JERRAWANGALA,755939,ST VINCENT,15.8343,27.3476,35.6925,-0.4981,2
2026-08-31,WHYLANDRA,753257,GORDON,31.9712,39.0175,30.6778,0.124,4
2026-08-31,MEANGORA,755944,ST VINCENT,35.624,51.6146,64.6335,-0.4172,5
2026-08-31,COOLUMBURRA,755924,ST VINCENT,33.5936,48.2067,61.7491,-0.4215,5
2026-08-31,GOOROOYARROO,754882,MURRAY,48.0873,60.0379,64.0461,0.0279,5
2026-08-31,BYWONG,754873,MURRAY,42.5196,57.4919,64.5137,-0.0199,5
2026-08-31,BIG BADJA,750522,BERESFORD,3.1246,17.5215,27.9737,-0.4,1
2026-08-31,BAILLIE,756034,STURT,21.4482,30.7097,27.3857,0.0927,3
2026-08-31,DJALLAH,756046,STURT,23.3464,31.5497,28.0932,0.1032,3
2026-08-31,BAAN BAA,755470,POTTINGER,17.6355,31.4662,26.2989,0.0198,2
2026-08-31,TURRAWAN,757124,WHITE,19.313,37.1084,29.3019,0.0351,2
2026-08-31,CAIRNCROSS,754404,MACQUARIE,14.0237,22.7373,30.8476,-0.4702,2
2026-08-31,REDBANK,754446,MACQUARIE,13.1882,17.6408,26.0686,-0.4839,2
2026-08-31,KOREE,754428,MACQUARIE,13.0171,17.8745,26.3889,-0.4877,2
2026-08-31,JIBEEN,750988,BUCCLEUCH,37.5928,55.7652,68.0554,0.1277,5
2026-08-31,NIMBO,750994,BUCCLEUCH,34.7024,47.4809,65.1473,0.1129,4
2026-08-31,BALOO,750971,BUCCLEUCH,31.3894,46.2084,65.1158,0.1108,4
2026-08-31,MOORA,750691,BLAXLAND,38.576,42.4166,39.0841,0.1458,4
2026-08-31,URAMBIE,750717,BLAXLAND,42.9314,45.1465,46.5355,0.1702,4
2026-08-31,MAROBEE,750683,BLAXLAND,48.3784,50.8644,49.2138,0.1888,4
2026-08-31,TARA,750708,BLAXLAND,49.6586,49.9424,50.3991,0.1776,4
2026-08-31,MOUNT SOLITARY,750695,BLAXLAND,55.9486,50.3398,53.0528,0.1235,5
2026-08-31,MOUNT HOPE,750694,BLAXLAND,58.154,51.4838,55.2862,0.1161,5
2026-08-31,TALLEBUNG,750707,BLAXLAND,42.052,47.2077,47.8532,0.1769,4
2026-08-31,MAROBEE EAST,750684,BLAXLAND,43.4829,49.26,49.54,0.182,4
2026-08-31,CAGELLICO,750653,BLAXLAND,40.3644,41.871,42.0258,0.1461,4
2026-08-31,ROCHE,753247,GORDON,31.942,34.5447,28.1484,0.1237,3
2026-08-31,OXLEY,753244,GORDON,32.1563,36.8653,28.2589,0.124,3
2026-08-31,BENOLONG,753220,GORDON,29.5451,35.5446,29.5948,0.116,3
2026-08-31,CALOMA,753226,GORDON,32.7936,36.5537,26.9271,0.1301,3
2026-08-31,THE SPRINGS,753252,GORDON,29.095,35.1169,28.9681,0.1149,3
2026-08-31,INGLEBA,756483,VERNON,13.9907,14.4131,11.3134,-0.3887,2
2026-08-31,FLETCHER,756479,VERNON,18.6365,17.978,18.0825,-0.4109,2
2026-08-31,WATTAMONDARA,752960,FORBES,66.7127,52.5057,57.0119,0.1932,5
2026-08-31,BANG BANG,752926,FORBES,61.8551,52.2602,58.596,0.1646,5
2026-08-31,TOMAGA,755963,ST VINCENT,3.2417,8.0641,13.7182,-0.4189,1
2026-08-31,CUDMIRRAH,755927,ST VINCENT,14.0199,23.3843,31.4985,-0.5209,2
2026-08-31,MOUNT GEORGE,753188,GLOUCESTER,2.4859,2.1738,4.767,-0.6099,0
2026-08-31,DUDERBANG,750881,BOYD,32.1547,36.8452,36.4474,0.1412,4
2026-08-31,BURRALOW,751629,COOK,19.0793,40.5111,47.5215,-0.316,2
2026-08-31,DUNGALEAR,752684,FINCH,27.731,47.5864,37.6914,0.0586,3
2026-08-31,MYCOTHA,750896,BOYD,34.1534,39.2771,40.7247,0.1314,4
2026-08-31,UGOBIT,750904,BOYD,31.1744,36.173,36.9192,0.1323,4
2026-08-31,EGELABRA,755287,OXLEY,32.6408,51.4089,41.3089,0.1113,4
2026-08-31,HOLYWELL,752466,DURHAM,1.0923,7.2886,2.9589,-0.4829,1
2026-08-31,TUGIMA,756989,WENTWORTH,94.564,90.4313,91.4935,0.0904,5
2026-08-31,AVENAL,752443,DURHAM,1.4645,8.0469,3.9818,-0.4978,1
2026-08-31,TAPIO,756980,WENTWORTH,94.3817,90.0716,90.8065,0.0929,5
2026-08-31,OXLEY SOUTH,752114,CUNNINGHAM,40.321,51.2461,49.7736,0.1761,4
2026-08-31,BUMBERRA,755418,PHILLIP,8.717,22.3201,15.2727,-0.0065,2
2026-08-31,EURUNDURY,755429,PHILLIP,9.4256,21.2404,15.5773,-0.0055,2
2026-08-31,MYALLA,751120,BURNETT,9.7395,15.3109,17.2206,-0.0662,2
2026-08-31,COROMERRY,757426,YOUNG,83.3444,86.5074,88.8253,0.0274,5
2026-08-31,ROCK VALE,751535,CLIVE,2.5921,8.8325,5.0248,-0.0536,1
2026-08-31,HIGHLAND HOME,753286,GOUGH,2.6126,9.1664,5.3726,-0.058,1
2026-08-31,WILCANNIA,757463,YOUNG,83.8653,86.9676,89.6761,0.0247,5
2026-08-31,WILCANNIA SOUTH,757028,WERUNDA,83.1777,86.8134,89.0647,0.0254,5
2026-08-31,SOUTH LISMORE,755737,ROUS,43.9115,75.2393,70.6693,-0.0152,5
2026-08-31,FINCH,752694,FINCH,35.3996,53.8479,39.108,0.0761,4
2026-08-31,WILBY WILBY,752762,FINCH,34.7823,54.7815,39.3886,0.0828,4
2026-08-31,SOUTH GUNDURIMBA,755736,ROUS,37.766,72.1605,65.6384,-0.0316,5
2026-08-31,KIOLOA,755941,ST VINCENT,3.8641,10.9734,18.5244,-0.5372,1
2026-08-31,COOLENA,756084,TAILA,85.2202,74.3295,72.4564,0.2134,5
2026-08-31,PERCY,755954,ST VINCENT,16.8537,43.9451,48.0788,-0.4482,2
2026-08-31,BOYLE,755911,ST VINCENT,12.4378,42.7842,44.9048,-0.4442,2
2026-08-31,WOKO,753721,HAWES,9.8326,19.4646,23.3939,-0.5498,2
2026-08-31,CROSBIE,753159,GLOUCESTER,7.5189,15.0868,18.3381,-0.572,2
2026-08-31,MORUNDAH SOUTH,756432,URANA,48.2763,52.5247,57.1261,0.1138,5
2026-08-31,YARRALDOOL,752273,DENHAM,30.1881,50.3449,44.007,0.0676,4
2026-08-31,BERRYBAH,750249,BARADINE,30.5402,49.4319,42.2212,0.0754,4
2026-08-31,BUGABADA,752558,EWENMAR,24.3611,41.3091,30.1212,0.0975,3
2026-08-31,BUNDIJOE,752561,EWENMAR,22.7557,39.1995,29.7007,0.0924,3
2026-08-31,DRAKE,752374,DRAKE,14.5904,41.761,36.5743,-0.0921,2
2026-08-31,FAIRFIELD,752377,DRAKE,17.6916,44.0685,35.2007,-0.0973,2
2026-08-31,WEST FAIRFIELD,752399,DRAKE,13.7829,39.9234,30.5829,-0.0994,2
2026-08-31,MUNRO,757493,YUNGNULGRA,86.459,89.7699,91.1404,0.0503,5
2026-08-31,KIRK,757488,YUNGNULGRA,87.1081,90.8067,91.4971,0.0563,5
2026-08-31,ELDER,757479,YUNGNULGRA,87.1308,90.7655,91.6915,0.0719,5
2026-08-31,PARKUNGI,757497,YUNGNULGRA,85.1439,89.9177,90.9744,0.0697,5
2026-08-31,ROSSTREVOR,757500,YUNGNULGRA,86.4659,90.5602,91.4172,0.0581,5
2026-08-31,CADELL,756400,URANA,42.6786,46.046,46.3646,0.1587,4
2026-08-31,BROOME,756396,URANA,44.7073,48.9374,47.3867,0.1608,4
2026-08-31,CORDEAUX,751269,CAMDEN,33.3601,46.326,51.888,-0.3416,5
2026-08-31,TYALGUM,755748,ROUS,33.3527,63.9426,54.7982,0.0604,4
2026-08-31,WOONONA,751301,CAMDEN,26.2817,47.2359,51.1339,-0.3405,2
2026-08-31,CHILLINGHAM,755696,ROUS,23.9237,58.799,42.4414,0.0655,3
2026-08-31,BINDA,753012,GEORGIANA,24.2465,32.972,48.8482,-0.0754,2
2026-08-31,THALABA,753055,GEORGIANA,26.8061,35.6731,51.1882,-0.1157,2
2026-08-31,DOULAGUNMALA,750749,BLIGH,9.1572,18.4721,16.7257,-0.027,2
2026-08-31,BORAMBIL,750739,BLIGH,8.7107,16.9946,16.1961,-0.0412,2
2026-08-31,WONGAWILLI,751300,CAMDEN,31.9912,41.2235,52.2919,-0.3788,5
2026-08-31,COBBINBIL,753377,GOWEN,17.2578,29.5508,23.1739,0.0877,3
2026-08-31,GULARGAMBONE,753385,GOWEN,16.8323,30.8573,23.1723,0.0863,3
2026-08-31,STOCKTON,753191,GLOUCESTER,1.817,6.7948,6.2834,-0.6295,1
2026-08-31,RALFE,754445,MACQUARIE,12.3756,28.8433,34.7135,-0.5045,2
2026-08-31,OURA,751423,CLARENDON,36.997,41.492,52.0505,0.1133,4
2026-08-31,BROKE,755212,NORTHUMBERLAND,6.9675,19.7528,22.0312,-0.3959,2
2026-08-31,COOLAMIN,755217,NORTHUMBERLAND,7.606,20.3281,23.8735,-0.4005,2
2026-08-31,YARRATT,754456,MACQUARIE,10.627,31.6363,35.3062,-0.5462,2
2026-08-31,PROSPECT,754443,MACQUARIE,12.3652,24.0739,32.5352,-0.4578,2
2026-08-31,TORRENS,754451,MACQUARIE,14.6366,20.0164,34.6124,-0.4671,2
2026-08-31,COMBOYNE,754407,MACQUARIE,21.6494,53.9087,52.3685,-0.4452,2
2026-08-31,COOKOPIE,753980,KENNEDY,50.7592,59.1573,47.3487,0.1879,4
2026-08-31,MINGELO,755113,NARROMINE,48.9459,56.3664,46.2052,0.1798,4
2026-08-31,HERVEY,755111,NARROMINE,47.7967,42.7748,31.9157,0.1771,4
2026-08-31,BURRILL,753977,KENNEDY,50.9661,43.4112,37.2409,0.1752,4
2026-08-31,MICKIBRI,754001,KENNEDY,52.5289,57.5028,49.6303,0.183,5
2026-08-31,BULLERANA,751757,COURALLIE,14.6162,26.912,23.9482,0.0139,2
2026-08-31,LORNE,754432,MACQUARIE,10.8526,31.4754,35.2855,-0.4968,2
2026-08-31,TALMOI,751788,COURALLIE,14.5991,27.4227,26.0884,0.013,2
2026-08-31,LIBERTY PLAINS,752036,CUMBERLAND,19.1684,45.729,50.9521,-0.35,2
2026-08-31,GINNINDERRA,754880,MURRAY,53.4549,60.3532,67.815,0.0771,5
2026-08-31,BLACK CAMP,752365,DRAKE,24.0739,53.3489,55.5388,-0.0769,2
2026-08-31,SANDILANDS,752395,DRAKE,22.663,50.5255,50.4598,-0.0774,2
2026-08-31,SOUTH COLAH,752053,CUMBERLAND,19.5878,43.5113,49.1509,-0.3783,2
2026-08-31,CASTLE HILL,752020,CUMBERLAND,16.2159,34.8891,46.6887,-0.3806,2
2026-08-31,KILNYANA,752286,DENISON,53.2262,52.9318,45.6621,0.1145,4
2026-08-31,WARMATTA,752302,DENISON,53.8507,54.9713,48.313,0.1161,4
2026-08-31,SAVERNAKE,752295,DENISON,54.8422,52.6454,46.1515,0.1078,4
2026-08-31,SHOALHAVEN,752157,DAMPIER,2.9401,15.5888,22.278,-0.4491,1
2026-08-31,DEUA,752142,DAMPIER,5.7153,12.3473,19.5387,-0.4542,2
2026-08-31,COMER,753733,HUME,62.0499,65.5047,68.8439,0.1368,5
2026-08-31,EDGEHILL,754549,MITCHELL,61.4705,66.0026,69.329,0.1249,5
2026-08-31,SELWYN,757247,WYNYARD,40.8176,58.7121,73.1332,0.1843,5
2026-08-31,HEBDEN,756290,TOWNSEND,56.6423,56.1688,48.2073,0.1345,4
2026-08-31,SOUTH ZARA,756326,TOWNSEND,55.9898,54.9647,49.0132,0.1411,4
2026-08-31,ADDISON,751486,CLIVE,3.3784,10.8155,6.6487,-0.054,1
2026-08-31,YARRANGOBILLY,751004,BUCCLEUCH,41.7233,55.7218,73.5312,0.1605,5
2026-08-31,GOOANDRA,756693,WALLACE,50.8425,66.9241,84.5328,0.1071,5
2026-08-31,COORUMBUNG,755218,NORTHUMBERLAND,18.1163,34.3804,29.55,-0.4247,2
2026-08-31,DORA,755223,NORTHUMBERLAND,15.8659,31.3261,30.9905,-0.4456,2
2026-08-31,DERRIWONG,752084,CUNNINGHAM,30.4397,48.7915,42.1624,0.1334,4
2026-08-31,WILMOT,753216,GLOUCESTER,1.7192,5.5287,6.1232,-0.5965,1
2026-08-31,UFFINGTON,752497,DURHAM,1.486,6.8244,7.53,-0.5695,1
2026-08-31,BEREWOMBENIA,752070,CUNNINGHAM,35.3367,52.4689,41.5407,0.1681,4
2026-08-31,BYONG,752078,CUNNINGHAM,39.6399,57.156,44.0602,0.1968,4
2026-08-31,SEBASTOPOL,752117,CUNNINGHAM,40.015,57.9412,46.6493,0.2006,4
2026-08-31,CATHUNDRIL,755096,NARROMINE,39.3534,63.6238,50.5467,0.1309,4
2026-08-31,YARRADIGERIE,755133,NARROMINE,37.0715,66.3588,51.9724,0.1569,4
2026-08-31,NEVERTIRE,755304,OXLEY,39.2449,62.0484,49.0995,0.1332,4
2026-08-31,TABRATONG,755308,OXLEY,34.5749,65.865,51.8487,0.147,4
2026-08-31,BONEDA,751966,CULGOA,53.3574,71.1658,65.0588,0.1973,5
2026-08-31,BROLGA,751970,CULGOA,51.9427,67.7669,62.2475,0.1903,5
2026-08-31,GURRERA,751986,CULGOA,51.6953,68.0774,61.9776,0.1892,5
2026-08-31,BLAKEBROOK,755689,ROUS,46.2196,75.7437,68.2241,-0.0084,5
2026-08-31,BUGONG,751255,CAMDEN,13.8094,25.0787,34.6999,-0.482,2
2026-08-31,KULLATINE,752419,DUDLEY,8.4636,17.934,20.6334,-0.4795,2
2026-08-31,BRENTRY,754929,NANDEWAR,14.2213,23.1006,20.1302,-0.0255,2
2026-08-31,BOGGABRI,754926,NANDEWAR,14.9388,25.1885,22.1787,-0.004,2
2026-08-31,YARRAVEL,752439,DUDLEY,8.0947,17.9479,21.9509,-0.4788,2
2026-08-31,KALATEENEE,752417,DUDLEY,8.3868,18.3342,22.8017,-0.4722,2
2026-08-31,PROSPECT,752051,CUMBERLAND,17.5751,37.7712,50.1733,-0.3459,2
2026-08-31,YARRUNGA,751303,CAMDEN,15.1118,31.6278,40.4635,-0.4842,2
2026-08-31,BURRAWANG,751262,CAMDEN,15.3845,25.1124,35.1922,-0.4741,2
2026-08-31,MUNDOONEN,754130,KING,50.484,54.7118,67.5575,0.0535,5
2026-08-31,COOKEYS PLAINS,752081,CUNNINGHAM,44.7483,58.9641,51.7726,0.2199,4
2026-08-31,DULHUNTY,752085,CUNNINGHAM,52.2899,61.1065,52.3216,0.2554,5
2026-08-31,BOTFIELDS,752075,CUNNINGHAM,47.4192,60.1993,53.2827,0.2421,4
2026-08-31,MONOMIE,752105,CUNNINGHAM,48.1418,60.1497,50.085,0.2353,4
2026-08-31,NELUNGALONG,750177,ASHBURNHAM,55.3183,61.6633,52.2181,0.2665,5
2026-08-31,GOOBANG,752091,CUNNINGHAM,46.7126,59.862,48.6372,0.2189,4
2026-08-31,GUNNINGBLAND,750163,ASHBURNHAM,52.5081,60.2095,49.1424,0.252,4
2026-08-31,GUNNINGBLAND,752095,CUNNINGHAM,50.5341,60.7558,49.7671,0.2478,4
2026-08-31,TRANGIE,755126,NARROMINE,34.4186,58.0365,44.4093,0.0911,4
2026-08-31,MULLAH BACK,755117,NARROMINE,32.7461,54.2765,41.2225,0.0876,4
2026-08-31,YARRAWA,751302,CAMDEN,21.8391,31.7187,39.9462,-0.4447,2
2026-08-31,BREELONG,754294,LINCOLN,20.4107,32.1751,24.0864,0.0644,3
2026-08-31,RICHARDSON,754324,LINCOLN,19.174,28.7184,23.4148,0.0451,3
2026-08-31,CUNDLE,754409,MACQUARIE,8.9912,29.608,29.3427,-0.6033,2
2026-08-31,BENSON,755978,STAPYLTON,16.4866,29.7546,25.6732,0.0351,2
2026-08-31,MEDGUN,751775,COURALLIE,15.7453,28.9801,26.3969,0.0276,2
2026-08-31,CARORE,751762,COURALLIE,15.4798,27.6042,21.963,0.0224,2
2026-08-31,BOGREE,751751,COURALLIE,15.9929,28.1119,23.3543,0.0296,2
2026-08-31,MOPPIN,756012,STAPYLTON,16.3638,30.52,25.8843,0.0271,2
2026-08-31,BELBORA,753144,GLOUCESTER,7.4165,15.3966,17.5807,-0.6047,2
2026-08-31,GLOUCESTER,753171,GLOUCESTER,4.8291,11.1663,12.8955,-0.615,1
2026-08-31,WIRRIT,750516,BENARBA,14.7307,23.1276,24.6015,0.0052,2
2026-08-31,BAMA,751140,CADELL,75.2277,60.5667,56.3905,0.1819,5
2026-08-31,TOWRANG,750050,ARGYLE,38.3121,54.8961,75.6413,-0.2486,5
2026-08-31,NORRONG,750040,ARGYLE,41.5831,56.7625,75.1623,-0.2495,5
2026-08-31,ANNANDALE,751488,CLIVE,2.6511,9.5122,4.7497,-0.0541,1
2026-08-31,BATES,751492,CLIVE,2.5568,8.731,4.8561,-0.0509,1
2026-08-31,COOMA,757093,WHITE,26.1762,41.871,34.7903,0.0617,3
2026-08-31,MILNER,757114,WHITE,21.6124,39.3502,29.8469,0.0476,3
2026-08-31,TREVOR,753206,GLOUCESTER,2.491,5.8693,9.2423,-0.549,1
2026-08-31,FAULKLAND,753165,GLOUCESTER,3.9915,6.296,12.6601,-0.556,1
2026-08-31,BONVILLE,755536,RALEIGH,9.8038,49.7491,46.2117,-0.2968,2
2026-08-31,ILLEWONG,750673,BLAXLAND,42.3131,44.9271,45.42,0.1498,4
2026-08-31,WALLA WOLLONG,750722,BLAXLAND,44.2232,46.1996,45.5485,0.1558,4
2026-08-31,WOLLONGONG,751299,CAMDEN,21.8381,40.6756,51.4101,-0.3631,2
2026-08-31,TERMEIL,755961,ST VINCENT,3.6073,11.6768,20.4128,-0.566,1
2026-08-31,COOLBAGGIE,754303,LINCOLN,31.9148,39.21,29.974,0.1228,3
2026-08-31,COOLBAGGIE,752572,EWENMAR,31.0979,44.8325,32.5795,0.1163,4
2026-08-31,ABBOTSFORD,756604,WALJEERS,60.4982,72.8125,71.9673,0.1718,5
2026-08-31,ELLISLAND,756624,WALJEERS,62.3272,74.1354,73.0248,0.1783,5
2026-08-31,BILLABONG,756611,WALJEERS,58.6353,70.1577,69.2932,0.1655,5
2026-08-31,ELDON,753161,GLOUCESTER,1.5667,5.623,5.6451,-0.6374,1
2026-08-31,THORNTON,753200,GLOUCESTER,1.5959,5.2113,5.5809,-0.6281,1
2026-08-31,YOUNGERA,756115,TAILA,88.6906,77.1708,75.4752,0.1853,5
2026-08-31,BRINGELLY,752016,CUMBERLAND,30.6118,42.5626,54.5133,-0.23,4
2026-08-31,TITTARA,756113,TAILA,86.5528,78.1135,73.2895,0.2359,5
2026-08-31,MANIETTE,756096,TAILA,85.2148,76.9805,71.2808,0.2458,5
2026-08-31,COOK,752024,CUMBERLAND,36.5497,39.1644,51.6549,-0.2513,5
2026-08-31,WEROMBA,751295,CAMDEN,35.3981,38.011,51.1262,-0.3203,5
2026-08-31,FORSTER,753168,GLOUCESTER,1.9163,1.9742,2.8458,-0.559,0
2026-08-31,TOPI TOPI,753205,GLOUCESTER,1.9599,1.9916,2.8019,-0.5144,0
2026-08-31,MERYLA,751281,CAMDEN,13.5247,25.225,38.8092,-0.4856,2
2026-08-31,BLAKE,750362,BATHURST,55.0362,42.692,59.0582,0.1358,4
2026-08-31,CARLTON,750369,BATHURST,51.1178,38.4506,47.9381,0.1589,4
2026-08-31,WANDERA,750126,ARRAWATTA,5.3302,8.9564,13.8077,-0.1314,2
2026-08-31,CAMPBELL,753269,GOUGH,4.8547,8.4074,12.1121,-0.1211,1
2026-08-31,GOLDSPINK,757230,WYNYARD,41.1843,50.7339,64.7215,0.1474,4
2026-08-31,HILLAS,757233,WYNYARD,35.6388,48.6327,62.4346,0.1332,4
2026-08-31,CLWYDD,751631,COOK,17.1372,39.2552,32.9688,-0.2411,2
2026-08-31,HARTLEY,751644,COOK,30.9657,45.9344,41.6303,-0.2581,5
2026-08-31,LETT,751650,COOK,23.6526,43.4155,39.3214,-0.2418,2
2026-08-31,BLACKHEATH,751627,COOK,22.46,44.6069,36.7683,-0.2989,2
2026-08-31,MELROSE,755784,ROXBURGH,50.7994,51.4334,56.2399,0.0597,5
2026-08-31,YUGLAMAH,750243,AUCKLAND,5.1399,6.0884,11.8676,-0.311,2
2026-08-31,YETHOLME,755805,ROXBURGH,44.4557,45.721,65.6266,-0.0236,5
2026-08-31,WYNDHAM,750240,AUCKLAND,4.2616,7.0212,18.8068,-0.2902,1
2026-08-31,TOLLAGONG,753813,HUNTER,3.9817,14.8604,16.7209,-0.1575,1
2026-08-31,GULLONGULONG,753782,HUNTER,3.7409,14.2723,15.6606,-0.1492,1
2026-08-31,LUCAN,750392,BATHURST,47.1418,42.9707,63.0627,0.1151,4
2026-08-31,BOWEN,751628,COOK,9.9831,28.5624,29.7073,-0.2845,2
2026-08-31,WOLLANGAMBE,751667,COOK,10.022,34.0578,26.7439,-0.237,2
2026-08-31,IRVINE,751645,COOK,12.4881,35.5865,28.4632,-0.2617,2
2026-08-31,BILPIN,751626,COOK,10.4881,32.3401,28.905,-0.2957,2
2026-08-31,JIGGI,755713,ROUS,36.545,71.6058,60.4392,0.0202,5
2026-08-31,NARRABEEN,752046,CUMBERLAND,23.0098,35.6367,37.2689,-0.3586,2
2026-08-31,FAIRY MOUNT,755707,ROUS,36.3985,70.2414,59.6969,0.0081,5
2026-08-31,MONKELLAN,754896,MURRAY,39.4682,61.9243,61.2452,-0.034,4
2026-08-31,COWIMANGARAH,753920,JAMISON,21.1692,28.1817,25.853,0.023,2
2026-08-31,MOEMA,753948,JAMISON,21.985,33.893,31.8451,0.0275,2
2026-08-31,MOONBILL,754943,NANDEWAR,21.84,36.1444,31.0373,0.0393,2
2026-08-31,DOYLE,753928,JAMISON,22.3019,35.5769,30.99,0.0341,2
2026-08-31,CORYAH,754934,NANDEWAR,19.8834,25.7266,24.9878,0.0191,2
2026-08-31,WYRRA,750634,BLAND,73.4888,68.4954,69.9703,0.2041,5
2026-08-31,CLEAR RIDGE,753081,GIPPS,70.8634,64.7357,66.4103,0.2346,5
2026-08-31,TOMARA,751162,CADELL,81.7421,66.4685,61.3126,0.1737,5
2026-08-31,TOORANGABBY,751163,CADELL,84.1874,68.375,62.8651,0.1454,5
2026-08-31,WOMBOOTA,751165,CADELL,81.8874,64.7151,61.7277,0.1752,5
2026-08-31,PERRICOOTA,751155,CADELL,83.9316,65.914,62.7596,0.1525,5
2026-08-31,BENARCA,751141,CADELL,82.0689,63.9002,61.599,0.164,5
2026-08-31,CALOOLA,751145,CADELL,78.7175,62.6058,58.8285,0.1776,5
2026-08-31,LYNDHURST,750393,BATHURST,56.4089,44.4564,60.7987,0.1294,4
2026-08-31,HAMPTON,750386,BATHURST,52.1488,38.7251,50.2232,0.153,4
2026-08-31,WARREGAL,750185,ASHBURNHAM,58.453,62.3542,51.8992,0.2851,5
2026-08-31,MARTIN,750167,ASHBURNHAM,57.3112,52.7257,46.6738,0.2868,4
2026-08-31,TOMERONG,755965,ST VINCENT,17.9291,27.7943,36.9978,-0.4605,2
2026-08-31,COBA,754583,MONTEAGLE,74.1065,67.0518,66.3908,0.1833,5
2026-08-31,WEDDIN,754606,MONTEAGLE,74.6334,68.1453,68.755,0.1804,5
2026-08-31,PITTENWEEM,754714,MOSSGIEL,55.747,65.0024,65.1069,0.1591,5
2026-08-31,KUNGHUR,755714,ROUS,34.3861,67.0055,57.4991,0.0554,4
2026-08-31,GOONINBAR,755710,ROUS,25.7878,63.1278,55.542,0.0598,3
2026-08-31,WOLLAMAI,756347,TOWNSEND,51.5012,56.0618,50.0483,0.1713,5
2026-08-31,BLACKWOOD,756251,TOWNSEND,50.4746,55.8004,48.7302,0.1677,4
2026-08-31,MARCH,756890,WELLINGTON,39.9041,31.3626,41.7194,0.0748,4
2026-08-31,WOOLOMOL,753851,INGLIS,8.9674,13.0058,12.1287,-0.1234,2
2026-08-31,NALLAM,756303,TOWNSEND,60.5862,61.0813,51.3955,0.1477,5
2026-08-31,AWABA,755207,NORTHUMBERLAND,11.734,17.6277,18.0505,-0.4763,2
2026-08-31,CUDGEN,755701,ROUS,43.1658,73.46,67.3271,-0.0042,5
2026-08-31,TOOYAL,750863,BOURKE,50.9313,52.4281,65.4632,0.093,5
2026-08-31,GLADSTONE,752183,DARLING,8.5269,15.2157,17.1317,-0.1089,2
2026-08-31,FITZROY,752181,DARLING,12.2959,23.4304,18.5674,-0.0514,2
2026-08-31,HOBDEN,752187,DARLING,9.9938,22.8554,16.008,-0.0756,2
2026-08-31,PICKERING,756851,WELLESLEY,12.2952,12.4877,23.3408,-0.3481,2
2026-08-31,BURNIMA,756822,WELLESLEY,11.5343,10.2848,21.9836,-0.3394,2
2026-08-31,MULBRING,755244,NORTHUMBERLAND,8.7569,28.2591,23.6077,-0.4999,2
2026-08-31,KENDAL,752978,FRANKLIN,43.583,46.4525,46.6753,0.1278,4
2026-08-31,VIETA,752998,FRANKLIN,42.3961,47.3743,47.0631,0.1205,4
2026-08-31,WILGABONE,751353,CANBELEGO,23.4216,49.3276,35.7491,0.0953,3
2026-08-31,GIDALAMBONE,751315,CANBELEGO,22.5064,44.7522,34.2532,0.0914,3
2026-08-31,INGALBA,750843,BOURKE,64.6842,60.7606,67.8949,0.1716,5
2026-08-31,HALLORAN,756482,VERNON,18.2223,18.9523,17.0829,-0.3538,2
2026-08-31,APSLEY,756464,VERNON,23.1536,24.4814,24.2451,-0.3662,2
2026-08-31,MIMOSA,750856,BOURKE,61.0173,56.3352,65.9265,0.1648,5
2026-08-31,GUY FAWKES,751456,CLARKE,14.1389,44.3439,33.1504,-0.222,2
2026-08-31,SERPENTINE,751476,CLARKE,28.2113,60.7653,58.2619,-0.2277,2
2026-08-31,RIGNEY,751472,CLARKE,26.4525,57.1845,48.4519,-0.2314,2
2026-08-31,LOOKOUT,751462,CLARKE,35.205,61.98,60.3726,-0.2081,5
2026-08-31,WILLI CULLING,751614,CLYDE,18.5794,44.2074,33.576,0.0659,3
2026-08-31,CLEMENTS,751559,CLYDE,19.5763,44.3231,33.2926,0.0645,3
2026-08-31,TOMAREE,753204,GLOUCESTER,2.8516,3.3202,4.9239,-0.6136,0
2026-08-31,KING,755874,SELWYN,48.7704,62.1275,75.6386,0.2028,5
2026-08-31,TUMBARUMBA,755892,SELWYN,52.2797,61.1626,71.6137,0.1323,5
2026-08-31,COURABYRA,757223,WYNYARD,48.2577,59.0348,70.0729,0.1747,5
2026-08-31,BURRA,755857,SELWYN,53.068,62.3162,72.4718,0.1351,5
2026-08-31,WUULUMAN,750778,BLIGH,15.6086,21.9174,17.8446,0.0386,2
2026-08-31,CUERINDI,752176,DARLING,8.1752,12.8083,13.1313,-0.104,2
2026-08-31,HALLORAN,752186,DARLING,7.5972,11.3911,11.5337,-0.0955,2
2026-08-31,THE BLUFF,751733,COOPER,27.2735,30.4758,29.0218,0.1047,3
2026-08-31,CONAPAIRA SOUTH,751692,COOPER,27.7934,28.8668,28.3774,0.1028,3
2026-08-31,BELANGLO,751251,CAMDEN,29.745,43.4351,58.7334,-0.4133,2
2026-08-31,POKATAROO,752263,DENHAM,23.3063,33.5953,34.5851,0.0483,3
2026-08-31,COLLARINDABRI,752673,FINCH,22.056,29.4797,32.4427,0.0453,3
2026-08-31,LONG POINT,752252,DENHAM,22.8613,31.1287,33.6833,0.0438,3
2026-08-31,MURRIMBA,751284,CAMDEN,28.943,43.1267,58.3776,-0.4021,2
2026-08-31,STRACHAN,753312,GOUGH,2.3228,9.3334,5.6592,-0.0603,1
2026-08-31,TENT HILL,753317,GOUGH,2.452,9.7859,5.9929,-0.0651,1
2026-08-31,QUORROBOLONG,755254,NORTHUMBERLAND,14.3356,33.4363,29.5114,-0.4561,2
2026-08-31,NEPEAN,751660,COOK,21.939,46.2181,58.0252,-0.3203,2
2026-08-31,BUCKRA BENDINNI,755538,RALEIGH,5.3273,35.291,25.1906,-0.4317,2
2026-08-31,MERRYLEGAI,755548,RALEIGH,7.379,42.8022,34.8761,-0.3865,2
2026-08-31,NORTH CREEK,755554,RALEIGH,7.0738,43.1355,27.2338,-0.4041,2
2026-08-31,TYAGONG,754604,MONTEAGLE,71.9345,66.6524,64.8915,0.1752,5
2026-08-31,BUKKULLA,752658,FINCH,25.5913,35.5838,35.2616,0.0421,3
2026-08-31,CUDGILDOOL,750452,BENARBA,14.9296,22.9647,24.5464,0.005,2
2026-08-31,TERRA WALKA,755071,NARRAN,33.7145,48.5014,41.0477,0.1088,4
2026-08-31,WIRRINGAN,751164,CADELL,70.7591,63.6729,55.3409,0.1466,5
2026-08-31,BUNNALOO,751142,CADELL,66.9316,63.371,54.8496,0.1466,5
2026-08-31,THYRA,751161,CADELL,72.4462,62.1622,57.695,0.1619,5
2026-08-31,MARS,751150,CADELL,78.5151,63.6833,60.1248,0.1818,5
2026-08-31,TAMAR,751157,CADELL,78.2532,64.7353,59.8467,0.1728,5
2026-08-31,MICHELAGO,750549,BERESFORD,27.5112,62.3803,56.4236,-0.0807,2
2026-08-31,BOLARO,751678,COOPER,52.1255,42.6691,52.0513,0.1368,4
2026-08-31,BUNGANBIL,751684,COOPER,41.6477,38.5932,43.591,0.1124,4
2026-08-31,CORRABARE,755219,NORTHUMBERLAND,13.5159,25.5978,29.3243,-0.4402,2
2026-08-31,MILLFIELD,755241,NORTHUMBERLAND,7.9261,23.7566,24.9435,-0.4446,2
2026-08-31,WONGAL,751166,CADELL,74.3324,64.3997,56.8143,0.1577,5
2026-08-31,YARRAMAN,751167,CADELL,79.615,66.1897,59.7469,0.1684,5
2026-08-31,CALDWELL,751144,CADELL,73.5739,64.7662,54.9515,0.1457,5
2026-08-31,COLO,751267,CAMDEN,37.9143,44.232,57.2109,-0.3583,5
2026-08-31,CHILDOWLA,750979,BUCCLEUCH,50.2932,48.3214,66.0899,0.1124,4
2026-08-31,NANANGROE,750992,BUCCLEUCH,50.4204,48.1341,59.6866,0.1204,4
2026-08-31,KEMBLA,751278,CAMDEN,22.4528,36.9823,50.9748,-0.3649,2
2026-08-31,BEDULLUCK,754868,MURRAY,52.3886,58.9779,67.1782,0.0691,5
2026-08-31,THREDBO,756725,WALLACE,79.7699,87.6064,94.4926,-0.038,5
2026-08-31,MOWAMBA,756711,WALLACE,72.3205,83.9467,93.9508,-0.0787,5
2026-08-31,CLAREMONT,752022,CUMBERLAND,30.3578,49.391,59.0739,-0.2417,4
2026-08-31,WOLLOM,753217,GLOUCESTER,3.5612,8.8388,5.9293,-0.5941,1
2026-08-31,COOLONGOLOOK,753156,GLOUCESTER,2.9805,5.1504,4.3284,-0.5845,1
2026-08-31,LARGS,756631,WALJEERS,57.2739,66.5006,65.684,0.1549,5
2026-08-31,KINCUMBER,755234,NORTHUMBERLAND,23.0498,26.7106,29.2059,-0.3431,2
2026-08-31,GOSFORD,755227,NORTHUMBERLAND,22.6164,32.745,36.7595,-0.3581,2
2026-08-31,KANGALOON,751277,CAMDEN,23.4819,40.0169,53.0276,-0.4199,2
2026-08-31,JAMBEROO,751274,CAMDEN,20.0255,34.1796,46.2983,-0.3992,2
2026-08-31,CALDERWOOD,751263,CAMDEN,21.266,34.8979,48.8843,-0.3892,2
2026-08-31,TYNDALE,751389,CLARENCE,20.4102,48.2098,34.8641,-0.1114,2
2026-08-31,NEWCASTLE,755247,NORTHUMBERLAND,2.3153,8.6573,8.5096,-0.6019,1
2026-08-31,GULMARRAD,751372,CLARENCE,22.6917,52.2276,40.9084,-0.0923,2
2026-08-31,CURREEKI,753160,GLOUCESTER,1.9788,3.2899,3.4607,-0.5676,0
2026-08-31,BACHELOR,753141,GLOUCESTER,1.8229,2.0654,2.79,-0.5419,0
2026-08-31,TELERAREE,753197,GLOUCESTER,1.9614,2.3069,3.2979,-0.5786,0
2026-08-31,EMU,756945,WENTWORTH,93.8176,89.0415,87.95,0.0896,5
2026-08-31,MILLIE,756955,WENTWORTH,93.6372,87.9237,84.7387,0.0921,5
2026-08-31,WOOLPAGERIE,754041,KILFERA,79.5648,81.9606,80.7224,0.0965,5
2026-08-31,JUANBUNG,754032,KILFERA,81.5557,81.5742,81.1606,0.1136,5
2026-08-31,MAGENTA,754034,KILFERA,80.576,82.8187,81.2089,0.0966,5
2026-08-31,CHNOWA,754030,KILFERA,79.9978,81.779,81.5619,0.0984,5
2026-08-31,WILLILBAH,754039,KILFERA,82.6169,83.9706,81.9919,0.1054,5
2026-08-31,WILLILBAH EAST,754040,KILFERA,82.2358,83.0821,81.992,0.109,5
2026-08-31,YHOUL,754043,KILFERA,78.2322,81.6609,81.579,0.0959,5
2026-08-31,WARNE,756916,WELLINGTON,22.6226,24.3557,24.708,0.052,3
2026-08-31,TRUDGETT,756912,WELLINGTON,22.2939,23.5208,22.3339,0.041,3
2026-08-31,FARNHAM,755937,ST VINCENT,16.0441,25.2151,35.4178,-0.4894,2
2026-08-31,NYNGAN,755305,OXLEY,22.9473,53.8885,36.0031,0.1031,3
2026-08-31,KUNGERBIL,755295,OXLEY,23.5283,55.3144,35.8795,0.0987,3
2026-08-31,PURRORUMBA,754906,MURRAY,41.9984,54.0884,63.9474,-0.0126,5
2026-08-31,JEREMY,753036,GEORGIANA,43.2519,50.3882,67.685,-0.0696,5
2026-08-31,BURRAGA,753020,GEORGIANA,53.2682,60.8025,78.7247,-0.044,5
2026-08-31,ISABELLA,753035,GEORGIANA,52.6777,60.5488,83.6853,-0.0869,5
2026-08-31,ROWAN,757246,WYNYARD,44.293,51.0681,58.7404,0.1203,4
2026-08-31,SOUTH WAGGA WAGGA,757249,WYNYARD,41.9093,50.3739,58.1328,0.1112,4
2026-08-31,WONDABY,750776,BLIGH,13.0205,22.401,17.045,0.0222,2
2026-08-31,WOROBIL,750777,BLIGH,13.5894,23.2001,20.5754,0.0191,2
2026-08-31,WENTWORTH,755131,NARROMINE,32.2662,49.3814,37.1065,0.1085,4
2026-08-31,TIMBREBONGIE,755124,NARROMINE,31.6915,49.9398,37.8688,0.1067,4
2026-08-31,DAPPER,754305,LINCOLN,14.2335,24.1747,20.0502,0.0182,2
2026-08-31,TUCKLAND,754329,LINCOLN,13.8524,22.4853,17.7883,0.0122,2
2026-08-31,BERAMBONG,756512,WAKOOL,81.9628,76.9288,67.8973,0.1879,5
2026-08-31,BURBAGADAH,756519,WAKOOL,79.7145,72.5553,66.1352,0.1658,5
2026-08-31,WOROBYAN,756598,WAKOOL,83.8983,76.7678,65.7337,0.1781,5
2026-08-31,WAMBOIN,754915,MURRAY,38.7322,57.1324,63.122,-0.0523,5
2026-08-31,MAJURA,754893,MURRAY,36.5006,56.954,62.6835,-0.0882,5
2026-08-31,PIRIBIL,753808,HUNTER,3.8874,17.4836,14.2625,-0.1555,1
2026-08-31,WAMBO,753817,HUNTER,3.8404,17.0839,13.5058,-0.199,1
2026-08-31,MITCHELL,754320,LINCOLN,16.7402,23.338,21.0408,0.0356,2
2026-08-31,MANLY COVE,752038,CUMBERLAND,18.6888,36.408,36.4101,-0.3788,2
2026-08-31,DAVISON,753984,KENNEDY,54.5969,55.5885,47.8757,0.2012,5
2026-08-31,WALLANOLL,751792,COURALLIE,15.169,29.6002,21.8917,0.0171,2
2026-08-31,GOONUMBLA,750161,ASHBURNHAM,53.7371,53.718,49.0776,0.232,4
2026-08-31,LIMESTONE,753998,KENNEDY,52.2197,59.055,49.5392,0.2149,4
2026-08-31,YARARA,753362,GOULBURN,52.672,61.079,70.0341,0.1378,5
2026-08-31,CURRAJONG,750152,ASHBURNHAM,54.6885,48.6083,47.735,0.2518,4
2026-08-31,QUEEBUN,755732,ROUS,30.6901,65.8293,63.9776,-0.0671,4
2026-08-31,BABYIL,755683,ROUS,28.0611,54.8335,56.3402,-0.0599,2
2026-08-31,IRBY,751522,CLIVE,3.4017,12.3933,7.0054,-0.077,1
2026-08-31,LAGGAN,753043,GEORGIANA,30.1094,39.0951,58.5635,-0.1951,4
2026-08-31,BELMORE,753010,GEORGIANA,27.8433,37.0919,54.9863,-0.1341,2
2026-08-31,BURRAWAN,754403,MACQUARIE,14.8383,28.3665,36.2615,-0.4973,2
2026-08-31,MACQUARIE,754434,MACQUARIE,16.1043,25.9074,37.4011,-0.4895,2
2026-08-31,COOLAC,753599,HARDEN,37.8407,36.4206,52.4522,0.1129,4
2026-08-31,HAM COMMON,752032,CUMBERLAND,23.4397,49.2532,60.2459,-0.3652,2
2026-08-31,MOONEY MOONEY,753622,HARDEN,46.4073,45.6706,58.9011,0.1298,4
2026-08-31,ST JOHN,752058,CUMBERLAND,15.1874,36.2714,47.9097,-0.3635,2
2026-08-31,ALLGOMERA,755534,RALEIGH,8.6548,37.9915,31.6051,-0.468,2
2026-08-31,BOWRA,755537,RALEIGH,7.1104,38.8197,32.48,-0.4517,2
2026-08-31,DENISON,755540,RALEIGH,8.5744,34.5366,27.3705,-0.4788,2
2026-08-31,CONGARINNI,755539,RALEIGH,7.404,40.3398,31.9693,-0.4552,2
2026-08-31,YARRANBELLA,755564,RALEIGH,6.9893,36.5741,29.6825,-0.4619,2
2026-08-31,SWANBROOK,753315,GOUGH,4.1803,6.8507,10.4407,-0.1042,1
2026-08-31,ANDERSON,753258,GOUGH,2.8043,5.9131,9.3422,-0.0988,1
2026-08-31,CUDGEL,751694,COOPER,44.5991,39.7431,46.9392,0.1078,4
2026-08-31,YARANGERY,751745,COOPER,40.9955,38.8927,47.0158,0.1166,4
2026-08-31,BARNET,754867,MURRAY,23.0884,51.4494,57.7147,-0.3415,2
2026-08-31,MULWAREE,750033,ARGYLE,27.3386,51.499,63.766,-0.266,2
2026-08-31,KIDGAR,754221,LEICHHARDT,23.1095,45.373,35.5831,0.061,3
2026-08-31,CARROLL,756873,WELLINGTON,15.0603,20.6731,17.678,0.0105,2
2026-08-31,WATERBEACH,755800,ROXBURGH,17.5931,24.7115,24.155,-0.0018,2
2026-08-31,PETERS,756900,WELLINGTON,13.1125,20.4738,14.8836,0.0011,2
2026-08-31,CUNNINGHAM,756878,WELLINGTON,16.0881,22.3056,20.5777,-0.0051,2
2026-08-31,MATE,755880,SELWYN,50.6799,58.5839,70.7168,0.15,5
2026-08-31,TANYARTO,752634,FARNELL,97.109,93.488,92.586,0.021,5
2026-08-31,PARKES,750179,ASHBURNHAM,55.4366,49.1007,47.8232,0.2768,4
2026-08-31,BROLGAN,750140,ASHBURNHAM,56.07,55.818,50.1916,0.2674,5
2026-08-31,GILES,752621,FARNELL,97.0888,94.1014,94.2963,0.0125,5
2026-08-31,FOWLERS GAP,752620,FARNELL,97.1794,94.0742,93.6591,0.018,5
2026-08-31,GRAHAM,753935,JAMISON,28.0437,45.4927,44.6959,0.058,3
2026-08-31,MURRA MURRA,752257,DENHAM,27.6093,44.1227,41.4539,0.0534,3
2026-08-31,WAVERLEY,756661,WALJEERS,55.6217,59.7141,62.0797,0.1245,5
2026-08-31,LOWAN,756633,WALJEERS,56.665,67.2522,65.821,0.161,5
2026-08-31,ANNAN,756606,WALJEERS,55.7364,60.4733,62.4402,0.1392,5
2026-08-31,BOONDARA,756612,WALJEERS,55.0217,59.5362,61.5014,0.1439,5
2026-08-31,MOSSGIEL,756640,WALJEERS,55.5397,63.1815,63.3517,0.1544,5
2026-08-31,YARTO,756666,WALJEERS,52.0664,54.8358,56.929,0.0999,5
2026-08-31,TALAGANDRA,754908,MURRAY,46.8985,57.467,63.6653,0.0247,5
2026-08-31,TOUAL,754911,MURRAY,47.9325,56.3973,65.951,0.0367,5
2026-08-31,BENJEE,756511,WAKOOL,78.7659,74.1063,66.9386,0.1653,5
2026-08-31,MOULAMEIN SOUTH,756565,WAKOOL,81.2351,75.3683,67.3239,0.1762,5
2026-08-31,WHITE,757126,WHITE,18.7741,34.8019,23.9946,0.0413,3
2026-08-31,BRIGALOW,757087,WHITE,21.5613,37.4412,28.1591,0.0492,3
2026-08-31,MOULAMEIN,756564,WAKOOL,80.2856,76.0964,66.0621,0.1824,5
2026-08-31,LANDALE,756549,WAKOOL,77.3668,74.1265,65.1855,0.157,5
2026-08-31,WILTON,751297,CAMDEN,41.6414,38.9243,55.4965,-0.318,5
2026-08-31,JASPER,754417,MACQUARIE,24.3597,55.5422,60.5887,-0.4699,2
2026-08-31,DEBENHAM,754411,MACQUARIE,27.8551,57.6005,63.9623,-0.4128,2
2026-08-31,ELLENBOROUGH,754412,MACQUARIE,14.5716,29.4977,33.2565,-0.4988,2
2026-08-31,COLOMY,754196,LEICHHARDT,23.7408,45.4378,34.9469,0.065,3
2026-08-31,CASTLEREAGH,754193,LEICHHARDT,23.2204,44.0024,35.6613,0.0641,3
2026-08-31,CONJOLA,755923,ST VINCENT,11.4673,22.699,29.6667,-0.5415,2
2026-08-31,PEEL,755787,ROXBURGH,41.0967,44.9773,46.4966,0.0391,4
2026-08-31,KELSO,755781,ROXBURGH,51.8897,51.728,53.1476,0.0775,5
2026-08-31,WOLLUMBOOLA,755971,ST VINCENT,17.8672,23.9916,37.1706,-0.4491,2
2026-08-31,CANOBOLAS,750143,ASHBURNHAM,47.4758,39.2956,58.0376,0.0967,4
2026-08-31,MELVILLE,752041,CUMBERLAND,29.4648,44.9488,58.241,-0.2681,2
2026-08-31,ROOTY HILL,752052,CUMBERLAND,29.7116,48.1998,61.4487,-0.3036,2
2026-08-31,EUNANOREENYA,751405,CLARENDON,39.1165,47.1892,57.5589,0.1121,4
2026-08-31,MULGOA,752044,CUMBERLAND,25.5184,47.4605,58.3599,-0.26,2
2026-08-31,WARRAGAMBA,751294,CAMDEN,28.0798,43.3864,55.3101,-0.2932,2
2026-08-31,MIDDLEHOPE,752474,DURHAM,1.632,9.9726,7.6393,-0.5463,1
2026-08-31,CABRAMATTA,752019,CUMBERLAND,32.6497,46.1678,58.7785,-0.2516,5
2026-08-31,ST LUKE,752060,CUMBERLAND,25.5582,44.6933,56.8384,-0.2977,2
2026-08-31,LONDONDERRY,752037,CUMBERLAND,29.2851,51.5443,63.6919,-0.3301,2
2026-08-31,CASTLEREAGH,752021,CUMBERLAND,26.0967,49.5535,60.1622,-0.3241,2
2026-08-31,SOUTH JUNEE,751425,CLARENDON,45.3868,49.6847,60.8808,0.1571,4
2026-08-31,MALEBO,751416,CLARENDON,46.3523,51.806,62.9041,0.1475,4
2026-08-31,WALLACE,751429,CLARENDON,43.4422,47.4659,57.3132,0.1417,4
2026-08-31,JERALGAMBETH,751413,CLARENDON,43.1577,46.6194,56.235,0.1586,4
2026-08-31,WARRI,754916,MURRAY,19.0911,47.1186,50.5986,-0.3698,2
2026-08-31,WISE,750567,BERESFORD,26.8167,47.593,54.6801,-0.1715,2
2026-08-31,JINGLEMONEY,754887,MURRAY,16.1222,45.7225,47.8742,-0.358,2
2026-08-31,HOLLAND,750544,BERESFORD,17.7741,46.3232,50.0471,-0.2323,2
2026-08-31,WYNDHAM,755756,ROUS,33.7424,60.4137,53.5664,-0.0006,4
2026-08-31,ETTRICK,755706,ROUS,32.4084,60.4145,56.7082,-0.0325,4
2026-08-31,ARDLETHAN,750817,BOURKE,68.3316,54.4873,60.0517,0.1912,5
2026-08-31,DAVIDSON,750833,BOURKE,69.6067,56.3619,63.0288,0.2081,5
2026-08-31,STOWELL,753192,GLOUCESTER,2.1477,4.6142,5.9189,-0.6395,1
2026-08-31,SUTTON,753194,GLOUCESTER,1.995,3.0653,5.0293,-0.6333,1
2026-08-31,BON BON,752652,FINCH,26.783,48.4259,40.2536,0.0812,3
2026-08-31,YERANGLE,752769,FINCH,27.9315,47.3006,37.9098,0.061,3
2026-08-31,EUMINBAH,752692,FINCH,27.8269,50.5345,38.8862,0.0792,3
2026-08-31,WAUGH,752759,FINCH,28.0968,46.3005,37.9679,0.0712,3
2026-08-31,MOOROO,752729,FINCH,27.553,49.3187,38.2167,0.0806,3
2026-08-31,BREADALBANE,750006,ARGYLE,31.3278,48.6988,63.5814,-0.1164,4
2026-08-31,MUMMEL,750034,ARGYLE,34.0237,50.8654,63.9354,-0.1261,5
2026-08-31,BAW BAW,750002,ARGYLE,35.4404,52.2862,69.4345,-0.1502,5
2026-08-31,BOCOBIDGLE,750136,ASHBURNHAM,63.2882,66.1628,56.421,0.319,5
2026-08-31,CORRIDGERY,752083,CUNNINGHAM,60.05,63.9299,54.2824,0.2901,5
2026-08-31,JEMALONG,752942,FORBES,64.0764,64.8725,57.5053,0.315,5
2026-08-31,CARRAWABBITY,750146,ASHBURNHAM,62.6159,66.2202,56.5466,0.3101,5
2026-08-31,DIGBY,755493,POTTINGER,12.9935,28.1058,18.4969,-0.0055,2
2026-08-31,BROWN,755481,POTTINGER,11.2552,22.4245,16.6029,-0.009,2
2026-08-31,CADJANGARRY,752136,DAMPIER,4.6704,8.2674,14.3749,-0.3055,1
2026-08-31,WALGETT,752271,DENHAM,27.6002,52.6423,41.773,0.086,3
2026-08-31,GINGIE,752697,FINCH,26.4265,51.7414,38.3552,0.0878,3
2026-08-31,MUMBULLA,750220,AUCKLAND,6.2822,9.6873,16.7529,-0.3089,2
2026-08-31,BUNGAMBIL,750827,BOURKE,64.1572,51.8513,59.19,0.202,5
2026-08-31,WILGA,752763,FINCH,28.0603,44.9197,37.4154,0.0553,3
2026-08-31,BUNDAH,752661,FINCH,28.3449,42.8461,35.7122,0.0417,3
2026-08-31,GOORAWAY,752700,FINCH,28.2368,43.7715,37.0838,0.0437,3
2026-08-31,GORDON,752701,FINCH,27.9712,44.3317,36.2686,0.0627,3
2026-08-31,URANDOOL,752754,FINCH,28.082,43.7357,36.1107,0.0571,3
2026-08-31,BORAH,752655,FINCH,28.0554,43.029,36.5708,0.0485,3
2026-08-31,ARIAH,750818,BOURKE,65.6376,52.5503,59.3151,0.2001,5
2026-08-31,MANDAMAH,750852,BOURKE,66.232,53.7195,61.7487,0.1977,5
2026-08-31,CESSNOCK,755215,NORTHUMBERLAND,11.9461,34.0769,29.0193,-0.4752,2
2026-08-31,POKOLBIN,755252,NORTHUMBERLAND,9.378,26.3292,26.5314,-0.4623,2
2026-08-31,ALBERT,754395,MACQUARIE,14.4896,29.651,34.34,-0.477,2
2026-08-31,WALIBREE,754453,MACQUARIE,12.7135,22.1979,26.7841,-0.4855,2
2026-08-31,PAPPINBARRA,754442,MACQUARIE,12.6483,22.3674,28.757,-0.4845,2
2026-08-31,COWANGARA,754408,MACQUARIE,13.6725,25.121,27.4217,-0.4905,2
2026-08-31,BOWNA,753329,GOULBURN,63.2757,64.1426,69.7711,0.237,5
2026-08-31,MUNGABARINA,753351,GOULBURN,66.5945,70.3137,74.1825,0.241,5
2026-08-31,NARRANGARRIL,750037,ARGYLE,37.8875,53.6026,72.0905,-0.2246,5
2026-08-31,RHYANA,750045,ARGYLE,41.7177,57.9196,75.3477,-0.2222,5
2026-08-31,TATUALI,756907,WELLINGTON,12.6914,18.3495,14.0542,0.0167,2
2026-08-31,WAURDONG,756918,WELLINGTON,11.7834,18.2383,13.8081,0.0112,2
2026-08-31,PICTON,751287,CAMDEN,40.6189,40.657,56.5278,-0.3255,5
2026-08-31,MOOEE,751779,COURALLIE,16.1147,28.7257,25.1368,0.0176,2
2026-08-31,BOGWARRA,754996,NARRAN,44.4824,59.8077,46.5726,0.0961,5
2026-08-31,MOREE,751780,COURALLIE,16.4195,27.3014,22.411,0.0207,2
2026-08-31,WEE BULLA BULLA,751795,COURALLIE,16.9032,24.9854,22.0662,0.0264,2
2026-08-31,TYCANNAH,751791,COURALLIE,17.4809,29.1791,24.4587,0.0202,2
2026-08-31,MENADOOL,751776,COURALLIE,18.1223,28.3994,24.7432,0.0236,2
2026-08-31,APPIN,752012,CUMBERLAND,38.6129,39.3739,55.4569,-0.3183,5
2026-08-31,MENANGLE,752042,CUMBERLAND,39.5349,40.4376,55.2683,-0.3107,5
2026-08-31,FIELD OF MARS,752028,CUMBERLAND,14.9476,37.2498,46.6881,-0.381,2
2026-08-31,JASPER,755712,ROUS,29.9572,66.9723,58.207,0.0143,4
2026-08-31,CLUNES,755697,ROUS,38.2847,72.2203,60.5778,-0.0051,5
2026-08-31,TEXAS,751029,BUCKLAND,9.4503,17.4286,15.1827,-0.0391,2
2026-08-31,LILLICRO,755047,NARRAN,44.4423,61.0574,46.8301,0.1103,5
2026-08-31,COWGA,755024,NARRAN,44.7114,60.5908,47.5321,0.1257,5
2026-08-31,ROSE VALLEY,750557,BERESFORD,5.7257,21.7086,33.7541,-0.3609,2
2026-08-31,GOOD GOOD,750541,BERESFORD,4.9478,26.4066,38.213,-0.3835,1
2026-08-31,BURGOON,753224,GORDON,36.6165,33.3289,32.5758,0.1301,4
2026-08-31,DILGA,753231,GORDON,41.1486,36.6176,34.803,0.1542,4
2026-08-31,BATEMAN,755902,ST VINCENT,3.9972,9.8123,16.8867,-0.4771,1
2026-08-31,GOBA,755938,ST VINCENT,3.9862,11.433,18.3345,-0.4522,1
2026-08-31,SALISBURY,756579,WAKOOL,88.1654,80.6546,72.954,0.2156,5
2026-08-31,CALALA,755321,PARRY,6.9069,13.5866,12.1719,-0.1253,2
2026-08-31,TAMWORTH,753848,INGLIS,7.4568,12.0842,11.5228,-0.1289,2
2026-08-31,NEMINGHA,755334,PARRY,6.5857,10.9261,11.0993,-0.1359,2
2026-08-31,DERIPAS,752683,FINCH,28.0736,43.6415,37.9406,0.0361,2
2026-08-31,TAREE,754449,MACQUARIE,10.5025,33.5366,32.2184,-0.6069,2
2026-08-31,CONDOULPE,756528,WAKOOL,90.2404,81.1218,73.8187,0.2307,5
2026-08-31,WOMBAH,751243,CAIRA,91.2869,81.9335,74.0311,0.2376,5
2026-08-31,WINTER,756595,WAKOOL,77.8487,75.485,67.3738,0.1607,5
2026-08-31,MENDOOK,756100,TAILA,86.9648,75.5624,73.6558,0.2054,5
2026-08-31,KERKERI,756546,WAKOOL,82.6771,78.6941,71.4765,0.1894,5
2026-08-31,FIREBRACE,756537,WAKOOL,59.8746,53.5008,45.8909,0.1268,4
2026-08-31,GWYNNE,756542,WAKOOL,71.5548,70.134,62.6393,0.1338,5
2026-08-31,BENANEE,756075,TAILA,84.9764,74.8985,71.6734,0.2361,5
2026-08-31,KENTUCKY,753745,HUME,65.3539,64.0259,63.2447,0.1529,5
2026-08-31,QUAT QUATTA,753754,HUME,66.5236,63.5857,63.0473,0.1622,5
2026-08-31,THALAKA,756582,WAKOOL,66.1915,62.7429,53.168,0.1236,5
2026-08-31,BORAMBIL,751006,BUCKLAND,4.3699,14.6962,10.9483,-0.0405,1
2026-08-31,PARADISE EAST,756779,WARADGERY,52.4934,45.9429,41.8541,0.1203,4
2026-08-31,WARRAH,751033,BUCKLAND,3.7262,14.2581,10.7548,-0.0537,1
2026-08-31,UNGARIE,753122,GIPPS,48.6958,39.5829,47.3743,0.196,4
2026-08-31,BOLAGAMY,753074,GIPPS,58.1203,46.7406,51.7671,0.2267,4
2026-08-31,PARADISE,756778,WARADGERY,54.0744,46.1439,41.3883,0.1114,4
2026-08-31,MOLONG,750170,ASHBURNHAM,43.5429,36.4278,40.4133,0.1146,4
2026-08-31,TOWAC,756910,WELLINGTON,48.1842,38.5285,56.4512,0.082,4
2026-08-31,BOREE NYRANG,750138,ASHBURNHAM,46.8923,36.2531,46.7673,0.1072,4
2026-08-31,MIDGECLEUGH,756771,WARADGERY,55.3338,47.3686,40.9286,0.1089,4
2026-08-31,ADELONG,757211,WYNYARD,24.0148,28.3719,52.0389,0.0876,3
2026-08-31,QUANDONG,756321,TOWNSEND,55.7027,48.8347,41.8945,0.1159,4
2026-08-31,RAINDING,756110,TAILA,90.0374,77.7556,75.4763,0.183,5
2026-08-31,MYALL,756302,TOWNSEND,56.3815,49.8795,42.2375,0.1211,4
2026-08-31,BOORONG,756079,TAILA,90.4912,78.5784,76.3925,0.1648,5
2026-08-31,BEDARBIDGAL,756734,WARADGERY,44.8883,42.6745,41.0286,0.145,4
2026-08-31,MIRANDA,756561,WAKOOL,58.6628,50.2106,43.654,0.1197,4
2026-08-31,OORUNDUNBY,756493,VERNON,15.7599,16.0429,15.4295,-0.3547,2
2026-08-31,ABERBALDIE,756462,VERNON,12.7189,14.3805,12.7571,-0.2376,2
2026-08-31,KABARABARABEJAL,750891,BOYD,42.4664,41.6768,40.8645,0.1504,4
2026-08-31,WALOONA,756450,URANA,38.954,40.6859,41.5005,0.1614,4
2026-08-31,CUBA,756745,WARADGERY,50.8909,46.0446,42.0857,0.1309,4
2026-08-31,WONDALGA,757259,WYNYARD,24.9222,33.5029,57.7856,0.0944,3
2026-08-31,WIRKENBERJAL,756809,WARADGERY,47.754,45.0429,41.5516,0.1377,4
2026-08-31,MALLEE CLIFFS,756094,TAILA,91.1757,78.9668,76.135,0.1485,5
2026-08-31,GADARA,757228,WYNYARD,21.4574,30.2072,48.2067,0.0764,3
2026-08-31,DEAN,756944,WENTWORTH,91.4781,78.431,76.9437,0.1393,5
2026-08-31,MORTON,756299,TOWNSEND,39.5966,40.5771,41.2553,0.1691,4
2026-08-31,GUMBLEBOGIE,750887,BOYD,37.8739,39.5979,40.5216,0.1642,4
2026-08-31,COONONG,756409,URANA,49.3247,53.48,54.2185,0.1273,5
2026-08-31,WIDGIEWA,756453,URANA,49.9738,53.9009,55.3775,0.1177,5
2026-08-31,MYLORA,753626,HARDEN,53.7455,53.8661,66.2163,0.1101,5
2026-08-31,HARDEN,753618,HARDEN,56.7884,57.2158,64.5029,0.1156,5
2026-08-31,OSBORNE,756438,URANA,58.8706,57.7319,67.7268,0.0833,5
2026-08-31,HANGING ROCK,755711,ROUS,35.4701,68.9609,58.6796,0.0285,4
2026-08-31,TERANIA,755739,ROUS,27.6291,63.1733,55.6147,0.0369,3
2026-08-31,DAVIES,755654,ROBINSON,49.4841,66.3794,61.1359,0.1575,5
2026-08-31,MOPONE,755667,ROBINSON,55.7545,68.4172,66.6702,0.1546,5
2026-08-31,SOUTHEND,752054,CUMBERLAND,25.9415,45.7984,45.8009,-0.3533,2
2026-08-31,PEARSON,754563,MITCHELL,53.189,57.4977,66.3056,0.1024,5
2026-08-31,SANDY CREEK,754565,MITCHELL,48.3638,55.6524,63.8281,0.1162,5
2026-08-31,COLONNA,752454,DURHAM,1.8757,10.8715,8.2994,-0.5448,1
2026-08-31,ALLYN,752440,DURHAM,5.1249,20.1358,17.6294,-0.544,2
2026-08-31,CULLIVEL,756413,URANA,58.2832,55.5358,64.4306,0.1072,5
2026-08-31,YAMBA,751395,CLARENCE,26.2513,51.4734,49.2688,-0.0832,2
2026-08-31,ISIS,750933,BRISBANE,6.4119,18.3755,11.874,-0.3066,2
2026-08-31,MURULLA,750944,BRISBANE,11.6258,22.3901,14.2491,-0.2141,2
2026-08-31,WAMBELONG,754265,LEICHHARDT,14.6872,22.0034,19.6055,0.0603,3
2026-08-31,CARWELL,754192,LEICHHARDT,16.2645,27.6931,22.1253,0.0766,3
2026-08-31,BUTHERWA,756399,URANA,54.6018,54.5432,59.5754,0.1137,5
2026-08-31,PINEY RIDGE,756440,URANA,52.3953,53.6257,59.0583,0.1132,5
2026-08-31,SUTTON FOREST,751289,CAMDEN,20.2858,35.1235,47.4927,-0.4479,2
2026-08-31,BONG BONG,751253,CAMDEN,26.4374,40.3704,55.688,-0.4293,2
2026-08-31,LLANILLO,752719,FINCH,27.7742,44.3631,37.2612,0.0477,3
2026-08-31,NAPIER,756435,URANA,60.4235,62.9235,69.3279,0.093,5
2026-08-31,HEBDEN,756422,URANA,60.1589,61.1535,68.9822,0.0936,5
2026-08-31,ASHCROFT,754536,MITCHELL,60.8812,63.7196,70.0523,0.08,5
2026-08-31,LOCKHART,756429,URANA,59.2047,61.0161,69.0274,0.0827,5
2026-08-31,CORNELIA,752025,CUMBERLAND,18.5063,32.2473,42.7773,-0.4024,2
2026-08-31,ST ALBANS,755258,NORTHUMBERLAND,15.117,24.9997,34.8097,-0.4054,2
2026-08-31,WONGA,753828,HUNTER,13.4085,25.9809,37.0555,-0.4045,2
2026-08-31,HAWKESBURY,753784,HUNTER,14.2836,30.2401,41.9105,-0.4024,2
2026-08-31,WARKWORTH,755267,NORTHUMBERLAND,6.1968,20.1119,20.7481,-0.2657,2
2026-08-31,AUCKLAND,752442,DURHAM,2.9293,15.0216,13.6554,-0.2758,1
2026-08-31,COMLAROI,752818,FITZROY,12.0309,54.6246,42.9987,-0.214,2
2026-08-31,MAITLAND,755237,NORTHUMBERLAND,2.0467,11.5071,9.5153,-0.561,1
2026-08-31,JOCELYN,757056,WESTMORELAND,61.9045,60.8129,73.6345,-0.0016,5
2026-08-31,LANGDALE,757061,WESTMORELAND,54.6129,53.1172,59.33,0.0758,5
2026-08-31,DELEGETE,756831,WELLESLEY,12.1616,7.1567,29.133,-0.2638,2
2026-08-31,COOGARAH,752676,FINCH,28.1673,46.1433,37.2279,0.0487,3
2026-08-31,CLIFT,755486,POTTINGER,7.9056,17.5702,14.318,-0.0238,2
2026-08-31,TIRI,753203,GLOUCESTER,6.3508,15.7098,20.0765,-0.6261,2
2026-08-31,BODANGORA,754290,LINCOLN,17.4445,22.7524,19.5105,0.0416,3
2026-08-31,NANIMA,750760,BLIGH,20.6349,25.6154,22.945,0.0521,3
2026-08-31,KIMBRIKI,753179,GLOUCESTER,9.1102,22.4749,25.0975,-0.6185,2
2026-08-31,STOCKRINGTON,755260,NORTHUMBERLAND,3.3394,15.7794,12.7589,-0.5552,1
2026-08-31,CUMBORAH,752679,FINCH,26.7004,43.7757,35.1728,0.0675,3
2026-08-31,EURAWIN,752693,FINCH,27.0619,44.9166,36.0436,0.055,3
2026-08-31,WEE WARRA,752760,FINCH,27.2952,45.7621,36.4307,0.061,3
2026-08-31,BYRON,755695,ROUS,32.0904,70.4139,57.2714,-0.029,5
2026-08-31,FALNASH,751638,COOK,36.2327,45.1634,58.1039,-0.1101,5
2026-08-31,BURRABEBE,752664,FINCH,32.669,48.955,39.265,0.0374,4
2026-08-31,GOSTWYCK,755827,SANDON,8.9896,17.4712,14.6552,-0.2009,2
2026-08-31,URALLA,755846,SANDON,7.0937,13.6974,11.8674,-0.1618,2
2026-08-31,WALLANGULLA,752756,FINCH,27.183,45.9743,37.1893,0.0185,2
2026-08-31,KAHIBAH,755233,NORTHUMBERLAND,5.5386,10.6221,12.6745,-0.5331,2
2026-08-31,SOUTHAMPTON,751385,CLARENCE,9.8589,37.0108,30.9629,-0.1241,2
2026-08-31,RUSHFORTH,751383,CLARENCE,7.1317,35.6621,28.2665,-0.1283,2
2026-08-31,CURLEWIS,755490,POTTINGER,11.1352,22.3241,15.9508,-0.0249,2
2026-08-31,ELLAND,751370,CLARENCE,11.1034,38.1207,31.2162,-0.1445,2
2026-08-31,HEXHAM,755232,NORTHUMBERLAND,2.1122,9.8187,9.072,-0.5794,1
2026-08-31,NEA,755514,POTTINGER,10.6097,19.4928,16.0178,-0.0151,2
2026-08-31,LOOCALLE,751200,CAIRA,89.3855,84.523,75.8329,0.2369,5
2026-08-31,WALDAIRA,751236,CAIRA,89.7894,83.7953,75.2089,0.2513,5
2026-08-31,COWAN,755221,NORTHUMBERLAND,24.8282,41.6141,42.4083,-0.3749,2
2026-08-31,MOURQUONG,756961,WENTWORTH,93.2114,87.6895,83.6897,0.0931,5
2026-08-31,KIAMA,751279,CAMDEN,17.1166,30.6396,47.6661,-0.4226,2
2026-08-31,BOWNA,756257,TOWNSEND,40.5561,41.8107,41.2965,0.1683,4
2026-08-31,UNDOO,750564,BERESFORD,3.9738,18.0058,29.9423,-0.3757,1
2026-08-31,GUINEA,752146,DAMPIER,4.0295,14.9131,22.1871,-0.3908,1
2026-08-31,WANGABAWGUL,750909,BOYD,39.2352,40.3487,40.8058,0.1689,4
2026-08-31,BOYD,750875,BOYD,40.9041,41.5337,40.8771,0.1636,4
2026-08-31,KAMILAROI,750473,BENARBA,21.3177,27.3527,31.0371,0.0397,2
2026-08-31,COOK,750446,BENARBA,21.7587,28.2467,31.8735,0.0383,2
2026-08-31,WILLOUGHBY,752067,CUMBERLAND,18.1871,38.8559,40.2481,-0.3733,2
2026-08-31,MEBEA,752723,FINCH,29.361,47.2727,38.3692,0.0266,2
2026-08-31,DURABEBA,752687,FINCH,28.3288,46.5954,38.0034,0.0347,2
2026-08-31,QUEEGA,752742,FINCH,30.2764,48.2966,38.4611,0.052,4
2026-08-31,WAMMELL,752757,FINCH,30.3464,48.4347,38.1032,0.0457,4
2026-08-31,BUGGEE,752657,FINCH,27.8295,44.8498,37.9342,0.0299,2
2026-08-31,HOULAGHAN,751409,CLARENDON,52.4796,50.0642,59.4657,0.158,5
2026-08-31,WARRE WARRAL,751432,CLARENDON,55.8211,55.1788,63.3858,0.1525,5
2026-08-31,SPENCER,755257,NORTHUMBERLAND,22.2348,33.7949,41.6941,-0.3985,2
2026-08-31,MARRAMARRA,752040,CUMBERLAND,25.207,40.9384,45.6776,-0.3784,2
2026-08-31,FREDERICK,752029,CUMBERLAND,20.8351,33.169,42.2562,-0.3997,2
2026-08-31,TENTERFIELD,751540,CLIVE,4.1041,17.3549,7.7976,-0.0878,1
2026-08-31,STRATHEARN,751538,CLIVE,3.6461,11.9042,6.5773,-0.0652,1
2026-08-31,CONCORD,752023,CUMBERLAND,18.6788,43.6581,48.4094,-0.3616,2
2026-08-31,RUBY,751078,BULLER,11.6641,24.6646,15.0548,-0.0996,2
2026-08-31,WALLAYA,751292,CAMDEN,23.7836,31.7987,40.4029,-0.4288,2
2026-08-31,BROUGHTON,751254,CAMDEN,13.1669,24.2567,34.5859,-0.4492,2
2026-08-31,CAMBEWARRA,751264,CAMDEN,14.5924,26.8872,33.4981,-0.4864,2
2026-08-31,KILDARY,750845,BOURKE,73.8342,60.4136,66.1907,0.2159,5
2026-08-31,LANGI-KAL-KAL,750850,BOURKE,70.8469,57,66.0433,0.2085,5
2026-08-31,WARGIN,750630,BLAND,75.1164,63.3498,70.3837,0.2069,5
2026-08-31,MERINDA,756891,WELLINGTON,11.6692,20.4505,14.9194,0.0177,2
2026-08-31,WEROUERA,756921,WELLINGTON,10.2908,19.5779,13.5507,0.0121,2
2026-08-31,TUCKOMBIL,755745,ROUS,28.6941,68.6453,58.983,-0.0374,2
2026-08-31,PIMLICO,755731,ROUS,24.8917,66.3226,57.486,-0.0638,2
2026-08-31,TEVEN,755741,ROUS,33.3569,70.7763,58.8619,-0.0263,5
2026-08-31,MALMSBURY,750394,BATHURST,52.2067,47.0306,50.994,0.0517,4
2026-08-31,MOUNT PLEASANT,750397,BATHURST,52.7884,48.487,50.7955,0.0782,4
2026-08-31,KICKABIL,752585,EWENMAR,24.4724,35.2695,28.1226,0.1051,3
2026-08-31,EIRABAN,752576,EWENMAR,22.0731,35.1323,27.0974,0.0996,3
2026-08-31,CHALMERS,752453,DURHAM,14.7554,19.6237,11.4931,-0.5324,2
2026-08-31,BELLTREES,752446,DURHAM,4.6536,15.3524,9.112,-0.4514,1
2026-08-31,WUNGLEBONG,751543,CLIVE,6.8736,24.3185,14.9098,-0.0882,2
2026-08-31,SISTOVA,752396,DRAKE,7.3312,27.5183,20.1638,-0.0795,2
2026-08-31,MACLEAN,751528,CLIVE,8.1966,28.1588,21.0926,-0.0891,2
2026-08-31,ST MATTHEW,752061,CUMBERLAND,27.416,48.9767,62.2437,-0.3582,2
2026-08-31,NELSON,752047,CUMBERLAND,21.8554,39.3369,49.9826,-0.375,2
2026-08-31,BOHNOCK,753149,GLOUCESTER,7.1499,21.5568,18.1263,-0.6143,2
2026-08-31,TINONEE,753202,GLOUCESTER,9.1446,26.9299,21.4685,-0.613,2
2026-08-31,KURRAJONG,751649,COOK,19.9265,44.195,53.2058,-0.3419,2
2026-08-31,CURRENCY,751637,COOK,19.5171,42.9523,51.9176,-0.3752,2
2026-08-31,WATTAMOLLA,752065,CUMBERLAND,26.2447,42.1801,38.4809,-0.347,2
2026-08-31,MOONEE,752834,FITZROY,15.581,51.75,48.7169,-0.1929,2
2026-08-31,SUTHERLAND,752064,CUMBERLAND,27.2886,43.8763,41.4842,-0.3375,2
2026-08-31,COFF,752817,FITZROY,12.5853,54.2139,51.4361,-0.2495,2
2026-08-31,HEATHCOTE,752033,CUMBERLAND,24.3583,43.5304,45.5553,-0.3599,2
2026-08-31,BULGO,752018,CUMBERLAND,26.1359,43.8897,42.8684,-0.3478,2
2026-08-31,BELFORD,755209,NORTHUMBERLAND,6.295,22.44,21.6964,-0.4535,2
2026-08-31,BRANXTON,755211,NORTHUMBERLAND,5.8192,23.1205,18.9548,-0.4924,2
2026-08-31,HUNTERS HILL,752035,CUMBERLAND,15.9541,43.0549,47.3573,-0.3771,2
2026-08-31,NELANGLO,754132,KING,39.5979,49.5449,62.0623,0.0052,4
2026-08-31,GUNDAROO,754883,MURRAY,38.0171,49.9568,62.9417,-0.0119,4
2026-08-31,BERRIMA,751252,CAMDEN,34.0275,48.7614,63.161,-0.4016,5
2026-08-31,MITTAGONG,751282,CAMDEN,27.8558,44.5653,56.0291,-0.4068,2
2026-08-31,WALLARAH,755266,NORTHUMBERLAND,22.6244,22.4021,24.746,-0.3922,2
2026-08-31,OSBORNE,750402,BATHURST,57.1595,54.0612,77.8451,0.0443,5
2026-08-31,CROOBYAR,755926,ST VINCENT,4.8986,13.7851,24.1964,-0.5377,1
2026-08-31,NEVILLE,750399,BATHURST,49.8695,49.6003,78.1457,0.0493,5
2026-08-31,THURROWA,756446,URANA,48.1992,52.9726,51.6297,0.1507,4
2026-08-31,COLOMBO,756407,URANA,47.9706,50.7068,52.3307,0.1385,4
2026-08-31,ORMONDE,754008,KENNEDY,45.116,64.0588,52.5108,0.1705,4
2026-08-31,OSSORY,754009,KENNEDY,45.3798,65.2682,52.5545,0.1519,4
2026-08-31,SOUTH BALLINA,755626,RICHMOND,25.0001,65.9886,57.9712,-0.074,2
2026-08-31,WOLGAN,751666,COOK,17.1404,42.743,36.988,-0.1652,2
2026-08-31,CULLEN BULLEN,755769,ROXBURGH,27.5326,39.3837,43.6727,-0.1074,2
2026-08-31,LISMORE,755718,ROUS,36.0042,71.0022,63.3871,-0.02,5
2026-08-31,LUPTON,750851,BOURKE,62.2576,52.5256,63.0507,0.0747,5
2026-08-31,GRONG GRONG,751705,COOPER,58.9288,50.9331,63.4698,0.0758,5
2026-08-31,MULLUMBIMBY,755722,ROUS,29.3265,65.0173,55.9893,0.0012,3
2026-08-31,BEN BULLEN,755759,ROXBURGH,22.8082,35.8196,38.6567,-0.1311,2
2026-08-31,GOOLLOOINBOIN,751640,COOK,10.6699,33.1424,28.8283,-0.1339,2
2026-08-31,CUMBLEGUBINBAH,755026,NARRAN,43.1311,54.7609,45.9542,0.0838,5
2026-08-31,IMBERGEE,752711,FINCH,36.6805,52.8997,39.6,0.0697,4
2026-08-31,MARRANGAROO,751655,COOK,21.648,40.3245,41.4184,-0.2219,2
2026-08-31,MONGOGARIE,755618,RICHMOND,21.6086,52.6984,51.8456,-0.063,2
2026-08-31,COOMBELL,755606,RICHMOND,21.6482,60.0148,55.6757,-0.0629,2
2026-08-31,FRAZER,751513,CLIVE,2.5949,8.2584,5.6677,-0.0538,1
2026-08-31,HILLCREST,751521,CLIVE,3.0657,10.1056,6.7616,-0.0588,1
2026-08-31,WOODSIDE,751542,CLIVE,2.7164,8.4423,6.2515,-0.047,1
2026-08-31,BIRBEN,752647,FINCH,37.8463,51.8611,43.5972,0.0602,5
2026-08-31,BARTON,750131,ASHBURNHAM,48.6735,37.9074,48.0153,0.0913,4
2026-08-31,BORENORE,756869,WELLINGTON,43.9805,33.6788,46.1701,0.0784,4
2026-08-31,CORAKI,755699,ROUS,24.6358,67.8927,59.2559,-0.0723,2
2026-08-31,WEST CORAKI,755631,RICHMOND,23.437,67.6566,60.1833,-0.0648,2
2026-08-31,ELPHINSTONE,752690,FINCH,44.0123,54.2211,46.5644,0.0756,5
2026-08-31,MAGGARIE,752721,FINCH,45.2832,53.4306,45.5347,0.0817,5
2026-08-31,DANGAR,750923,BRISBANE,6.1799,16.998,18.6953,-0.0805,2
2026-08-31,BAERAMI,753768,HUNTER,6.0318,17.5176,19.0181,-0.0829,2
2026-08-31,NORTH LISMORE,755729,ROUS,45.6782,74.9963,68.6242,-0.0101,5
2026-08-31,BEXHILL,755686,ROUS,42.7166,73.3142,65.9204,-0.016,5
2026-08-31,ALEXANDRIA,752011,CUMBERLAND,22.2408,36.2292,32.9666,-0.3583,2
2026-08-31,CAMDEN,751265,CAMDEN,41.2644,38.0134,52.0224,-0.3087,5
2026-08-31,NARELLAN,752045,CUMBERLAND,39.6372,39.2771,52.6619,-0.2794,5
2026-08-31,VERULAM,753209,GLOUCESTER,4.885,10.679,14.7646,-0.5865,1
2026-08-31,AVON,753140,GLOUCESTER,3.2722,7.2961,10.0566,-0.6124,1
2026-08-31,BILLINUDGEL,755687,ROUS,34.0345,67.2721,56.3802,-0.0159,4
2026-08-31,BRUNSWICK,755692,ROUS,35.3738,69.9258,57.8102,-0.0233,5
2026-08-31,TARARIE,751228,CAIRA,90.4223,80.5486,74.2831,0.2441,5
2026-08-31,WINDOMAL,751242,CAIRA,90.8491,81.9995,74.8225,0.251,5
2026-08-31,WHITTINGHAM,755269,NORTHUMBERLAND,5.6882,21.2379,21.1128,-0.3826,2
2026-08-31,DARLINGTON,752455,DURHAM,2.3223,15.7616,13.0726,-0.3481,1
2026-08-31,CORANG,755925,ST VINCENT,33.2513,49.1842,60.3519,-0.4322,5
2026-08-31,WOG WOG,755970,ST VINCENT,30.7461,52.9395,58.4878,-0.4371,5
2026-08-31,FALCONER,755824,SANDON,6.8502,14.8433,12.8208,-0.1303,2
2026-08-31,ELDERBURY,753659,HARDINGE,6.3325,14.6242,11.2117,-0.1167,2
2026-08-31,QUEANBEYAN,754907,MURRAY,44.9736,65.3022,63.3375,0.0597,5
2026-08-31,GOOGONG,754881,MURRAY,50.845,66.0672,66.7625,0.0733,5
2026-08-31,MINORE,755114,NARROMINE,33.4562,42.7564,32.5846,0.1207,4
2026-08-31,BURRABADINE,755094,NARROMINE,34.4347,42.1271,31.6458,0.129,4
2026-08-31,ORANGE,756899,WELLINGTON,48.2163,37.9557,54.412,0.0767,4
2026-08-31,ORANGE,750401,BATHURST,51.862,40.3881,59.188,0.0843,4
2026-08-31,GEURIE,754313,LINCOLN,27.2765,32.9456,27.2495,0.0918,3
2026-08-31,MACQUARIE,754316,LINCOLN,26.4183,30.8189,25.9109,0.0917,3
2026-08-31,BILLABOO,753904,JAMISON,29.4036,46.4012,42.6276,0.0465,3
2026-08-31,LONG POINT,753940,JAMISON,30.2528,46.6473,42.5214,0.0569,4
2026-08-31,SEAHAM,752487,DURHAM,1.3792,5.9434,6.0557,-0.5815,1
2026-08-31,ALNWICK,755205,NORTHUMBERLAND,1.508,6.5817,6.288,-0.5857,1
2026-08-31,MUDGEE,756894,WELLINGTON,8.808,18.3071,12.4983,-0.0027,2
2026-08-31,HOLSWORTHY,752034,CUMBERLAND,29.4037,52.0062,58.5708,-0.3182,2
2026-08-31,BANKSTOWN,752013,CUMBERLAND,25.4573,49.5666,55.1773,-0.3344,2
2026-08-31,MUNNA,756897,WELLINGTON,8.9354,20.095,13.1485,0.0012,2
2026-08-31,NOWRA,755952,ST VINCENT,20.6381,33.2581,42.8827,-0.4171,2
2026-08-31,NUMBAA,755953,ST VINCENT,17.9411,25.3925,36.6744,-0.4452,2
2026-08-31,COOLANGATTA,751268,CAMDEN,14.3004,24.5436,35.2737,-0.4572,2
2026-08-31,PETERSHAM,752049,CUMBERLAND,21.3676,38.8617,42.7719,-0.3584,2
2026-08-31,ILLAROO,751273,CAMDEN,14.8905,27.5579,35.0561,-0.4711,2
2026-08-31,BUNBERRA,751258,CAMDEN,15.6303,26.3912,36.897,-0.4589,2
2026-08-31,BOOLAMBAYTE,753150,GLOUCESTER,2.2228,1.9956,3.5431,-0.5495,0
2026-08-31,BULAHDELAH,753154,GLOUCESTER,2.355,2.1756,3.6367,-0.5617,0
2026-08-31,ASHBY,751356,CLARENCE,19.8643,55.0822,43.3601,-0.0733,2
2026-08-31,TALOUMBI,751388,CLARENCE,23.489,54.7852,44.9113,-0.0829,2
2026-08-31,GOORANGOOLA,752462,DURHAM,0.9297,11.8634,5.2157,-0.3073,1
2026-08-31,SHENSTONE,752489,DURHAM,0.8536,9.7977,3.3834,-0.3922,1
2026-08-31,DERALE,755427,PHILLIP,9.2614,20.3077,15.8019,-0.0198,2
2026-08-31,BROOMBEE,756870,WELLINGTON,9.4138,18.975,14.1937,-0.0139,2
2026-08-31,ARTHUR,755411,PHILLIP,8.7321,20.2002,15.9996,-0.0324,2
2026-08-31,TANNABUTTA,756906,WELLINGTON,8.8832,19.8218,14.3388,-0.0275,2
2026-08-31,MAROOTA,752039,CUMBERLAND,23.2862,36.7213,46.7789,-0.3886,2
2026-08-31,PITT TOWN,752050,CUMBERLAND,25.5901,45.3575,56.3214,-0.3729,2
2026-08-31,CARABOST,757221,WYNYARD,51.6349,56.3736,67.3566,0.1413,5
2026-08-31,CRAVEN,755860,SELWYN,52.2472,61.2744,72.204,0.1478,5
2026-08-31,HEDDON,755231,NORTHUMBERLAND,4.0021,20.8809,15.6362,-0.5375,1
2026-08-31,GOSFORTH,755228,NORTHUMBERLAND,3.2346,16.8717,13.459,-0.5289,1
2026-08-31,HARRINGTON,754415,MACQUARIE,8.2653,24.3816,25.1149,-0.6029,2
2026-08-31,OXLEY,754440,MACQUARIE,8.1145,24.6433,24.8209,-0.6075,2
2026-08-31,THORNSHOPE,755794,ROXBURGH,41.5808,49.8672,68.467,-0.1153,5
2026-08-31,LIDSDALE,751651,COOK,32.94,47.7931,50.3508,-0.1517,5
2026-08-31,WANDRAWANDIAN,755968,ST VINCENT,17.5687,27.3643,37.2971,-0.4628,2
2026-08-31,BHERWERRE,755907,ST VINCENT,19.9112,26.6049,37.5241,-0.4375,2
2026-08-31,CURRAMBENE,755928,ST VINCENT,20.2015,26.8545,38.0329,-0.4252,2
2026-08-31,JINDERBOINE,756702,WALLACE,56.17,75.0818,84.4717,-0.1272,5
2026-08-31,TOWNSEND,756727,WALLACE,63.8383,79.3466,85.3962,-0.0859,5
2026-08-31,TUGGERAH,755263,NORTHUMBERLAND,27.2974,33.9586,34.37,-0.3227,2
2026-08-31,MUNMORAH,755245,NORTHUMBERLAND,31.0354,41.6508,38.9869,-0.326,4
2026-08-31,MICKETYMULGA,754318,LINCOLN,24.4244,30.8896,26.0174,0.072,3
2026-08-31,WOOROOBOOMI,754332,LINCOLN,23.8653,31.0182,25.6057,0.0727,3
2026-08-31,CORONA,752677,FINCH,30.5545,46.75,37.4983,0.0975,4
2026-08-31,MANNING,752722,FINCH,28.4919,45.878,35.8553,0.0784,3
2026-08-31,WOODBURN,755972,ST VINCENT,4.9066,14.4121,23.6359,-0.5657,1
2026-08-31,WALKMINGA,756184,TARA,93.5375,95.1278,94.3867,0.1732,5
2026-08-31,CAL LAL,756151,TARA,93.357,96.6701,93.3098,0.204,5
2026-08-31,MOODANA,754005,KENNEDY,31.5519,62.7873,46.707,0.1413,4
2026-08-31,MOODANA SOUTH,754006,KENNEDY,32.0566,62.2132,51.6716,0.1504,4
2026-08-31,TARANGA,756181,TARA,93.9206,89.9969,91.5008,0.1377,5
2026-08-31,MOORNA,756168,TARA,94.1097,91.5524,91.0681,0.1102,5
2026-08-31,WANGUMMA,756186,TARA,93.9309,91.3168,92.5628,0.1409,5
2026-08-31,WARPA,756188,TARA,93.3847,92.2094,94.167,0.153,5
2026-08-31,BALLINA,755684,ROUS,27.3554,66.6239,57.5168,-0.0689,2
2026-08-31,GOL GOL,756946,WENTWORTH,92.6021,85.3517,82.2094,0.095,5
2026-08-31,MOIRA,751153,CADELL,69.2105,60.447,55.3738,0.1701,5
2026-08-31,CORNALLA,756271,TOWNSEND,60.1945,60.6646,51.1189,0.1563,5
2026-08-31,GULPA,751148,CADELL,64.76,60.2841,52.4121,0.1569,5
2026-08-31,KONGONG,752980,FRANKLIN,43.2512,42.0168,41.3024,0.1403,4
2026-08-31,GOOLAGUNNI,752974,FRANKLIN,44.0147,42.2756,41.3031,0.1483,4
2026-08-31,TERRY,752994,FRANKLIN,45.0167,43.3804,42.3699,0.1447,4
2026-08-31,BUNGOOKA,756261,TOWNSEND,57.6054,59.9888,49.3953,0.1624,4
2026-08-31,TAWARRA,756328,TOWNSEND,54.3969,58.5596,47.8611,0.1634,4
2026-08-31,NEILPO,756964,WENTWORTH,94.6708,92.0102,90.6676,0.1053,5
2026-08-31,NARRATOOLA,756306,TOWNSEND,54.4111,57.772,46.0782,0.1607,4
2026-08-31,WOPERANA,752304,DENISON,53.1087,53.4849,41.8722,0.1609,4
2026-08-31,WONNUE,756348,TOWNSEND,53.2244,54.4109,43.5534,0.1572,4
2026-08-31,BURKE,754543,MITCHELL,54.9078,59.182,66.3677,0.1176,5
2026-08-31,VINCENT,754568,MITCHELL,58.5895,64.3917,68.1017,0.1018,5
2026-08-31,TOCUMWAL,752296,DENISON,51.6822,49.5655,40.6009,0.1522,4
2026-08-31,BAROOGA,752274,DENISON,49.9779,46.822,38.6303,0.1393,4
2026-08-31,WENTWORTH,756994,WENTWORTH,94.4914,91.2154,89.1416,0.1017,5
2026-08-31,BUNGUNYAH,756518,WAKOOL,87.7528,77.6913,68.4161,0.1887,5
2026-08-31,MILLEU,756560,WAKOOL,88.3031,78.7153,71.7141,0.2271,5
2026-08-31,TOOLEYBUC,756584,WAKOOL,87.7681,78.0461,72.5403,0.2162,5
2026-08-31,BYMUE,756521,WAKOOL,87.6268,77.6777,69.2514,0.2015,5
2026-08-31,ULLADULLA,755967,ST VINCENT,9.1118,19.244,31.8213,-0.5563,2
2026-08-31,COTTADIDDA,752280,DENISON,50.632,46.0701,38.8429,0.1269,4
2026-08-31,MULWALA,752290,DENISON,51.2779,44.055,39.9463,0.099,4
2026-08-31,BOOMANOOMANA,752276,DENISON,51.6717,45.4758,39.7704,0.1087,4
2026-08-31,ST ANDREW,752055,CUMBERLAND,21.7177,37.9257,40.3859,-0.3611,2
2026-08-31,WALLAGARAUGH,750235,AUCKLAND,5.5506,4.6159,37.0999,-0.4129,1
2026-08-31,COX,754547,MITCHELL,57.2999,61.0272,68.1684,0.123,5
2026-08-31,NORTH WAGGA WAGGA,751422,CLARENDON,42.593,48.0733,61.0703,0.1171,4
2026-08-31,HOWE,750209,AUCKLAND,5.6743,12.136,40.4033,-0.4973,2
2026-08-31,GOBBAGOMBALIN,751407,CLARENDON,46.7581,49.2605,63.8113,0.1125,4
2026-08-31,BUCKLE,750199,AUCKLAND,5.0801,3.3508,36.9564,-0.3803,1
2026-08-31,MANGOPLAH,754557,MITCHELL,55.0143,58.026,66.2254,0.1332,5
2026-08-31,BUNGOWANNAH,753727,HUME,69.7829,68.9672,72.8529,0.2066,5
2026-08-31,WAALIMMA,750234,AUCKLAND,5.8128,4.8539,39.5892,-0.4003,1
2026-08-31,VICTORIA,750233,AUCKLAND,5.6416,13.0346,42.7971,-0.4564,2
2026-08-31,HOWLONG,753744,HUME,69.8338,67.3953,68.9435,0.1925,5
